complaint_id,hop_number,account_id,bank_ifsc,amount_at_this_hop,hop_timestamp,hop_city,is_final_hop,withdrawal_lat,withdrawal_lon,was_cash_withdrawn
CMP00001,1,ACC717902,TEST0006137,78700,2026-09-02 17:31:40.663215,Mumbai,False,,,
CMP00001,2,ACC249865,DEMO0005859,73400,2026-09-02 17:34:40.663215,Pune,False,,,
CMP00001,3,ACC881505,MOCK0005214,71500,2026-09-02 18:03:40.663215,Mumbai,False,,,
CMP00001,4,ACC205742,MOCK0009743,70000,2026-09-02 18:53:40.663215,Mumbai,False,,,
CMP00001,5,ACC209397,TEST0006561,67700,2026-09-02 20:18:40.663215,Mumbai,False,,,
CMP00001,6,ACC104282,SYNTH0008379,67700,2026-09-02 20:49:40.663215,Mumbai,True,19.093089,72.843551,True
CMP00002,1,ACC891775,FAKE0001828,48200,2026-08-24 02:14:29.663280,Delhi,False,,,
CMP00002,2,ACC230362,FAKE0001321,44600,2026-08-24 03:13:29.663280,Kolkata,False,,,
CMP00002,3,ACC347413,MOCK0002113,42500,2026-08-24 04:38:29.663280,Hyderabad,False,,,
CMP00002,4,ACC702059,SYNTH0002077,42500,2026-08-24 05:52:29.663280,Jaipur,True,26.90149,75.78456,True
CMP00003,1,ACC914504,MOCK0002467,91600,2026-08-08 10:43:09.663301,Mumbai,False,,,
CMP00003,2,ACC483010,TEST0006644,88500,2026-08-08 10:59:09.663301,Patna,False,,,
CMP00003,3,ACC277477,MOCK0008245,88500,2026-08-08 12:17:09.663301,Jaipur,True,26.947384,75.810416,False
CMP00004,1,ACC333886,DEMO0002531,193200,2026-08-14 10:21:34.663315,Mumbai,False,,,
CMP00004,2,ACC958038,FAKE0003953,185000,2026-08-14 11:07:34.663315,Kolkata,False,,,
CMP00004,3,ACC905533,DEMO0006385,177500,2026-08-14 11:22:34.663315,Lucknow,False,,,
CMP00004,4,ACC733727,DEMO0002873,169700,2026-08-14 11:32:34.663315,Ahmedabad,False,,,
CMP00004,5,ACC263306,SYNTH0004497,169700,2026-08-14 12:09:34.663315,Kolkata,True,22.596339,88.326778,False
CMP00005,1,ACC899462,MOCK0008567,42500,2026-08-30 09:14:16.663328,Mumbai,False,,,
CMP00005,2,ACC501974,TEST0005795,42000,2026-08-30 09:36:16.663328,Delhi,False,,,
CMP00005,3,ACC909188,DEMO0008676,42000,2026-08-30 10:33:16.663328,Lucknow,True,26.868758,80.934898,True
CMP00006,1,ACC218327,TEST0003025,42200,2026-08-10 09:54:09.663340,Hyderabad,False,,,
CMP00006,2,ACC242514,TEST0005723,40300,2026-08-10 10:55:09.663340,Hyderabad,False,,,
CMP00006,3,ACC444053,DEMO0005646,40300,2026-08-10 12:08:09.663340,Mumbai,True,19.07976,72.886824,True
CMP00007,1,ACC145240,MOCK0003639,206500,2026-08-07 16:34:10.663352,Delhi,False,,,
CMP00007,2,ACC700067,SYNTH0005231,202300,2026-08-07 16:53:10.663352,Mumbai,False,,,
CMP00007,3,ACC728471,FAKE0005644,186600,2026-08-07 17:18:10.663352,Patna,False,,,
CMP00007,4,ACC735988,DEMO0003794,171800,2026-08-07 17:30:10.663352,Delhi,False,,,
CMP00007,5,ACC933215,SYNTH0009369,163100,2026-08-07 18:00:10.663352,Hyderabad,False,,,
CMP00007,6,ACC818894,DEMO0002127,157600,2026-08-07 18:35:10.663352,Delhi,False,,,
CMP00007,7,ACC238635,SYNTH0009564,157600,2026-08-07 19:06:10.663352,Delhi,True,28.61276,77.215083,True
CMP00008,1,ACC181588,MOCK0003369,99200,2026-08-14 14:00:29.663363,Hyderabad,False,,,
CMP00008,2,ACC114875,DEMO0003416,99200,2026-08-14 14:43:29.663363,Jaipur,True,26.883147,75.74225,True
CMP00009,1,ACC816400,TEST0004517,35400,2026-08-06 07:53:23.663375,Lucknow,False,,,
CMP00009,2,ACC567676,FAKE0005026,32900,2026-08-06 08:18:23.663375,Patna,False,,,
CMP00009,3,ACC532005,DEMO0001999,30500,2026-08-06 09:42:23.663375,Patna,False,,,
CMP00009,4,ACC243902,MOCK0005082,29300,2026-08-06 09:55:23.663375,Patna,False,,,
CMP00009,5,ACC933456,DEMO0006883,29000,2026-08-06 11:17:23.663375,Ahmedabad,False,,,
CMP00009,6,ACC460745,MOCK0006269,26900,2026-08-06 12:20:23.663375,Kolkata,False,,,
CMP00009,7,ACC127329,SYNTH0001480,26900,2026-08-06 13:11:23.663375,Patna,True,25.559617,85.119327,True
CMP00010,1,ACC858068,SYNTH0009735,83400,2026-08-27 04:28:03.663386,Delhi,False,,,
CMP00010,2,ACC710939,TEST0002634,77600,2026-08-27 05:52:03.663386,Ahmedabad,False,,,
CMP00010,3,ACC108363,MOCK0008299,71400,2026-08-27 06:25:03.663386,Delhi,False,,,
CMP00010,4,ACC281757,DEMO0001710,70100,2026-08-27 06:43:03.663386,Delhi,False,,,
CMP00010,5,ACC992994,SYNTH0005703,66900,2026-08-27 07:46:03.663386,Delhi,False,,,
CMP00010,6,ACC488543,MOCK0003161,66900,2026-08-27 09:08:03.663386,Patna,True,25.593461,85.093373,True
CMP00011,1,ACC800901,TEST0007468,34400,2026-08-21 11:14:26.663398,Hyderabad,False,,,
CMP00011,2,ACC340355,DEMO0004915,34000,2026-08-21 11:49:26.663398,Jaipur,False,,,
CMP00011,3,ACC150083,TEST0009769,31400,2026-08-21 12:41:26.663398,Jaipur,False,,,
CMP00011,4,ACC626124,TEST0001838,31400,2026-08-21 13:52:26.663398,Delhi,True,28.587558,77.182305,False
CMP00012,1,ACC142753,SYNTH0005485,36000,2026-08-18 13:54:23.663410,Hyderabad,False,,,
CMP00012,2,ACC357269,DEMO0004538,33400,2026-08-18 13:59:23.663410,Pune,False,,,
CMP00012,3,ACC355517,MOCK0008917,30800,2026-08-18 14:19:23.663410,Hyderabad,False,,,
CMP00012,4,ACC678002,SYNTH0007755,30800,2026-08-18 15:17:23.663410,Hyderabad,True,17.359604,78.488242,False
CMP00013,1,ACC414678,TEST0008947,62900,2026-08-16 11:41:12.663422,Hyderabad,False,,,
CMP00013,2,ACC726882,DEMO0005840,60700,2026-08-16 12:45:12.663422,Patna,False,,,
CMP00013,3,ACC891634,DEMO0008326,56800,2026-08-16 12:59:12.663422,Mumbai,False,,,
CMP00013,4,ACC545503,DEMO0006224,55800,2026-08-16 13:42:12.663422,Mumbai,False,,,
CMP00013,5,ACC830824,SYNTH0008925,53700,2026-08-16 15:08:12.663422,Mumbai,False,,,
CMP00013,6,ACC130369,MOCK0004524,52100,2026-08-16 16:12:12.663422,Pune,False,,,
CMP00013,7,ACC909289,TEST0007737,52100,2026-08-16 17:06:12.663422,Mumbai,True,19.094834,72.887229,True
CMP00014,1,ACC665680,MOCK0009604,14500,2026-08-18 05:09:48.663432,Delhi,False,,,
CMP00014,2,ACC115664,SYNTH0002509,14500,2026-08-18 05:32:48.663432,Jaipur,True,26.949717,75.780522,True
CMP00015,1,ACC939664,TEST0005077,14200,2026-09-01 19:31:38.663443,Pune,False,,,
CMP00015,2,ACC149168,DEMO0001044,13400,2026-09-01 20:50:38.663443,Patna,False,,,
CMP00015,3,ACC716386,FAKE0006103,13000,2026-09-01 20:58:38.663443,Pune,False,,,
CMP00015,4,ACC665786,FAKE0005073,12600,2026-09-01 21:40:38.663443,Mumbai,False,,,
CMP00015,5,ACC256878,MOCK0001395,12600,2026-09-01 22:59:38.663443,Ahmedabad,True,23.014483,72.61628,True
CMP00016,1,ACC701363,TEST0003202,31400,2026-08-28 21:18:04.663454,Kolkata,False,,,
CMP00016,2,ACC227153,DEMO0001692,30600,2026-08-28 22:42:04.663454,Jaipur,False,,,
CMP00016,3,ACC656918,MOCK0002655,30600,2026-08-28 23:57:04.663454,Kolkata,True,22.573162,88.377578,True
CMP00017,1,ACC496119,SYNTH0005107,22500,2026-08-08 02:49:36.663470,Mumbai,False,,,
CMP00017,2,ACC686179,DEMO0004109,21800,2026-08-08 02:56:36.663470,Kolkata,False,,,
CMP00017,3,ACC464552,DEMO0005510,21100,2026-08-08 04:10:36.663470,Mumbai,False,,,
CMP00017,4,ACC268132,SYNTH0008362,20800,2026-08-08 05:28:36.663470,Ahmedabad,False,,,
CMP00017,5,ACC484945,MOCK0007210,19900,2026-08-08 06:07:36.663470,Ahmedabad,False,,,
CMP00017,6,ACC913712,TEST0002037,18800,2026-08-08 06:32:36.663470,Lucknow,False,,,
CMP00017,7,ACC299092,DEMO0003525,18800,2026-08-08 07:58:36.663470,Patna,True,25.588576,85.138272,True
CMP00018,1,ACC290065,TEST0001082,67700,2026-08-17 09:19:55.663481,Lucknow,False,,,
CMP00018,2,ACC920039,SYNTH0005501,65100,2026-08-17 10:13:55.663481,Ahmedabad,False,,,
CMP00018,3,ACC201866,FAKE0006318,63400,2026-08-17 10:49:55.663481,Jaipur,False,,,
CMP00018,4,ACC401813,MOCK0008547,63400,2026-08-17 11:19:55.663481,Ahmedabad,True,23.020433,72.568356,False
CMP00019,1,ACC999038,FAKE0004368,24700,2026-08-31 13:29:47.663492,Bengaluru,False,,,
CMP00019,2,ACC113034,MOCK0005243,24700,2026-08-31 13:56:47.663492,Mumbai,True,19.098172,72.867181,True
CMP00020,1,ACC507759,TEST0007241,15800,2026-08-20 20:34:21.663503,Delhi,False,,,
CMP00020,2,ACC544740,TEST0006705,15500,2026-08-20 20:38:21.663503,Kolkata,False,,,
CMP00020,3,ACC372482,SYNTH0004590,14800,2026-08-20 21:09:21.663503,Hyderabad,False,,,
CMP00020,4,ACC949495,FAKE0007249,14400,2026-08-20 22:25:21.663503,Ahmedabad,False,,,
CMP00020,5,ACC339683,SYNTH0002513,14200,2026-08-20 23:13:21.663503,Hyderabad,False,,,
CMP00020,6,ACC362554,TEST0008423,14000,2026-08-21 00:33:21.663503,Delhi,False,,,
CMP00020,7,ACC557067,SYNTH0004753,14000,2026-08-21 00:54:21.663503,Hyderabad,True,17.400868,78.514442,True
CMP00021,1,ACC113847,DEMO0002913,186500,2026-08-30 00:06:32.663515,Delhi,False,,,
CMP00021,2,ACC823369,FAKE0008645,186500,2026-08-30 00:38:32.663515,Hyderabad,True,17.389743,78.47015,True
CMP00022,1,ACC366640,MOCK0003644,44200,2026-08-12 22:37:22.663526,Bengaluru,False,,,
CMP00022,2,ACC196789,DEMO0007515,41800,2026-08-12 22:40:22.663526,Pune,False,,,
CMP00022,3,ACC643725,DEMO0003716,38700,2026-08-12 23:57:22.663526,Mumbai,False,,,
CMP00022,4,ACC416900,MOCK0007271,38700,2026-08-13 00:53:22.663526,Pune,True,18.551092,73.826459,True
CMP00023,1,ACC980673,DEMO0009029,55800,2026-08-16 23:39:31.663537,Hyderabad,False,,,
CMP00023,2,ACC685005,TEST0003916,51700,2026-08-17 01:09:31.663537,Mumbai,False,,,
CMP00023,3,ACC908184,DEMO0004502,51700,2026-08-17 01:14:31.663537,Kolkata,True,22.615774,88.353909,True
CMP00024,1,ACC912965,FAKE0001497,15500,2026-08-21 22:36:56.663549,Delhi,False,,,
CMP00024,2,ACC894357,MOCK0002328,15500,2026-08-21 22:48:56.663549,Hyderabad,True,17.369706,78.485774,False
CMP00025,1,ACC114210,FAKE0004600,32100,2026-08-26 15:35:35.663560,Bengaluru,False,,,
CMP00025,2,ACC793211,TEST0007542,32100,2026-08-26 16:26:35.663560,Ahmedabad,True,23.023998,72.578334,True
CMP00026,1,ACC597619,SYNTH0007985,58900,2026-08-26 23:17:23.663571,Ahmedabad,False,,,
CMP00026,2,ACC183784,SYNTH0003160,55000,2026-08-27 00:21:23.663571,Pune,False,,,
CMP00026,3,ACC582745,MOCK0009690,50800,2026-08-27 01:19:23.663571,Delhi,False,,,
CMP00026,4,ACC540775,SYNTH0006058,49000,2026-08-27 02:29:23.663571,Ahmedabad,False,,,
CMP00026,5,ACC196149,DEMO0006387,49000,2026-08-27 02:56:23.663571,Hyderabad,True,17.390241,78.474409,True
CMP00027,1,ACC319226,TEST0008550,20200,2026-08-21 19:27:19.663583,Lucknow,False,,,
CMP00027,2,ACC748697,FAKE0004345,19800,2026-08-21 19:36:19.663583,Hyderabad,False,,,
CMP00027,3,ACC975295,SYNTH0002036,18700,2026-08-21 20:24:19.663583,Pune,False,,,
CMP00027,4,ACC279699,MOCK0003868,18000,2026-08-21 20:46:19.663583,Delhi,False,,,
CMP00027,5,ACC213796,SYNTH0004469,17700,2026-08-21 22:15:19.663583,Patna,False,,,
CMP00027,6,ACC213707,SYNTH0005360,17000,2026-08-21 22:26:19.663583,Lucknow,False,,,
CMP00027,7,ACC720424,MOCK0006407,17000,2026-08-21 23:34:19.663583,Ahmedabad,True,23.02558,72.585187,False
CMP00028,1,ACC930045,SYNTH0001819,71300,2026-08-19 03:58:02.663598,Hyderabad,False,,,
CMP00028,2,ACC755833,DEMO0004232,67900,2026-08-19 04:10:02.663598,Hyderabad,False,,,
CMP00028,3,ACC592002,MOCK0002003,65900,2026-08-19 05:15:02.663598,Bengaluru,False,,,
CMP00028,4,ACC106620,SYNTH0005313,64900,2026-08-19 06:13:02.663598,Hyderabad,False,,,
CMP00028,5,ACC833968,FAKE0004083,63700,2026-08-19 06:33:02.663598,Pune,False,,,
CMP00028,6,ACC270313,MOCK0005861,61300,2026-08-19 06:58:02.663598,Pune,False,,,
CMP00028,7,ACC771712,DEMO0005111,61300,2026-08-19 08:16:02.663598,Hyderabad,True,17.397118,78.465541,True
CMP00029,1,ACC376659,MOCK0008536,31200,2026-09-02 08:53:04.663609,Kolkata,False,,,
CMP00029,2,ACC492435,FAKE0004043,29400,2026-09-02 09:45:04.663609,Delhi,False,,,
CMP00029,3,ACC988736,FAKE0009881,29400,2026-09-02 10:18:04.663609,Kolkata,True,22.585117,88.365144,True
CMP00030,1,ACC343060,SYNTH0001831,40100,2026-08-21 22:45:36.663620,Lucknow,False,,,
CMP00030,2,ACC177775,MOCK0002369,40100,2026-08-21 23:52:36.663620,Ahmedabad,True,23.006934,72.576265,True
CMP00031,1,ACC783176,MOCK0002349,32200,2026-08-07 09:44:17.663630,Jaipur,False,,,
CMP00031,2,ACC910883,FAKE0002072,30700,2026-08-07 09:58:17.663630,Hyderabad,False,,,
CMP00031,3,ACC818699,FAKE0004368,29500,2026-08-07 10:26:17.663630,Pune,False,,,
CMP00031,4,ACC777968,FAKE0003519,27500,2026-08-07 11:36:17.663630,Patna,False,,,
CMP00031,5,ACC139726,FAKE0003916,27100,2026-08-07 11:41:17.663630,Lucknow,False,,,
CMP00031,6,ACC371212,DEMO0007626,27100,2026-08-07 12:15:17.663630,Pune,True,18.5314,73.844149,True
CMP00032,1,ACC564053,FAKE0003897,254300,2026-08-10 16:46:15.663642,Patna,False,,,
CMP00032,2,ACC840356,DEMO0003203,254300,2026-08-10 17:59:15.663642,Jaipur,True,26.928368,75.758725,True
CMP00033,1,ACC722246,MOCK0005046,52300,2026-08-28 00:12:36.663653,Jaipur,False,,,
CMP00033,2,ACC792837,FAKE0003468,50000,2026-08-28 01:23:36.663653,Jaipur,False,,,
CMP00033,3,ACC829736,DEMO0009746,46200,2026-08-28 02:15:36.663653,Patna,False,,,
CMP00033,4,ACC702665,SYNTH0006303,43100,2026-08-28 03:06:36.663653,Jaipur,False,,,
CMP00033,5,ACC746701,MOCK0003662,43100,2026-08-28 04:05:36.663653,Patna,True,25.580337,85.107082,True
CMP00034,1,ACC703396,MOCK0004631,21900,2026-08-22 23:04:32.663666,Bengaluru,False,,,
CMP00034,2,ACC655473,TEST0002674,20700,2026-08-23 00:34:32.663666,Bengaluru,False,,,
CMP00034,3,ACC211369,DEMO0007049,19700,2026-08-23 01:04:32.663666,Ahmedabad,False,,,
CMP00034,4,ACC777192,TEST0007328,19700,2026-08-23 01:52:32.663666,Bengaluru,True,12.943007,77.597314,True
CMP00035,1,ACC957103,MOCK0004004,106300,2026-08-22 04:12:04.663677,Kolkata,False,,,
CMP00035,2,ACC756805,DEMO0003336,98900,2026-08-22 05:09:04.663677,Patna,False,,,
CMP00035,3,ACC649969,TEST0001660,92200,2026-08-22 06:30:04.663677,Kolkata,False,,,
CMP00035,4,ACC681467,MOCK0008330,92200,2026-08-22 06:46:04.663677,Kolkata,True,22.55489,88.326057,True
CMP00036,1,ACC538967,DEMO0004860,18000,2026-08-06 13:51:08.663688,Ahmedabad,False,,,
CMP00036,2,ACC513982,FAKE0009226,16700,2026-08-06 14:53:08.663688,Lucknow,False,,,
CMP00036,3,ACC226124,DEMO0003832,15400,2026-08-06 16:08:08.663688,Bengaluru,False,,,
CMP00036,4,ACC232315,FAKE0008133,15200,2026-08-06 16:31:08.663688,Hyderabad,False,,,
CMP00036,5,ACC974625,TEST0002097,14400,2026-08-06 16:58:08.663688,Bengaluru,False,,,
CMP00036,6,ACC516656,TEST0009514,14400,2026-08-06 17:11:08.663688,Lucknow,True,26.861298,80.937218,True
CMP00037,1,ACC793618,FAKE0009955,62700,2026-08-24 07:12:25.663699,Pune,False,,,
CMP00037,2,ACC661097,FAKE0008393,62700,2026-08-24 08:05:25.663699,Pune,True,18.549728,73.865941,True
CMP00038,1,ACC309794,TEST0002347,14200,2026-08-10 22:53:47.663710,Kolkata,False,,,
CMP00038,2,ACC641448,SYNTH0007722,13300,2026-08-10 23:09:47.663710,Kolkata,False,,,
CMP00038,3,ACC373342,MOCK0006367,13000,2026-08-10 23:51:47.663710,Bengaluru,False,,,
CMP00038,4,ACC534631,DEMO0007182,12500,2026-08-11 00:29:47.663710,Kolkata,False,,,
CMP00038,5,ACC124085,MOCK0004747,11600,2026-08-11 01:44:47.663710,Kolkata,False,,,
CMP00038,6,ACC374499,SYNTH0001815,10900,2026-08-11 01:57:47.663710,Hyderabad,False,,,
CMP00038,7,ACC256501,TEST0003787,10900,2026-08-11 02:50:47.663710,Pune,True,18.512961,73.891093,True
CMP00039,1,ACC461172,FAKE0001137,16400,2026-08-29 14:11:01.663721,Pune,False,,,
CMP00039,2,ACC749860,MOCK0003285,16100,2026-08-29 14:50:01.663721,Delhi,False,,,
CMP00039,3,ACC675617,DEMO0002137,15800,2026-08-29 16:02:01.663721,Bengaluru,False,,,
CMP00039,4,ACC762224,TEST0001293,15800,2026-08-29 17:24:01.663721,Delhi,True,28.593021,77.261238,False
CMP00040,1,ACC571955,FAKE0001934,63200,2026-08-14 11:11:55.663732,Bengaluru,False,,,
CMP00040,2,ACC108328,FAKE0005762,63200,2026-08-14 11:44:55.663732,Ahmedabad,True,23.033423,72.601166,True
CMP00041,1,ACC852204,TEST0005217,100300,2026-08-16 05:58:51.663743,Mumbai,False,,,
CMP00041,2,ACC666693,MOCK0004845,94300,2026-08-16 06:02:51.663743,Lucknow,False,,,
CMP00041,3,ACC631562,MOCK0002268,90400,2026-08-16 06:48:51.663743,Mumbai,False,,,
CMP00041,4,ACC698071,DEMO0002169,87100,2026-08-16 07:20:51.663743,Mumbai,False,,,
CMP00041,5,ACC396835,TEST0006902,85400,2026-08-16 08:44:51.663743,Mumbai,False,,,
CMP00041,6,ACC593549,TEST0001510,85400,2026-08-16 09:28:51.663743,Lucknow,True,26.858974,80.964572,False
CMP00042,1,ACC310105,SYNTH0002120,60100,2026-08-12 05:00:59.663753,Ahmedabad,False,,,
CMP00042,2,ACC598833,DEMO0006425,56600,2026-08-12 05:45:59.663753,Ahmedabad,False,,,
CMP00042,3,ACC746030,TEST0003658,54800,2026-08-12 07:01:59.663753,Jaipur,False,,,
CMP00042,4,ACC620021,FAKE0004654,53400,2026-08-12 07:16:59.663753,Delhi,False,,,
CMP00042,5,ACC754227,DEMO0006431,53400,2026-08-12 08:46:59.663753,Ahmedabad,True,23.00454,72.593773,True
CMP00043,1,ACC266316,FAKE0009534,47200,2026-08-08 02:29:45.663764,Lucknow,False,,,
CMP00043,2,ACC769536,TEST0001853,45700,2026-08-08 02:46:45.663764,Pune,False,,,
CMP00043,3,ACC218414,DEMO0006316,44500,2026-08-08 04:13:45.663764,Pune,False,,,
CMP00043,4,ACC389511,DEMO0004982,42200,2026-08-08 04:16:45.663764,Pune,False,,,
CMP00043,5,ACC821846,TEST0002466,42200,2026-08-08 04:19:45.663764,Kolkata,True,22.57251,88.334941,True
CMP00044,1,ACC547798,TEST0005254,40400,2026-08-08 21:00:06.663775,Jaipur,False,,,
CMP00044,2,ACC236014,DEMO0009514,40400,2026-08-08 22:09:06.663775,Lucknow,True,26.84765,80.949201,True
CMP00045,1,ACC524067,SYNTH0001879,15100,2026-08-29 12:51:59.663786,Pune,False,,,
CMP00045,2,ACC244649,FAKE0003281,14700,2026-08-29 13:05:59.663786,Jaipur,False,,,
CMP00045,3,ACC259601,SYNTH0009410,13600,2026-08-29 14:16:59.663786,Ahmedabad,False,,,
CMP00045,4,ACC101183,DEMO0003305,13600,2026-08-29 15:15:59.663786,Pune,True,18.545083,73.854801,True
CMP00046,1,ACC583887,DEMO0006836,28800,2026-08-27 05:34:01.663797,Lucknow,False,,,
CMP00046,2,ACC299559,TEST0008722,27800,2026-08-27 06:43:01.663797,Patna,False,,,
CMP00046,3,ACC945324,MOCK0004578,27800,2026-08-27 06:45:01.663797,Patna,True,25.580998,85.141409,True
CMP00047,1,ACC883438,TEST0001348,36700,2026-08-22 03:51:49.663807,Delhi,False,,,
CMP00047,2,ACC514708,FAKE0009508,35200,2026-08-22 04:36:49.663807,Delhi,False,,,
CMP00047,3,ACC882597,FAKE0001690,34500,2026-08-22 06:06:49.663807,Delhi,False,,,
CMP00047,4,ACC645528,TEST0007399,32000,2026-08-22 06:32:49.663807,Mumbai,False,,,
CMP00047,5,ACC899786,SYNTH0008465,31600,2026-08-22 07:24:49.663807,Bengaluru,False,,,
CMP00047,6,ACC881358,SYNTH0004581,31600,2026-08-22 07:35:49.663807,Delhi,True,28.66143,77.207483,True
CMP00048,1,ACC192744,TEST0007791,133700,2026-08-10 06:14:31.663819,Patna,False,,,
CMP00048,2,ACC308936,DEMO0005742,130600,2026-08-10 06:38:31.663819,Hyderabad,False,,,
CMP00048,3,ACC975126,DEMO0008593,123900,2026-08-10 07:50:31.663819,Jaipur,False,,,
CMP00048,4,ACC102565,TEST0008742,123900,2026-08-10 08:20:31.663819,Bengaluru,True,13.023809,77.59111,True
CMP00049,1,ACC537420,SYNTH0001466,72000,2026-08-10 07:30:50.663830,Jaipur,False,,,
CMP00049,2,ACC169966,TEST0008872,72000,2026-08-10 07:47:50.663830,Kolkata,True,22.600305,88.337902,True
CMP00050,1,ACC343889,DEMO0003525,14400,2026-08-27 12:56:48.663843,Patna,False,,,
CMP00050,2,ACC966824,TEST0003947,13600,2026-08-27 14:20:48.663843,Hyderabad,False,,,
CMP00050,3,ACC179689,TEST0009427,13100,2026-08-27 14:27:48.663843,Hyderabad,False,,,
CMP00050,4,ACC456140,SYNTH0002752,13100,2026-08-27 14:32:48.663843,Ahmedabad,True,22.96153,72.568043,True
CMP00051,1,ACC251631,FAKE0007874,70800,2026-08-08 18:34:43.663863,Hyderabad,False,,,
CMP00051,2,ACC905967,TEST0003960,65300,2026-08-08 19:15:43.663863,Bengaluru,False,,,
CMP00051,3,ACC103704,TEST0001200,61800,2026-08-08 19:32:43.663863,Pune,False,,,
CMP00051,4,ACC669902,MOCK0009084,57700,2026-08-08 20:32:43.663863,Kolkata,False,,,
CMP00051,5,ACC791505,DEMO0008239,55200,2026-08-08 21:04:43.663863,Bengaluru,False,,,
CMP00051,6,ACC356600,TEST0004401,55200,2026-08-08 21:16:43.663863,Delhi,True,28.626971,77.194657,False
CMP00052,1,ACC871740,SYNTH0005877,36900,2026-08-05 20:13:47.663874,Bengaluru,False,,,
CMP00052,2,ACC465509,FAKE0008193,34300,2026-08-05 20:19:47.663874,Delhi,False,,,
CMP00052,3,ACC320073,MOCK0006744,32000,2026-08-05 20:36:47.663874,Pune,False,,,
CMP00052,4,ACC746081,SYNTH0004390,31400,2026-08-05 21:56:47.663874,Hyderabad,False,,,
CMP00052,5,ACC394739,SYNTH0006302,29800,2026-08-05 22:05:47.663874,Ahmedabad,False,,,
CMP00052,6,ACC380329,MOCK0002560,29800,2026-08-05 22:44:47.663874,Delhi,True,28.638508,77.20365,False
CMP00053,1,ACC800420,MOCK0008098,29300,2026-09-02 23:02:31.663885,Patna,False,,,
CMP00053,2,ACC736907,DEMO0008978,28000,2026-09-03 00:25:31.663885,Patna,False,,,
CMP00053,3,ACC260281,FAKE0004436,26600,2026-09-03 00:44:31.663885,Jaipur,False,,,
CMP00053,4,ACC383431,TEST0006206,25400,2026-09-03 01:32:31.663885,Patna,False,,,
CMP00053,5,ACC890113,DEMO0005901,23800,2026-09-03 01:39:31.663885,Jaipur,False,,,
CMP00053,6,ACC700872,SYNTH0005115,23000,2026-09-03 02:46:31.663885,Delhi,False,,,
CMP00053,7,ACC453141,MOCK0001739,23000,2026-09-03 04:14:31.663885,Patna,True,25.580705,85.094916,True
CMP00054,1,ACC542412,DEMO0001173,85500,2026-08-19 23:51:15.663897,Mumbai,False,,,
CMP00054,2,ACC506582,TEST0008020,85500,2026-08-20 01:09:15.663897,Jaipur,True,26.902606,75.76424,True
CMP00055,1,ACC165971,MOCK0003346,129600,2026-08-23 05:14:54.663909,Delhi,False,,,
CMP00055,2,ACC419678,FAKE0007179,129600,2026-08-23 06:38:54.663909,Delhi,True,28.638915,77.192234,True
CMP00056,1,ACC724299,DEMO0006554,112700,2026-08-30 17:55:26.663920,Ahmedabad,False,,,
CMP00056,2,ACC557529,MOCK0001452,104900,2026-08-30 18:41:26.663920,Mumbai,False,,,
CMP00056,3,ACC372285,SYNTH0008812,102800,2026-08-30 19:13:26.663920,Ahmedabad,False,,,
CMP00056,4,ACC577565,SYNTH0001977,96500,2026-08-30 19:41:26.663920,Hyderabad,False,,,
CMP00056,5,ACC774721,FAKE0002743,96500,2026-08-30 20:05:26.663920,Mumbai,True,19.094605,72.873169,True
CMP00057,1,ACC436467,TEST0005532,26400,2026-08-09 01:36:11.663931,Pune,False,,,
CMP00057,2,ACC562543,TEST0003446,24900,2026-08-09 02:46:11.663931,Mumbai,False,,,
CMP00057,3,ACC115997,MOCK0009422,23000,2026-08-09 03:08:11.663931,Mumbai,False,,,
CMP00057,4,ACC467335,TEST0003319,21900,2026-08-09 03:23:11.663931,Mumbai,False,,,
CMP00057,5,ACC174703,TEST0009856,21200,2026-08-09 04:01:11.663931,Hyderabad,False,,,
CMP00057,6,ACC130401,FAKE0002735,21200,2026-08-09 04:59:11.663931,Mumbai,True,19.045356,72.841091,True
CMP00058,1,ACC532876,TEST0007152,39200,2026-08-11 20:03:24.663943,Bengaluru,False,,,
CMP00058,2,ACC351262,MOCK0004874,36700,2026-08-11 20:20:24.663943,Bengaluru,False,,,
CMP00058,3,ACC503752,TEST0001993,33900,2026-08-11 21:25:24.663943,Ahmedabad,False,,,
CMP00058,4,ACC168637,DEMO0004829,32400,2026-08-11 22:07:24.663943,Patna,False,,,
CMP00058,5,ACC714646,SYNTH0003057,32400,2026-08-11 22:11:24.663943,Bengaluru,True,12.985351,77.570391,True
CMP00059,1,ACC295652,SYNTH0007046,70100,2026-08-22 01:34:14.663954,Delhi,False,,,
CMP00059,2,ACC408106,FAKE0002386,68500,2026-08-22 02:19:14.663954,Hyderabad,False,,,
CMP00059,3,ACC531165,TEST0009404,64000,2026-08-22 03:21:14.663954,Bengaluru,False,,,
CMP00059,4,ACC629757,FAKE0004700,64000,2026-08-22 04:36:14.663954,Ahmedabad,True,22.975621,72.574276,False
CMP00060,1,ACC934739,MOCK0001612,121400,2026-08-14 08:55:33.663968,Ahmedabad,False,,,
CMP00060,2,ACC815520,FAKE0004794,116300,2026-08-14 09:34:33.663968,Ahmedabad,False,,,
CMP00060,3,ACC906172,MOCK0009459,109300,2026-08-14 10:03:33.663968,Bengaluru,False,,,
CMP00060,4,ACC569217,TEST0005765,102200,2026-08-14 11:22:33.663968,Jaipur,False,,,
CMP00060,5,ACC141956,DEMO0004917,94800,2026-08-14 12:10:33.663968,Lucknow,False,,,
CMP00060,6,ACC259804,DEMO0002595,94800,2026-08-14 12:38:33.663968,Mumbai,True,19.060665,72.870138,True
CMP00061,1,ACC898021,MOCK0007038,33800,2026-08-25 03:24:34.663979,Delhi,False,,,
CMP00061,2,ACC478752,TEST0002929,32700,2026-08-25 03:43:34.663979,Patna,False,,,
CMP00061,3,ACC840364,SYNTH0008999,32200,2026-08-25 04:43:34.663979,Pune,False,,,
CMP00061,4,ACC293858,FAKE0009877,32200,2026-08-25 05:22:34.663979,Kolkata,True,22.528274,88.395448,False
CMP00062,1,ACC644609,DEMO0008583,44500,2026-08-16 19:38:03.663990,Jaipur,False,,,
CMP00062,2,ACC272216,DEMO0001160,42400,2026-08-16 20:06:03.663990,Bengaluru,False,,,
CMP00062,3,ACC257652,FAKE0006109,40600,2026-08-16 20:48:03.663990,Lucknow,False,,,
CMP00062,4,ACC198406,TEST0002551,40600,2026-08-16 21:14:03.663990,Lucknow,True,26.84335,80.946567,True
CMP00063,1,ACC214582,TEST0003338,20300,2026-08-13 00:13:52.664001,Mumbai,False,,,
CMP00063,2,ACC832964,SYNTH0009056,19700,2026-08-13 00:49:52.664001,Lucknow,False,,,
CMP00063,3,ACC911329,MOCK0007829,18500,2026-08-13 00:51:52.664001,Kolkata,False,,,
CMP00063,4,ACC551883,TEST0004053,18100,2026-08-13 02:16:52.664001,Kolkata,False,,,
CMP00063,5,ACC290824,FAKE0008383,17300,2026-08-13 02:35:52.664001,Kolkata,False,,,
CMP00063,6,ACC310701,SYNTH0004143,17300,2026-08-13 03:49:52.664001,Bengaluru,True,13.013414,77.605075,True
CMP00064,1,ACC113766,TEST0008336,19000,2026-08-24 00:42:34.664012,Ahmedabad,False,,,
CMP00064,2,ACC131962,FAKE0006615,17700,2026-08-24 00:57:34.664012,Hyderabad,False,,,
CMP00064,3,ACC633057,DEMO0002665,17700,2026-08-24 01:06:34.664012,Pune,True,18.50016,73.867302,True
CMP00065,1,ACC440887,SYNTH0005205,107800,2026-09-02 21:53:38.664025,Jaipur,False,,,
CMP00065,2,ACC907235,MOCK0008738,102900,2026-09-02 22:33:38.664025,Jaipur,False,,,
CMP00065,3,ACC940617,SYNTH0004302,95800,2026-09-02 23:12:38.664025,Jaipur,False,,,
CMP00065,4,ACC660370,FAKE0009397,88100,2026-09-03 00:21:38.664025,Jaipur,False,,,
CMP00065,5,ACC143931,DEMO0001325,88100,2026-09-03 00:52:38.664025,Kolkata,True,22.534541,88.391717,False
CMP00066,1,ACC484502,SYNTH0004473,167700,2026-08-23 18:14:51.664036,Ahmedabad,False,,,
CMP00066,2,ACC178589,SYNTH0001420,155600,2026-08-23 18:19:51.664036,Kolkata,False,,,
CMP00066,3,ACC542981,MOCK0003653,152700,2026-08-23 18:39:51.664036,Delhi,False,,,
CMP00066,4,ACC618895,SYNTH0002007,148200,2026-08-23 19:42:51.664036,Kolkata,False,,,
CMP00066,5,ACC552168,MOCK0001366,148200,2026-08-23 20:40:51.664036,Mumbai,True,19.100121,72.91809,True
CMP00067,1,ACC241256,DEMO0004582,49000,2026-09-03 13:21:22.664047,Hyderabad,False,,,
CMP00067,2,ACC224806,DEMO0006997,49000,2026-09-03 14:26:22.664047,Pune,True,18.542655,73.882581,True
CMP00068,1,ACC395068,FAKE0006609,123000,2026-08-23 19:20:51.664061,Delhi,False,,,
CMP00068,2,ACC266302,FAKE0004634,114600,2026-08-23 20:02:51.664061,Delhi,False,,,
CMP00068,3,ACC161496,MOCK0006950,112500,2026-08-23 20:40:51.664061,Delhi,False,,,
CMP00068,4,ACC486469,TEST0002063,108000,2026-08-23 21:33:51.664061,Kolkata,False,,,
CMP00068,5,ACC809957,TEST0007094,108000,2026-08-23 22:22:51.664061,Delhi,True,28.583041,77.194188,False
CMP00069,1,ACC884407,DEMO0005096,72800,2026-08-18 22:04:25.664072,Kolkata,False,,,
CMP00069,2,ACC602403,SYNTH0008441,67400,2026-08-18 22:50:25.664072,Kolkata,False,,,
CMP00069,3,ACC251422,SYNTH0007364,65400,2026-08-19 00:00:25.664072,Pune,False,,,
CMP00069,4,ACC875952,TEST0003359,65400,2026-08-19 00:34:25.664072,Lucknow,True,26.842188,81.026028,True
CMP00070,1,ACC379737,DEMO0008586,30600,2026-08-23 08:58:19.664083,Pune,False,,,
CMP00070,2,ACC947502,SYNTH0001320,29500,2026-08-23 10:03:19.664083,Kolkata,False,,,
CMP00070,3,ACC366229,DEMO0002908,29500,2026-08-23 11:18:19.664083,Kolkata,True,22.592437,88.320187,True
CMP00071,1,ACC442752,TEST0003651,69900,2026-08-24 13:02:48.664096,Patna,False,,,
CMP00071,2,ACC430036,TEST0009028,67100,2026-08-24 13:05:48.664096,Pune,False,,,
CMP00071,3,ACC130601,TEST0006225,63700,2026-08-24 14:03:48.664096,Patna,False,,,
CMP00071,4,ACC631021,FAKE0007965,59500,2026-08-24 14:33:48.664096,Patna,False,,,
CMP00071,5,ACC920228,DEMO0007246,59500,2026-08-24 14:51:48.664096,Patna,True,25.567281,85.143581,True
CMP00072,1,ACC835570,TEST0004560,193500,2026-08-07 05:22:14.664107,Bengaluru,False,,,
CMP00072,2,ACC849086,TEST0003173,187600,2026-08-07 05:49:14.664107,Bengaluru,False,,,
CMP00072,3,ACC628370,TEST0002890,178600,2026-08-07 07:14:14.664107,Hyderabad,False,,,
CMP00072,4,ACC806995,MOCK0005684,167500,2026-08-07 08:01:14.664107,Patna,False,,,
CMP00072,5,ACC211642,SYNTH0001869,165500,2026-08-07 08:57:14.664107,Ahmedabad,False,,,
CMP00072,6,ACC379947,SYNTH0005695,165500,2026-08-07 10:24:14.664107,Bengaluru,True,13.001476,77.55652,False
CMP00073,1,ACC243497,MOCK0008014,49400,2026-08-23 03:13:18.664118,Patna,False,,,
CMP00073,2,ACC440215,MOCK0009297,45900,2026-08-23 04:08:18.664118,Patna,False,,,
CMP00073,3,ACC665093,TEST0003745,44000,2026-08-23 05:03:18.664118,Kolkata,False,,,
CMP00073,4,ACC634992,TEST0009869,42500,2026-08-23 05:22:18.664118,Jaipur,False,,,
CMP00073,5,ACC716899,TEST0006199,40800,2026-08-23 06:44:18.664118,Patna,False,,,
CMP00073,6,ACC626417,MOCK0002944,40800,2026-08-23 08:04:18.664118,Patna,True,25.625743,85.115946,True
CMP00074,1,ACC722245,DEMO0006106,195100,2026-08-25 16:08:25.664129,Lucknow,False,,,
CMP00074,2,ACC342163,SYNTH0007866,180100,2026-08-25 16:31:25.664129,Lucknow,False,,,
CMP00074,3,ACC936071,SYNTH0008496,178200,2026-08-25 17:58:25.664129,Bengaluru,False,,,
CMP00074,4,ACC295599,DEMO0008591,175400,2026-08-25 18:47:25.664129,Lucknow,False,,,
CMP00074,5,ACC101150,FAKE0002488,162500,2026-08-25 18:52:25.664129,Bengaluru,False,,,
CMP00074,6,ACC848362,FAKE0003964,162500,2026-08-25 19:38:25.664129,Hyderabad,True,17.360709,78.45221,False
CMP00075,1,ACC248724,SYNTH0001393,14800,2026-08-14 00:28:23.664140,Patna,False,,,
CMP00075,2,ACC254535,TEST0004700,14800,2026-08-14 00:59:23.664140,Mumbai,True,19.049372,72.870069,True
CMP00076,1,ACC881393,DEMO0009399,103200,2026-08-14 23:47:55.664150,Kolkata,False,,,
CMP00076,2,ACC281361,TEST0007436,100700,2026-08-15 00:40:55.664150,Pune,False,,,
CMP00076,3,ACC273699,DEMO0008101,94100,2026-08-15 00:55:55.664150,Pune,False,,,
CMP00076,4,ACC883369,TEST0002762,94100,2026-08-15 01:54:55.664150,Lucknow,True,26.835618,80.92408,True
CMP00077,1,ACC558155,FAKE0005028,56000,2026-08-30 04:23:08.664161,Delhi,False,,,
CMP00077,2,ACC830838,SYNTH0002465,52500,2026-08-30 05:38:08.664161,Lucknow,False,,,
CMP00077,3,ACC221047,TEST0003378,48900,2026-08-30 06:21:08.664161,Delhi,False,,,
CMP00077,4,ACC603675,SYNTH0004237,45200,2026-08-30 07:12:08.664161,Delhi,False,,,
CMP00077,5,ACC952880,TEST0003564,42700,2026-08-30 08:00:08.664161,Delhi,False,,,
CMP00077,6,ACC750120,SYNTH0003243,40700,2026-08-30 08:38:08.664161,Bengaluru,False,,,
CMP00077,7,ACC627841,FAKE0001167,40700,2026-08-30 09:16:08.664161,Jaipur,True,26.888489,75.79911,True
CMP00078,1,ACC895302,MOCK0002688,41400,2026-08-18 10:38:04.664174,Kolkata,False,,,
CMP00078,2,ACC353013,DEMO0008085,38500,2026-08-18 10:51:04.664174,Jaipur,False,,,
CMP00078,3,ACC210299,TEST0005519,35800,2026-08-18 11:46:04.664174,Lucknow,False,,,
CMP00078,4,ACC540030,TEST0006843,33800,2026-08-18 12:20:04.664174,Jaipur,False,,,
CMP00078,5,ACC847734,SYNTH0009109,31600,2026-08-18 12:32:04.664174,Lucknow,False,,,
CMP00078,6,ACC209015,DEMO0007157,31600,2026-08-18 13:02:04.664174,Pune,True,18.532061,73.855809,False
CMP00079,1,ACC602249,SYNTH0004568,56800,2026-08-25 14:27:55.664185,Pune,False,,,
CMP00079,2,ACC989484,MOCK0007143,55100,2026-08-25 15:53:55.664185,Hyderabad,False,,,
CMP00079,3,ACC511702,DEMO0003575,52700,2026-08-25 16:23:55.664185,Hyderabad,False,,,
CMP00079,4,ACC328554,TEST0001181,52700,2026-08-25 17:07:55.664185,Hyderabad,True,17.384532,78.476987,True
CMP00080,1,ACC442360,TEST0004610,13900,2026-08-13 02:58:41.664196,Kolkata,False,,,
CMP00080,2,ACC797802,MOCK0009060,13600,2026-08-13 03:32:41.664196,Mumbai,False,,,
CMP00080,3,ACC334677,MOCK0002059,12600,2026-08-13 03:45:41.664196,Jaipur,False,,,
CMP00080,4,ACC852293,DEMO0008159,11800,2026-08-13 05:09:41.664196,Kolkata,False,,,
CMP00080,5,ACC221309,FAKE0002460,11400,2026-08-13 05:40:41.664196,Kolkata,False,,,
CMP00080,6,ACC880788,MOCK0007025,10500,2026-08-13 06:25:41.664196,Hyderabad,False,,,
CMP00080,7,ACC704941,TEST0002013,10500,2026-08-13 06:43:41.664196,Lucknow,True,26.828312,80.977102,False
CMP00081,1,ACC712957,MOCK0004674,44800,2026-08-26 00:47:18.664206,Patna,False,,,
CMP00081,2,ACC783421,MOCK0002468,43800,2026-08-26 01:05:18.664206,Delhi,False,,,
CMP00081,3,ACC592491,MOCK0001669,42400,2026-08-26 02:00:18.664206,Mumbai,False,,,
CMP00081,4,ACC328767,FAKE0005319,41600,2026-08-26 02:22:18.664206,Ahmedabad,False,,,
CMP00081,5,ACC961067,MOCK0007342,41600,2026-08-26 02:55:18.664206,Ahmedabad,True,23.04251,72.590257,True
CMP00082,1,ACC295714,SYNTH0002511,73400,2026-08-22 19:36:18.664217,Bengaluru,False,,,
CMP00082,2,ACC967510,SYNTH0005277,71700,2026-08-22 20:40:18.664217,Ahmedabad,False,,,
CMP00082,3,ACC279956,TEST0009049,68100,2026-08-22 21:48:18.664217,Lucknow,False,,,
CMP00082,4,ACC894693,SYNTH0009836,65400,2026-08-22 23:17:18.664217,Hyderabad,False,,,
CMP00082,5,ACC285825,TEST0007691,62300,2026-08-22 23:50:18.664217,Ahmedabad,False,,,
CMP00082,6,ACC700231,FAKE0009074,58400,2026-08-22 23:55:18.664217,Patna,False,,,
CMP00082,7,ACC522346,FAKE0008431,58400,2026-08-23 01:12:18.664217,Lucknow,True,26.850916,80.957249,True
CMP00083,1,ACC654718,FAKE0005979,190700,2026-08-08 04:32:31.664228,Pune,False,,,
CMP00083,2,ACC201836,SYNTH0009710,187400,2026-08-08 04:43:31.664228,Ahmedabad,False,,,
CMP00083,3,ACC651752,MOCK0003931,176900,2026-08-08 05:34:31.664228,Patna,False,,,
CMP00083,4,ACC882351,MOCK0006864,173800,2026-08-08 06:47:31.664228,Lucknow,False,,,
CMP00083,5,ACC209159,SYNTH0007579,170000,2026-08-08 08:15:31.664228,Lucknow,False,,,
CMP00083,6,ACC265860,MOCK0008258,161900,2026-08-08 09:21:31.664228,Patna,False,,,
CMP00083,7,ACC440424,DEMO0008054,161900,2026-08-08 10:08:31.664228,Ahmedabad,True,23.016321,72.55435,False
CMP00084,1,ACC299072,DEMO0005989,34300,2026-08-08 16:35:12.664239,Mumbai,False,,,
CMP00084,2,ACC408721,FAKE0009470,32500,2026-08-08 17:13:12.664239,Patna,False,,,
CMP00084,3,ACC194834,FAKE0003945,30500,2026-08-08 17:33:12.664239,Kolkata,False,,,
CMP00084,4,ACC241879,TEST0008387,29400,2026-08-08 18:49:12.664239,Ahmedabad,False,,,
CMP00084,5,ACC718990,SYNTH0008449,27300,2026-08-08 18:54:12.664239,Delhi,False,,,
CMP00084,6,ACC825318,SYNTH0003024,27300,2026-08-08 19:07:12.664239,Delhi,True,28.597615,77.196903,True
CMP00085,1,ACC506691,MOCK0006254,26200,2026-08-23 10:46:55.664250,Pune,False,,,
CMP00085,2,ACC975753,SYNTH0002533,26200,2026-08-23 11:02:55.664250,Lucknow,True,26.819426,80.93593,False
CMP00086,1,ACC274174,DEMO0008947,33300,2026-08-11 08:41:16.664261,Lucknow,False,,,
CMP00086,2,ACC571351,SYNTH0005830,31600,2026-08-11 09:43:16.664261,Lucknow,False,,,
CMP00086,3,ACC153395,FAKE0008074,30500,2026-08-11 10:57:16.664261,Patna,False,,,
CMP00086,4,ACC404899,DEMO0008964,30100,2026-08-11 11:52:16.664261,Ahmedabad,False,,,
CMP00086,5,ACC343170,MOCK0001311,30100,2026-08-11 12:59:16.664261,Kolkata,True,22.510115,88.421174,False
CMP00087,1,ACC583691,MOCK0001432,118400,2026-08-15 11:15:18.664272,Patna,False,,,
CMP00087,2,ACC247414,TEST0004975,112100,2026-08-15 12:10:18.664272,Hyderabad,False,,,
CMP00087,3,ACC751050,MOCK0005806,106700,2026-08-15 13:26:18.664272,Bengaluru,False,,,
CMP00087,4,ACC232053,FAKE0008582,106700,2026-08-15 13:34:18.664272,Patna,True,25.567927,85.151016,True
CMP00088,1,ACC264618,DEMO0004757,67700,2026-08-16 13:11:54.664282,Bengaluru,False,,,
CMP00088,2,ACC447605,MOCK0005074,65100,2026-08-16 13:50:54.664282,Lucknow,False,,,
CMP00088,3,ACC121001,MOCK0002679,61000,2026-08-16 13:53:54.664282,Bengaluru,False,,,
CMP00088,4,ACC608454,TEST0005939,61000,2026-08-16 14:59:54.664282,Bengaluru,True,12.968139,77.563993,True
CMP00089,1,ACC582369,FAKE0009615,33200,2026-08-22 01:29:00.664293,Ahmedabad,False,,,
CMP00089,2,ACC163660,FAKE0003005,32200,2026-08-22 01:54:00.664293,Lucknow,False,,,
CMP00089,3,ACC654251,MOCK0009671,32200,2026-08-22 02:46:00.664293,Lucknow,True,26.83897,80.927396,True
CMP00090,1,ACC673713,FAKE0009174,79100,2026-08-14 09:03:41.664304,Jaipur,False,,,
CMP00090,2,ACC409967,TEST0006952,79100,2026-08-14 09:17:41.664304,Bengaluru,True,12.961896,77.59886,True
CMP00091,1,ACC953363,FAKE0003843,57800,2026-08-27 10:32:58.664316,Patna,False,,,
CMP00091,2,ACC158772,SYNTH0004781,56900,2026-08-27 11:09:58.664316,Hyderabad,False,,,
CMP00091,3,ACC955705,SYNTH0001475,54400,2026-08-27 12:25:58.664316,Pune,False,,,
CMP00091,4,ACC930895,SYNTH0009850,53400,2026-08-27 12:54:58.664316,Patna,False,,,
CMP00091,5,ACC195280,SYNTH0003677,51200,2026-08-27 13:33:58.664316,Delhi,False,,,
CMP00091,6,ACC154650,FAKE0008198,51200,2026-08-27 14:59:58.664316,Pune,True,18.486753,73.836219,False
CMP00092,1,ACC366875,MOCK0002546,121200,2026-08-24 08:28:39.664329,Pune,False,,,
CMP00092,2,ACC970379,SYNTH0006903,114000,2026-08-24 09:21:39.664329,Pune,False,,,
CMP00092,3,ACC251670,MOCK0002595,114000,2026-08-24 09:58:39.664329,Kolkata,True,22.588551,88.376421,True
CMP00093,1,ACC993522,DEMO0003253,29200,2026-08-08 15:16:51.664342,Ahmedabad,False,,,
CMP00093,2,ACC133795,FAKE0005421,28100,2026-08-08 15:38:51.664342,Ahmedabad,False,,,
CMP00093,3,ACC803950,SYNTH0002083,25900,2026-08-08 16:32:51.664342,Ahmedabad,False,,,
CMP00093,4,ACC747033,TEST0008496,24800,2026-08-08 16:56:51.664342,Patna,False,,,
CMP00093,5,ACC913920,DEMO0006126,24500,2026-08-08 17:29:51.664342,Ahmedabad,False,,,
CMP00093,6,ACC650744,FAKE0009530,23200,2026-08-08 18:21:51.664342,Kolkata,False,,,
CMP00093,7,ACC357657,DEMO0001643,23200,2026-08-08 18:36:51.664342,Delhi,True,28.657299,77.213948,True
CMP00094,1,ACC736756,TEST0004801,39600,2026-09-01 02:59:54.664354,Jaipur,False,,,
CMP00094,2,ACC790685,FAKE0003403,37000,2026-09-01 04:12:54.664354,Pune,False,,,
CMP00094,3,ACC588540,FAKE0007787,37000,2026-09-01 05:42:54.664354,Mumbai,True,19.092658,72.889265,False
CMP00095,1,ACC969993,MOCK0008278,37100,2026-08-11 18:41:07.664365,Hyderabad,False,,,
CMP00095,2,ACC521315,DEMO0001381,37100,2026-08-11 18:53:07.664365,Jaipur,True,26.887659,75.810819,True
CMP00096,1,ACC318011,FAKE0005935,15000,2026-08-27 06:33:42.664376,Kolkata,False,,,
CMP00096,2,ACC628938,DEMO0009851,14100,2026-08-27 07:04:42.664376,Lucknow,False,,,
CMP00096,3,ACC929916,TEST0003307,13100,2026-08-27 07:09:42.664376,Kolkata,False,,,
CMP00096,4,ACC889853,FAKE0003506,13100,2026-08-27 08:23:42.664376,Lucknow,True,26.838503,80.95008,True
CMP00097,1,ACC159183,SYNTH0009133,69400,2026-08-31 01:33:51.664386,Bengaluru,False,,,
CMP00097,2,ACC604493,MOCK0007089,66500,2026-08-31 02:26:51.664386,Kolkata,False,,,
CMP00097,3,ACC115610,MOCK0005394,64000,2026-08-31 03:03:51.664386,Kolkata,False,,,
CMP00097,4,ACC313017,TEST0002602,64000,2026-08-31 04:27:51.664386,Kolkata,True,22.562424,88.381058,False
CMP00098,1,ACC160718,DEMO0002900,66800,2026-08-06 01:15:04.664397,Pune,False,,,
CMP00098,2,ACC424314,SYNTH0002956,63000,2026-08-06 02:15:04.664397,Delhi,False,,,
CMP00098,3,ACC271790,TEST0009568,60200,2026-08-06 02:18:04.664397,Delhi,False,,,
CMP00098,4,ACC275073,TEST0002934,58000,2026-08-06 03:26:04.664397,Jaipur,False,,,
CMP00098,5,ACC550179,FAKE0005308,56300,2026-08-06 03:31:04.664397,Mumbai,False,,,
CMP00098,6,ACC577309,FAKE0009185,53700,2026-08-06 04:46:04.664397,Kolkata,False,,,
CMP00098,7,ACC264951,FAKE0002889,53700,2026-08-06 06:00:04.664397,Mumbai,True,19.111513,72.863431,True
CMP00099,1,ACC554515,MOCK0006685,51600,2026-08-15 07:53:05.664408,Mumbai,False,,,
CMP00099,2,ACC108739,SYNTH0008640,49300,2026-08-15 08:31:05.664408,Hyderabad,False,,,
CMP00099,3,ACC403858,SYNTH0005974,46700,2026-08-15 10:00:05.664408,Hyderabad,False,,,
CMP00099,4,ACC938635,DEMO0001670,45300,2026-08-15 11:04:05.664408,Hyderabad,False,,,
CMP00099,5,ACC721880,DEMO0006010,44500,2026-08-15 11:33:05.664408,Hyderabad,False,,,
CMP00099,6,ACC792325,FAKE0005119,41500,2026-08-15 11:35:05.664408,Hyderabad,False,,,
CMP00099,7,ACC397025,MOCK0003540,41500,2026-08-15 11:54:05.664408,Hyderabad,True,17.375867,78.491317,False
CMP00100,1,ACC436007,TEST0005287,42300,2026-08-22 23:25:20.664419,Ahmedabad,False,,,
CMP00100,2,ACC421513,FAKE0009393,40000,2026-08-22 23:55:20.664419,Ahmedabad,False,,,
CMP00100,3,ACC972831,DEMO0008933,39300,2026-08-23 01:10:20.664419,Ahmedabad,False,,,
CMP00100,4,ACC646877,TEST0004866,36600,2026-08-23 01:33:20.664419,Ahmedabad,False,,,
CMP00100,5,ACC979296,DEMO0006039,35300,2026-08-23 02:09:20.664419,Mumbai,False,,,
CMP00100,6,ACC575714,TEST0004314,35300,2026-08-23 02:22:20.664419,Ahmedabad,True,23.021669,72.566197,True
CMP00101,1,ACC520777,FAKE0007444,16300,2026-09-01 23:44:54.664430,Kolkata,False,,,
CMP00101,2,ACC515036,FAKE0007077,16300,2026-09-02 00:16:54.664430,Ahmedabad,True,23.033944,72.613262,True
CMP00102,1,ACC806682,MOCK0001060,37000,2026-08-14 13:50:06.664440,Mumbai,False,,,
CMP00102,2,ACC765104,MOCK0002596,35500,2026-08-14 14:49:06.664440,Hyderabad,False,,,
CMP00102,3,ACC296772,MOCK0003721,34100,2026-08-14 14:55:06.664440,Mumbai,False,,,
CMP00102,4,ACC464994,SYNTH0001235,33300,2026-08-14 16:13:06.664440,Mumbai,False,,,
CMP00102,5,ACC416611,MOCK0003043,33300,2026-08-14 17:02:06.664440,Delhi,True,28.627437,77.227979,False
CMP00103,1,ACC500560,MOCK0001672,38700,2026-08-09 13:06:53.664451,Patna,False,,,
CMP00103,2,ACC985249,TEST0006488,38700,2026-08-09 13:20:53.664451,Jaipur,True,26.911761,75.816618,True
CMP00104,1,ACC955197,TEST0007212,27000,2026-08-24 23:37:17.664462,Pune,False,,,
CMP00104,2,ACC120494,FAKE0008141,25000,2026-08-25 00:35:17.664462,Lucknow,False,,,
CMP00104,3,ACC542584,FAKE0001213,25000,2026-08-25 01:32:17.664462,Patna,True,25.609639,85.12836,True
CMP00105,1,ACC357543,TEST0002453,46300,2026-08-22 01:32:14.664473,Hyderabad,False,,,
CMP00105,2,ACC655782,DEMO0003014,46300,2026-08-22 02:20:14.664473,Jaipur,True,26.874782,75.806301,True
CMP00106,1,ACC710397,MOCK0001651,74500,2026-08-20 08:37:44.664484,Hyderabad,False,,,
CMP00106,2,ACC414932,DEMO0001183,73100,2026-08-20 09:08:44.664484,Bengaluru,False,,,
CMP00106,3,ACC926369,MOCK0005356,72300,2026-08-20 09:57:44.664484,Bengaluru,False,,,
CMP00106,4,ACC950879,SYNTH0008870,70900,2026-08-20 11:13:44.664484,Jaipur,False,,,
CMP00106,5,ACC597821,SYNTH0002622,67800,2026-08-20 11:42:44.664484,Bengaluru,False,,,
CMP00106,6,ACC764164,FAKE0003393,67800,2026-08-20 12:06:44.664484,Bengaluru,True,12.942124,77.624292,True
CMP00107,1,ACC992423,SYNTH0005025,252500,2026-08-31 10:26:55.664495,Jaipur,False,,,
CMP00107,2,ACC697406,MOCK0001187,239800,2026-08-31 11:03:55.664495,Jaipur,False,,,
CMP00107,3,ACC513578,DEMO0001651,239800,2026-08-31 11:06:55.664495,Patna,True,25.590911,85.175379,True
CMP00108,1,ACC302897,DEMO0006379,61700,2026-08-07 14:58:56.664505,Patna,False,,,
CMP00108,2,ACC693024,TEST0008017,58600,2026-08-07 16:18:56.664505,Bengaluru,False,,,
CMP00108,3,ACC358133,DEMO0005533,54800,2026-08-07 16:41:56.664505,Patna,False,,,
CMP00108,4,ACC868577,DEMO0008583,54800,2026-08-07 17:29:56.664505,Patna,True,25.562092,85.159411,True
CMP00109,1,ACC398194,MOCK0003906,64900,2026-08-08 19:34:40.664516,Mumbai,False,,,
CMP00109,2,ACC137581,TEST0006289,63800,2026-08-08 20:34:40.664516,Lucknow,False,,,
CMP00109,3,ACC895284,MOCK0002063,61300,2026-08-08 21:23:40.664516,Bengaluru,False,,,
CMP00109,4,ACC828361,TEST0009635,57000,2026-08-08 22:02:40.664516,Bengaluru,False,,,
CMP00109,5,ACC741784,MOCK0009666,57000,2026-08-08 22:56:40.664516,Pune,True,18.563589,73.867608,True
CMP00110,1,ACC868905,SYNTH0009969,50100,2026-08-22 00:37:11.664528,Kolkata,False,,,
CMP00110,2,ACC640712,SYNTH0009656,48900,2026-08-22 01:39:11.664528,Hyderabad,False,,,
CMP00110,3,ACC380808,FAKE0003318,47600,2026-08-22 03:03:11.664528,Kolkata,False,,,
CMP00110,4,ACC861255,MOCK0006038,46600,2026-08-22 03:56:11.664528,Pune,False,,,
CMP00110,5,ACC121715,DEMO0003138,45300,2026-08-22 04:50:11.664528,Kolkata,False,,,
CMP00110,6,ACC551819,TEST0005126,44200,2026-08-22 05:39:11.664528,Ahmedabad,False,,,
CMP00110,7,ACC961968,DEMO0003566,44200,2026-08-22 05:51:11.664528,Delhi,True,28.621879,77.242511,True
CMP00111,1,ACC948142,TEST0006573,14800,2026-08-31 13:32:11.664538,Patna,False,,,
CMP00111,2,ACC120733,DEMO0004093,13600,2026-08-31 13:46:11.664538,Kolkata,False,,,
CMP00111,3,ACC291629,SYNTH0005702,13400,2026-08-31 14:10:11.664538,Jaipur,False,,,
CMP00111,4,ACC422596,TEST0002274,13000,2026-08-31 15:23:11.664538,Jaipur,False,,,
CMP00111,5,ACC381719,TEST0004217,12600,2026-08-31 16:28:11.664538,Jaipur,False,,,
CMP00111,6,ACC570428,FAKE0003711,12600,2026-08-31 17:34:11.664538,Pune,True,18.531318,73.866807,True
CMP00112,1,ACC301586,DEMO0009034,50300,2026-08-21 02:51:59.664549,Jaipur,False,,,
CMP00112,2,ACC405584,MOCK0002174,50300,2026-08-21 03:06:59.664549,Jaipur,True,26.899001,75.807501,True
CMP00113,1,ACC755602,MOCK0005519,56100,2026-08-08 14:09:21.664560,Patna,False,,,
CMP00113,2,ACC954441,MOCK0005590,51600,2026-08-08 14:18:21.664560,Lucknow,False,,,
CMP00113,3,ACC511929,FAKE0007262,48700,2026-08-08 14:48:21.664560,Patna,False,,,
CMP00113,4,ACC537605,SYNTH0007987,48700,2026-08-08 15:56:21.664560,Hyderabad,True,17.411239,78.473319,True
CMP00114,1,ACC440536,FAKE0002070,427700,2026-08-09 06:45:24.664571,Ahmedabad,False,,,
CMP00114,2,ACC601903,SYNTH0005624,409600,2026-08-09 07:47:24.664571,Ahmedabad,False,,,
CMP00114,3,ACC632623,FAKE0006339,409600,2026-08-09 08:33:24.664571,Bengaluru,True,13.013698,77.583128,True
CMP00115,1,ACC487470,TEST0008610,45300,2026-08-20 09:05:57.664582,Delhi,False,,,
CMP00115,2,ACC418239,MOCK0006359,42200,2026-08-20 10:30:57.664582,Jaipur,False,,,
CMP00115,3,ACC636283,MOCK0003248,40300,2026-08-20 11:11:57.664582,Patna,False,,,
CMP00115,4,ACC825010,TEST0009728,38500,2026-08-20 12:13:57.664582,Kolkata,False,,,
CMP00115,5,ACC363814,TEST0005734,36400,2026-08-20 13:21:57.664582,Mumbai,False,,,
CMP00115,6,ACC439910,MOCK0004133,33700,2026-08-20 14:39:57.664582,Jaipur,False,,,
CMP00115,7,ACC965846,DEMO0005563,33700,2026-08-20 15:25:57.664582,Hyderabad,True,17.392082,78.480227,True
CMP00116,1,ACC113757,DEMO0006469,69200,2026-08-22 01:44:32.664593,Ahmedabad,False,,,
CMP00116,2,ACC376705,MOCK0002961,65000,2026-08-22 02:46:32.664593,Kolkata,False,,,
CMP00116,3,ACC510791,TEST0003194,62700,2026-08-22 03:41:32.664593,Pune,False,,,
CMP00116,4,ACC733016,FAKE0009617,61800,2026-08-22 03:50:32.664593,Bengaluru,False,,,
CMP00116,5,ACC214143,SYNTH0004790,58800,2026-08-22 05:13:32.664593,Jaipur,False,,,
CMP00116,6,ACC978775,SYNTH0007672,58800,2026-08-22 06:05:32.664593,Lucknow,True,26.838724,80.926299,True
CMP00117,1,ACC896456,FAKE0006824,50500,2026-08-08 01:22:54.664603,Lucknow,False,,,
CMP00117,2,ACC662407,SYNTH0008992,47200,2026-08-08 02:46:54.664603,Mumbai,False,,,
CMP00117,3,ACC685472,TEST0008187,47200,2026-08-08 03:17:54.664603,Mumbai,True,19.113585,72.899634,False
CMP00118,1,ACC857878,TEST0006242,20100,2026-08-21 06:16:51.664614,Pune,False,,,
CMP00118,2,ACC604990,FAKE0005956,20100,2026-08-21 07:32:51.664614,Pune,True,18.514813,73.847967,True
CMP00119,1,ACC396012,FAKE0005092,134800,2026-08-18 06:16:58.664625,Patna,False,,,
CMP00119,2,ACC865492,TEST0008571,127200,2026-08-18 06:46:58.664625,Hyderabad,False,,,
CMP00119,3,ACC705203,TEST0003157,117100,2026-08-18 08:13:58.664625,Ahmedabad,False,,,
CMP00119,4,ACC793320,FAKE0007308,114700,2026-08-18 08:56:58.664625,Hyderabad,False,,,
CMP00119,5,ACC307509,FAKE0003342,105700,2026-08-18 10:18:58.664625,Hyderabad,False,,,
CMP00119,6,ACC933379,DEMO0006284,102900,2026-08-18 11:41:58.664625,Hyderabad,False,,,
CMP00119,7,ACC999343,MOCK0007646,102900,2026-08-18 11:44:58.664625,Kolkata,True,22.511994,88.386001,True
CMP00120,1,ACC468609,SYNTH0005544,102900,2026-08-10 09:10:23.664636,Pune,False,,,
CMP00120,2,ACC268356,MOCK0004962,95700,2026-08-10 10:26:23.664636,Pune,False,,,
CMP00120,3,ACC959398,FAKE0009664,90900,2026-08-10 11:32:23.664636,Mumbai,False,,,
CMP00120,4,ACC280117,MOCK0001070,84300,2026-08-10 12:01:23.664636,Jaipur,False,,,
CMP00120,5,ACC992649,TEST0004033,79300,2026-08-10 12:15:23.664636,Ahmedabad,False,,,
CMP00120,6,ACC289633,DEMO0007948,79300,2026-08-10 13:13:23.664636,Mumbai,True,19.097752,72.890092,False
CMP00121,1,ACC499674,DEMO0009666,103600,2026-09-01 10:53:56.664648,Pune,False,,,
CMP00121,2,ACC177269,MOCK0006085,101600,2026-09-01 11:47:56.664648,Pune,False,,,
CMP00121,3,ACC241440,TEST0004047,101600,2026-09-01 13:01:56.664648,Bengaluru,True,12.98206,77.62964,False
CMP00122,1,ACC179928,FAKE0001054,23400,2026-08-21 12:23:42.664660,Mumbai,False,,,
CMP00122,2,ACC907759,TEST0003932,21900,2026-08-21 12:55:42.664660,Lucknow,False,,,
CMP00122,3,ACC227338,MOCK0008623,20900,2026-08-21 13:11:42.664660,Jaipur,False,,,
CMP00122,4,ACC800447,FAKE0006836,20900,2026-08-21 14:18:42.664660,Lucknow,True,26.844089,80.941979,True
CMP00123,1,ACC370289,MOCK0001997,179100,2026-08-18 17:55:45.664671,Ahmedabad,False,,,
CMP00123,2,ACC491272,FAKE0009669,176100,2026-08-18 19:08:45.664671,Delhi,False,,,
CMP00123,3,ACC503443,MOCK0007141,170600,2026-08-18 19:11:45.664671,Delhi,False,,,
CMP00123,4,ACC767399,SYNTH0009768,170600,2026-08-18 19:21:45.664671,Pune,True,18.461327,73.831457,True
CMP00124,1,ACC637389,MOCK0006486,15700,2026-08-27 01:44:39.664684,Pune,False,,,
CMP00124,2,ACC251762,FAKE0002134,15500,2026-08-27 02:09:39.664684,Pune,False,,,
CMP00124,3,ACC609911,TEST0005633,14500,2026-08-27 02:56:39.664684,Lucknow,False,,,
CMP00124,4,ACC603251,FAKE0001019,14500,2026-08-27 04:10:39.664684,Jaipur,True,26.932578,75.762961,True
CMP00125,1,ACC544198,DEMO0005227,85400,2026-08-14 03:19:34.664698,Kolkata,False,,,
CMP00125,2,ACC544250,TEST0002506,79000,2026-08-14 04:34:34.664698,Hyderabad,False,,,
CMP00125,3,ACC231211,DEMO0001917,79000,2026-08-14 05:42:34.664698,Kolkata,True,22.542358,88.378898,False
CMP00126,1,ACC701181,TEST0003458,326600,2026-08-29 12:19:29.664709,Delhi,False,,,
CMP00126,2,ACC372393,FAKE0002120,304900,2026-08-29 12:23:29.664709,Delhi,False,,,
CMP00126,3,ACC899685,DEMO0007735,296700,2026-08-29 13:11:29.664709,Delhi,False,,,
CMP00126,4,ACC493280,MOCK0005102,296700,2026-08-29 13:16:29.664709,Delhi,True,28.60805,77.220659,False
CMP00127,1,ACC419588,TEST0009846,22600,2026-08-08 11:16:31.664722,Bengaluru,False,,,
CMP00127,2,ACC626806,SYNTH0001827,21300,2026-08-08 12:30:31.664722,Bengaluru,False,,,
CMP00127,3,ACC567262,MOCK0009269,20000,2026-08-08 13:58:31.664722,Patna,False,,,
CMP00127,4,ACC403859,SYNTH0003165,18700,2026-08-08 14:11:31.664722,Bengaluru,False,,,
CMP00127,5,ACC699198,MOCK0007540,17500,2026-08-08 14:56:31.664722,Bengaluru,False,,,
CMP00127,6,ACC626199,SYNTH0003209,16800,2026-08-08 15:31:31.664722,Bengaluru,False,,,
CMP00127,7,ACC514521,SYNTH0009589,16800,2026-08-08 16:34:31.664722,Kolkata,True,22.558321,88.378215,True
CMP00128,1,ACC957091,TEST0005593,31800,2026-08-06 15:42:40.664735,Jaipur,False,,,
CMP00128,2,ACC339030,DEMO0006257,31200,2026-08-06 16:46:40.664735,Mumbai,False,,,
CMP00128,3,ACC297064,DEMO0008937,29900,2026-08-06 17:22:40.664735,Mumbai,False,,,
CMP00128,4,ACC640299,FAKE0006097,29900,2026-08-06 18:30:40.664735,Delhi,True,28.634412,77.221682,False
CMP00129,1,ACC244935,SYNTH0007278,55900,2026-08-14 02:19:46.664746,Lucknow,False,,,
CMP00129,2,ACC659699,MOCK0004770,53400,2026-08-14 03:14:46.664746,Ahmedabad,False,,,
CMP00129,3,ACC849649,MOCK0004593,51300,2026-08-14 04:05:46.664746,Bengaluru,False,,,
CMP00129,4,ACC103005,FAKE0006937,50100,2026-08-14 04:18:46.664746,Bengaluru,False,,,
CMP00129,5,ACC215507,TEST0006912,50100,2026-08-14 05:31:46.664746,Hyderabad,True,17.383238,78.498863,True
CMP00130,1,ACC400434,MOCK0007017,34600,2026-08-19 23:29:13.664758,Mumbai,False,,,
CMP00130,2,ACC271856,TEST0009859,33300,2026-08-20 00:29:13.664758,Ahmedabad,False,,,
CMP00130,3,ACC770369,SYNTH0007582,32200,2026-08-20 00:49:13.664758,Delhi,False,,,
CMP00130,4,ACC904586,DEMO0009884,31200,2026-08-20 01:38:13.664758,Lucknow,False,,,
CMP00130,5,ACC552682,TEST0003255,30700,2026-08-20 02:32:13.664758,Delhi,False,,,
CMP00130,6,ACC572665,SYNTH0001700,30700,2026-08-20 03:16:13.664758,Kolkata,True,22.547617,88.351281,False
CMP00131,1,ACC788428,SYNTH0008906,14500,2026-08-17 13:04:22.664769,Delhi,False,,,
CMP00131,2,ACC446057,FAKE0008507,13700,2026-08-17 13:32:22.664769,Delhi,False,,,
CMP00131,3,ACC459077,DEMO0006417,13300,2026-08-17 14:36:22.664769,Jaipur,False,,,
CMP00131,4,ACC723303,SYNTH0003425,13100,2026-08-17 15:35:22.664769,Jaipur,False,,,
CMP00131,5,ACC331757,MOCK0006942,12200,2026-08-17 16:43:22.664769,Delhi,False,,,
CMP00131,6,ACC850609,TEST0008787,11900,2026-08-17 17:22:22.664769,Delhi,False,,,
CMP00131,7,ACC879860,SYNTH0003400,11900,2026-08-17 18:20:22.664769,Hyderabad,True,17.372779,78.45871,False
CMP00132,1,ACC715261,MOCK0009236,54500,2026-08-29 22:18:15.664781,Hyderabad,False,,,
CMP00132,2,ACC641922,DEMO0009795,52900,2026-08-29 22:42:15.664781,Ahmedabad,False,,,
CMP00132,3,ACC372284,FAKE0006690,49200,2026-08-29 22:46:15.664781,Patna,False,,,
CMP00132,4,ACC290573,TEST0006095,49200,2026-08-29 23:00:15.664781,Delhi,True,28.603169,77.223714,True
CMP00133,1,ACC330246,FAKE0005361,21900,2026-08-15 04:14:12.664792,Mumbai,False,,,
CMP00133,2,ACC205939,MOCK0007628,21300,2026-08-15 04:46:12.664792,Kolkata,False,,,
CMP00133,3,ACC330569,TEST0009112,20000,2026-08-15 05:38:12.664792,Kolkata,False,,,
CMP00133,4,ACC313464,TEST0005718,19300,2026-08-15 06:06:12.664792,Kolkata,False,,,
CMP00133,5,ACC627685,MOCK0008811,17900,2026-08-15 06:08:12.664792,Kolkata,False,,,
CMP00133,6,ACC278501,FAKE0003730,17300,2026-08-15 06:49:12.664792,Hyderabad,False,,,
CMP00133,7,ACC577328,FAKE0008775,17300,2026-08-15 07:14:12.664792,Kolkata,True,22.605144,88.402938,True
CMP00134,1,ACC102818,SYNTH0008211,80400,2026-08-23 10:43:54.664803,Kolkata,False,,,
CMP00134,2,ACC447193,MOCK0008676,78200,2026-08-23 10:53:54.664803,Bengaluru,False,,,
CMP00134,3,ACC324643,TEST0003265,78200,2026-08-23 12:02:54.664803,Mumbai,True,19.108609,72.836138,True
CMP00135,1,ACC979037,FAKE0009045,24600,2026-08-14 21:23:34.664814,Lucknow,False,,,
CMP00135,2,ACC610150,FAKE0004445,24600,2026-08-14 21:27:34.664814,Bengaluru,True,13.001514,77.590637,False
CMP00136,1,ACC533732,SYNTH0008998,197900,2026-08-18 18:35:36.664825,Bengaluru,False,,,
CMP00136,2,ACC143829,DEMO0003111,186300,2026-08-18 19:09:36.664825,Patna,False,,,
CMP00136,3,ACC768568,SYNTH0009004,182900,2026-08-18 20:35:36.664825,Mumbai,False,,,
CMP00136,4,ACC443281,TEST0007524,178900,2026-08-18 20:45:36.664825,Bengaluru,False,,,
CMP00136,5,ACC997065,FAKE0002956,170000,2026-08-18 21:23:36.664825,Jaipur,False,,,
CMP00136,6,ACC190705,DEMO0004289,161700,2026-08-18 22:15:36.664825,Pune,False,,,
CMP00136,7,ACC591737,FAKE0004746,161700,2026-08-18 22:33:36.664825,Delhi,True,28.616967,77.249617,True
CMP00137,1,ACC944495,MOCK0007087,27800,2026-08-22 00:12:58.664837,Hyderabad,False,,,
CMP00137,2,ACC854162,TEST0006125,27800,2026-08-22 00:21:58.664837,Delhi,True,28.603167,77.191689,True
CMP00138,1,ACC806850,SYNTH0005264,39700,2026-08-16 08:25:26.664848,Patna,False,,,
CMP00138,2,ACC223694,DEMO0009274,39100,2026-08-16 09:03:26.664848,Mumbai,False,,,
CMP00138,3,ACC288655,FAKE0003732,36300,2026-08-16 09:23:26.664848,Pune,False,,,
CMP00138,4,ACC902694,DEMO0002654,34500,2026-08-16 09:40:26.664848,Mumbai,False,,,
CMP00138,5,ACC125093,FAKE0003168,32500,2026-08-16 09:58:26.664848,Patna,False,,,
CMP00138,6,ACC542875,DEMO0004955,32500,2026-08-16 11:05:26.664848,Patna,True,25.604092,85.121316,True
CMP00139,1,ACC255650,TEST0001804,107000,2026-08-24 03:18:48.664859,Mumbai,False,,,
CMP00139,2,ACC360300,SYNTH0006280,107000,2026-08-24 04:22:48.664859,Pune,True,18.51393,73.896666,True
CMP00140,1,ACC777162,DEMO0005492,18000,2026-08-17 22:20:09.664870,Jaipur,False,,,
CMP00140,2,ACC318742,TEST0005829,17000,2026-08-17 22:24:09.664870,Hyderabad,False,,,
CMP00140,3,ACC548264,TEST0004267,15900,2026-08-17 23:13:09.664870,Patna,False,,,
CMP00140,4,ACC998004,FAKE0004983,15400,2026-08-17 23:42:09.664870,Kolkata,False,,,
CMP00140,5,ACC602983,MOCK0008698,15400,2026-08-18 00:04:09.664870,Patna,True,25.593412,85.181906,False
CMP00141,1,ACC740216,FAKE0005876,63200,2026-08-24 02:14:33.664881,Hyderabad,False,,,
CMP00141,2,ACC514187,MOCK0009074,59100,2026-08-24 03:38:33.664881,Kolkata,False,,,
CMP00141,3,ACC168281,MOCK0008192,57700,2026-08-24 05:01:33.664881,Hyderabad,False,,,
CMP00141,4,ACC534714,MOCK0005794,57700,2026-08-24 06:30:33.664881,Hyderabad,True,17.382791,78.47745,True
CMP00142,1,ACC625179,MOCK0003258,161300,2026-08-15 13:47:15.664892,Kolkata,False,,,
CMP00142,2,ACC755853,FAKE0002280,155400,2026-08-15 13:57:15.664892,Hyderabad,False,,,
CMP00142,3,ACC205814,SYNTH0001843,155400,2026-08-15 14:15:15.664892,Jaipur,True,26.913825,75.794015,True
CMP00143,1,ACC243882,FAKE0007374,13900,2026-08-31 12:54:11.664902,Jaipur,False,,,
CMP00143,2,ACC956820,SYNTH0008532,13500,2026-08-31 13:40:11.664902,Pune,False,,,
CMP00143,3,ACC648781,DEMO0001518,13000,2026-08-31 14:04:11.664902,Patna,False,,,
CMP00143,4,ACC928416,TEST0003950,13000,2026-08-31 15:00:11.664902,Hyderabad,True,17.319895,78.491674,True
CMP00144,1,ACC777433,DEMO0009686,60100,2026-08-10 05:20:00.664913,Jaipur,False,,,
CMP00144,2,ACC418853,TEST0003813,57100,2026-08-10 06:32:00.664913,Jaipur,False,,,
CMP00144,3,ACC489967,FAKE0003430,52600,2026-08-10 07:07:00.664913,Jaipur,False,,,
CMP00144,4,ACC274444,SYNTH0009770,49800,2026-08-10 07:54:00.664913,Jaipur,False,,,
CMP00144,5,ACC283877,SYNTH0003641,49800,2026-08-10 08:32:00.664913,Jaipur,True,26.930591,75.788599,False
CMP00145,1,ACC905882,TEST0001716,66900,2026-08-18 20:50:59.664924,Hyderabad,False,,,
CMP00145,2,ACC260128,TEST0003875,64600,2026-08-18 22:04:59.664924,Kolkata,False,,,
CMP00145,3,ACC510320,TEST0009283,62200,2026-08-18 22:50:59.664924,Delhi,False,,,
CMP00145,4,ACC757681,DEMO0001414,60700,2026-08-18 23:00:59.664924,Kolkata,False,,,
CMP00145,5,ACC357714,TEST0003639,57500,2026-08-18 23:58:59.664924,Kolkata,False,,,
CMP00145,6,ACC159468,FAKE0007716,56500,2026-08-19 00:18:59.664924,Jaipur,False,,,
CMP00145,7,ACC859252,TEST0001629,56500,2026-08-19 01:26:59.664924,Bengaluru,True,12.964305,77.55552,False
CMP00146,1,ACC942306,MOCK0003978,103700,2026-08-22 06:02:47.664935,Bengaluru,False,,,
CMP00146,2,ACC367642,SYNTH0007600,98400,2026-08-22 06:06:47.664935,Kolkata,False,,,
CMP00146,3,ACC903868,DEMO0005856,93100,2026-08-22 07:24:47.664935,Patna,False,,,
CMP00146,4,ACC194009,TEST0003378,86400,2026-08-22 08:36:47.664935,Kolkata,False,,,
CMP00146,5,ACC767709,SYNTH0003407,79800,2026-08-22 09:46:47.664935,Patna,False,,,
CMP00146,6,ACC122306,TEST0004185,79800,2026-08-22 10:30:47.664935,Jaipur,True,26.919078,75.800018,False
CMP00147,1,ACC382496,TEST0007054,18300,2026-08-22 01:10:36.664946,Ahmedabad,False,,,
CMP00147,2,ACC425191,MOCK0007149,17100,2026-08-22 02:36:36.664946,Ahmedabad,False,,,
CMP00147,3,ACC755377,DEMO0004406,17100,2026-08-22 02:43:36.664946,Delhi,True,28.615961,77.172561,True
CMP00148,1,ACC390421,SYNTH0005668,16900,2026-08-05 23:12:41.664957,Pune,False,,,
CMP00148,2,ACC988217,TEST0004366,16000,2026-08-06 00:42:41.664957,Mumbai,False,,,
CMP00148,3,ACC884170,FAKE0004921,15400,2026-08-06 01:50:41.664957,Pune,False,,,
CMP00148,4,ACC352792,MOCK0002163,14700,2026-08-06 02:55:41.664957,Mumbai,False,,,
CMP00148,5,ACC478638,SYNTH0007337,14700,2026-08-06 04:04:41.664957,Delhi,True,28.598321,77.195113,False
CMP00149,1,ACC130221,DEMO0002289,80900,2026-08-19 16:26:24.664967,Jaipur,False,,,
CMP00149,2,ACC568383,MOCK0003571,76500,2026-08-19 17:15:24.664967,Bengaluru,False,,,
CMP00149,3,ACC429344,TEST0008470,76500,2026-08-19 18:33:24.664967,Jaipur,True,26.907721,75.811943,True
CMP00150,1,ACC889660,DEMO0004571,70000,2026-08-10 02:14:59.664979,Ahmedabad,False,,,
CMP00150,2,ACC350675,FAKE0001260,66100,2026-08-10 02:32:59.664979,Ahmedabad,False,,,
CMP00150,3,ACC837468,MOCK0001399,63300,2026-08-10 03:35:59.664979,Bengaluru,False,,,
CMP00150,4,ACC837290,TEST0008607,60900,2026-08-10 04:35:59.664979,Bengaluru,False,,,
CMP00150,5,ACC757776,TEST0009698,60900,2026-08-10 05:58:59.664979,Ahmedabad,True,23.032048,72.582151,True
CMP00151,1,ACC951452,SYNTH0004675,65500,2026-08-06 22:34:37.664993,Bengaluru,False,,,
CMP00151,2,ACC122977,SYNTH0003017,62100,2026-08-06 22:52:37.664993,Lucknow,False,,,
CMP00151,3,ACC493417,TEST0009761,57700,2026-08-06 23:40:37.664993,Delhi,False,,,
CMP00151,4,ACC150290,FAKE0001790,54400,2026-08-07 01:01:37.664993,Lucknow,False,,,
CMP00151,5,ACC565897,MOCK0005140,54400,2026-08-07 02:31:37.664993,Lucknow,True,26.812704,80.964856,True
CMP00152,1,ACC893830,DEMO0001558,69900,2026-09-01 18:34:12.665004,Pune,False,,,
CMP00152,2,ACC194191,SYNTH0003727,66800,2026-09-01 20:04:12.665004,Lucknow,False,,,
CMP00152,3,ACC381002,SYNTH0005190,64500,2026-09-01 21:14:12.665004,Mumbai,False,,,
CMP00152,4,ACC685466,MOCK0001023,60300,2026-09-01 21:20:12.665004,Mumbai,False,,,
CMP00152,5,ACC878030,FAKE0006258,60300,2026-09-01 22:06:12.665004,Pune,True,18.533763,73.878891,True
CMP00153,1,ACC176461,TEST0008305,30400,2026-08-09 16:23:59.665015,Delhi,False,,,
CMP00153,2,ACC784578,FAKE0007397,28700,2026-08-09 16:27:59.665015,Hyderabad,False,,,
CMP00153,3,ACC445852,MOCK0001060,26600,2026-08-09 17:03:59.665015,Delhi,False,,,
CMP00153,4,ACC601365,FAKE0009849,25500,2026-08-09 18:10:59.665015,Kolkata,False,,,
CMP00153,5,ACC822742,DEMO0002985,23800,2026-08-09 18:40:59.665015,Delhi,False,,,
CMP00153,6,ACC449636,DEMO0001904,22400,2026-08-09 19:54:59.665015,Lucknow,False,,,
CMP00153,7,ACC483102,TEST0002318,22400,2026-08-09 21:16:59.665015,Bengaluru,True,12.962539,77.566608,True
CMP00154,1,ACC811517,FAKE0004838,64400,2026-08-17 06:02:07.665026,Kolkata,False,,,
CMP00154,2,ACC546582,MOCK0007565,60300,2026-08-17 07:08:07.665026,Hyderabad,False,,,
CMP00154,3,ACC637085,TEST0009586,59000,2026-08-17 08:25:07.665026,Hyderabad,False,,,
CMP00154,4,ACC236200,FAKE0002481,55700,2026-08-17 08:52:07.665026,Bengaluru,False,,,
CMP00154,5,ACC940422,DEMO0003708,53800,2026-08-17 09:33:07.665026,Bengaluru,False,,,
CMP00154,6,ACC254655,SYNTH0005936,52500,2026-08-17 10:33:07.665026,Hyderabad,False,,,
CMP00154,7,ACC347656,DEMO0002477,52500,2026-08-17 11:14:07.665026,Hyderabad,True,17.410602,78.501513,False
CMP00155,1,ACC667802,DEMO0003048,65700,2026-08-18 21:51:23.665039,Mumbai,False,,,
CMP00155,2,ACC525504,DEMO0008546,65700,2026-08-18 23:13:23.665039,Mumbai,True,19.083469,72.858905,True
CMP00156,1,ACC797994,TEST0007321,29200,2026-08-28 21:45:06.665050,Kolkata,False,,,
CMP00156,2,ACC611016,TEST0006680,27700,2026-08-28 22:35:06.665050,Jaipur,False,,,
CMP00156,3,ACC404272,MOCK0001697,26900,2026-08-28 22:51:06.665050,Jaipur,False,,,
CMP00156,4,ACC632737,DEMO0008965,26900,2026-08-29 00:17:06.665050,Jaipur,True,26.930285,75.805255,False
CMP00157,1,ACC123482,FAKE0002967,260300,2026-08-19 21:50:29.665064,Kolkata,False,,,
CMP00157,2,ACC579123,SYNTH0002971,260300,2026-08-19 22:30:29.665064,Kolkata,True,22.519554,88.348704,False
CMP00158,1,ACC868661,MOCK0002322,80300,2026-08-15 09:20:13.665075,Jaipur,False,,,
CMP00158,2,ACC596162,SYNTH0007328,80300,2026-08-15 09:59:13.665075,Jaipur,True,26.878722,75.76301,False
CMP00159,1,ACC795804,TEST0003788,19100,2026-08-28 17:27:59.665087,Lucknow,False,,,
CMP00159,2,ACC390387,MOCK0009465,19100,2026-08-28 18:52:59.665087,Kolkata,True,22.591121,88.35107,False
CMP00160,1,ACC373363,TEST0008954,89000,2026-08-16 12:47:52.665098,Lucknow,False,,,
CMP00160,2,ACC958285,DEMO0007714,87800,2026-08-16 13:17:52.665098,Lucknow,False,,,
CMP00160,3,ACC662050,FAKE0006401,85700,2026-08-16 13:47:52.665098,Bengaluru,False,,,
CMP00160,4,ACC857311,DEMO0002478,84700,2026-08-16 14:05:52.665098,Delhi,False,,,
CMP00160,5,ACC166547,MOCK0004448,84700,2026-08-16 14:49:52.665098,Ahmedabad,True,23.054744,72.58823,True
CMP00161,1,ACC142608,MOCK0005329,23000,2026-08-07 07:37:42.665109,Ahmedabad,False,,,
CMP00161,2,ACC987110,TEST0008640,22400,2026-08-07 07:55:42.665109,Ahmedabad,False,,,
CMP00161,3,ACC438302,MOCK0005934,22400,2026-08-07 08:16:42.665109,Ahmedabad,True,23.061638,72.569756,True
CMP00162,1,ACC724145,FAKE0007251,101500,2026-08-08 08:14:27.665119,Mumbai,False,,,
CMP00162,2,ACC464831,DEMO0007824,94200,2026-08-08 08:26:27.665119,Jaipur,False,,,
CMP00162,3,ACC883997,MOCK0001187,94200,2026-08-08 08:43:27.665119,Hyderabad,True,17.429942,78.502721,True
CMP00163,1,ACC417624,SYNTH0004186,145700,2026-08-20 23:47:19.665130,Pune,False,,,
CMP00163,2,ACC938306,SYNTH0007994,135800,2026-08-21 00:42:19.665130,Patna,False,,,
CMP00163,3,ACC100594,SYNTH0001613,125000,2026-08-21 01:54:19.665130,Hyderabad,False,,,
CMP00163,4,ACC329737,SYNTH0009085,119700,2026-08-21 02:29:19.665130,Mumbai,False,,,
CMP00163,5,ACC581932,TEST0007096,119700,2026-08-21 02:45:19.665130,Pune,True,18.538136,73.845813,False
CMP00164,1,ACC944554,MOCK0007620,25500,2026-08-06 18:58:10.665141,Delhi,False,,,
CMP00164,2,ACC246726,DEMO0005843,24000,2026-08-06 20:24:10.665141,Lucknow,False,,,
CMP00164,3,ACC507135,MOCK0004111,24000,2026-08-06 20:59:10.665141,Patna,True,25.589922,85.141268,False
CMP00165,1,ACC485364,TEST0005473,116400,2026-08-12 08:48:01.665152,Patna,False,,,
CMP00165,2,ACC563143,FAKE0006883,113300,2026-08-12 09:38:01.665152,Jaipur,False,,,
CMP00165,3,ACC626138,FAKE0005528,108100,2026-08-12 09:50:01.665152,Jaipur,False,,,
CMP00165,4,ACC174814,MOCK0004281,104300,2026-08-12 10:21:01.665152,Jaipur,False,,,
CMP00165,5,ACC445234,TEST0004123,104300,2026-08-12 11:05:01.665152,Jaipur,True,26.88271,75.795046,True
CMP00166,1,ACC659319,DEMO0001982,73000,2026-08-24 13:41:14.665163,Pune,False,,,
CMP00166,2,ACC115743,MOCK0009458,71700,2026-08-24 13:43:14.665163,Ahmedabad,False,,,
CMP00166,3,ACC685975,FAKE0003832,70300,2026-08-24 14:35:14.665163,Kolkata,False,,,
CMP00166,4,ACC565660,FAKE0005476,70300,2026-08-24 15:50:14.665163,Jaipur,True,26.939924,75.836259,False
CMP00167,1,ACC788758,FAKE0006141,106700,2026-08-26 17:06:45.665174,Kolkata,False,,,
CMP00167,2,ACC479093,MOCK0002191,103300,2026-08-26 17:43:45.665174,Delhi,False,,,
CMP00167,3,ACC486177,TEST0002179,103300,2026-08-26 18:07:45.665174,Mumbai,True,19.110016,72.844979,True
CMP00168,1,ACC116389,FAKE0001104,256100,2026-08-09 22:23:20.665185,Bengaluru,False,,,
CMP00168,2,ACC193471,MOCK0005648,256100,2026-08-09 22:25:20.665185,Pune,True,18.522321,73.824625,False
CMP00169,1,ACC562991,DEMO0004335,43800,2026-08-30 08:51:48.665196,Jaipur,False,,,
CMP00169,2,ACC228453,TEST0008875,42300,2026-08-30 09:00:48.665196,Kolkata,False,,,
CMP00169,3,ACC604526,FAKE0004547,42300,2026-08-30 10:10:48.665196,Hyderabad,True,17.373249,78.493347,True
CMP00170,1,ACC448273,FAKE0005714,28500,2026-08-23 23:58:31.665207,Hyderabad,False,,,
CMP00170,2,ACC615934,DEMO0003866,27600,2026-08-24 00:46:31.665207,Jaipur,False,,,
CMP00170,3,ACC118276,SYNTH0006716,27600,2026-08-24 01:02:31.665207,Delhi,True,28.602054,77.208639,True
CMP00171,1,ACC302488,MOCK0005983,24100,2026-09-02 17:28:35.665218,Bengaluru,False,,,
CMP00171,2,ACC966869,SYNTH0006587,22400,2026-09-02 18:33:35.665218,Bengaluru,False,,,
CMP00171,3,ACC829896,MOCK0009211,21400,2026-09-02 19:25:35.665218,Ahmedabad,False,,,
CMP00171,4,ACC235022,MOCK0009946,20900,2026-09-02 20:34:35.665218,Bengaluru,False,,,
CMP00171,5,ACC789191,TEST0002104,20900,2026-09-02 21:59:35.665218,Lucknow,True,26.876999,80.952731,True
CMP00172,1,ACC187984,MOCK0004333,25600,2026-08-11 21:13:36.665229,Hyderabad,False,,,
CMP00172,2,ACC276358,MOCK0007942,23900,2026-08-11 21:33:36.665229,Hyderabad,False,,,
CMP00172,3,ACC952118,MOCK0005739,22900,2026-08-11 22:46:36.665229,Delhi,False,,,
CMP00172,4,ACC163098,DEMO0005477,22900,2026-08-12 00:11:36.665229,Delhi,True,28.616534,77.175649,False
CMP00173,1,ACC940383,SYNTH0007250,48500,2026-08-12 19:26:09.665240,Pune,False,,,
CMP00173,2,ACC563849,FAKE0009055,45900,2026-08-12 20:34:09.665240,Mumbai,False,,,
CMP00173,3,ACC765181,SYNTH0003057,45900,2026-08-12 20:44:09.665240,Delhi,True,28.597668,77.178401,False
CMP00174,1,ACC525608,MOCK0001777,68100,2026-08-25 12:24:02.665252,Pune,False,,,
CMP00174,2,ACC567157,TEST0001821,63500,2026-08-25 13:08:02.665252,Ahmedabad,False,,,
CMP00174,3,ACC749985,FAKE0006967,61400,2026-08-25 14:00:02.665252,Ahmedabad,False,,,
CMP00174,4,ACC691995,FAKE0001557,60000,2026-08-25 14:52:02.665252,Ahmedabad,False,,,
CMP00174,5,ACC212344,TEST0001451,60000,2026-08-25 16:03:02.665252,Jaipur,True,26.925428,75.80343,True
CMP00175,1,ACC980096,DEMO0008729,65800,2026-08-15 12:36:17.665264,Mumbai,False,,,
CMP00175,2,ACC913063,TEST0003120,62100,2026-08-15 13:55:17.665264,Ahmedabad,False,,,
CMP00175,3,ACC712885,DEMO0002107,58800,2026-08-15 14:38:17.665264,Jaipur,False,,,
CMP00175,4,ACC868477,FAKE0002740,57600,2026-08-15 14:45:17.665264,Patna,False,,,
CMP00175,5,ACC439381,SYNTH0002727,54000,2026-08-15 15:50:17.665264,Kolkata,False,,,
CMP00175,6,ACC892528,FAKE0002014,49800,2026-08-15 16:14:17.665264,Lucknow,False,,,
CMP00175,7,ACC139235,FAKE0008234,49800,2026-08-15 17:34:17.665264,Patna,True,25.627305,85.151506,False
CMP00176,1,ACC414458,DEMO0008715,107700,2026-09-03 15:11:26.665275,Pune,False,,,
CMP00176,2,ACC862477,MOCK0006844,105700,2026-09-03 15:45:26.665275,Bengaluru,False,,,
CMP00176,3,ACC186330,DEMO0005386,97800,2026-09-03 16:56:26.665275,Bengaluru,False,,,
CMP00176,4,ACC166733,TEST0001215,93800,2026-09-03 18:16:26.665275,Bengaluru,False,,,
CMP00176,5,ACC638569,DEMO0002176,93800,2026-09-03 18:38:26.665275,Mumbai,True,19.038587,72.861449,True
CMP00177,1,ACC734122,TEST0007165,51400,2026-08-24 07:58:56.665286,Lucknow,False,,,
CMP00177,2,ACC741522,TEST0008422,49300,2026-08-24 08:49:56.665286,Pune,False,,,
CMP00177,3,ACC167905,SYNTH0006538,47300,2026-08-24 09:56:56.665286,Lucknow,False,,,
CMP00177,4,ACC267570,TEST0004983,47300,2026-08-24 10:11:56.665286,Lucknow,True,26.816852,80.949774,False
CMP00178,1,ACC373820,TEST0005617,187200,2026-08-12 09:38:39.665297,Ahmedabad,False,,,
CMP00178,2,ACC525468,FAKE0008733,174600,2026-08-12 10:24:39.665297,Lucknow,False,,,
CMP00178,3,ACC516814,SYNTH0008773,170100,2026-08-12 11:49:39.665297,Bengaluru,False,,,
CMP00178,4,ACC894423,DEMO0006581,162800,2026-08-12 12:20:39.665297,Ahmedabad,False,,,
CMP00178,5,ACC296971,DEMO0004433,156300,2026-08-12 12:32:39.665297,Kolkata,False,,,
CMP00178,6,ACC685573,SYNTH0003102,154400,2026-08-12 13:30:39.665297,Kolkata,False,,,
CMP00178,7,ACC624078,TEST0006567,154400,2026-08-12 14:11:39.665297,Delhi,True,28.629744,77.219345,False
CMP00179,1,ACC176287,SYNTH0006363,40400,2026-08-22 19:24:49.665308,Bengaluru,False,,,
CMP00179,2,ACC578911,FAKE0009753,37900,2026-08-22 20:38:49.665308,Kolkata,False,,,
CMP00179,3,ACC550846,MOCK0005731,35900,2026-08-22 22:07:49.665308,Kolkata,False,,,
CMP00179,4,ACC233037,FAKE0006421,33300,2026-08-22 23:18:49.665308,Bengaluru,False,,,
CMP00179,5,ACC794486,DEMO0005108,31000,2026-08-22 23:24:49.665308,Hyderabad,False,,,
CMP00179,6,ACC412619,TEST0009391,28800,2026-08-23 00:30:49.665308,Bengaluru,False,,,
CMP00179,7,ACC397340,MOCK0009315,28800,2026-08-23 01:42:49.665308,Mumbai,True,19.073535,72.878171,True
CMP00180,1,ACC278584,TEST0003292,471200,2026-08-28 10:37:58.665318,Pune,False,,,
CMP00180,2,ACC221274,TEST0009015,434200,2026-08-28 11:19:58.665318,Patna,False,,,
CMP00180,3,ACC169793,FAKE0009668,434200,2026-08-28 12:08:58.665318,Kolkata,True,22.542865,88.404967,True
CMP00181,1,ACC298202,FAKE0009561,92600,2026-08-07 19:33:20.665329,Kolkata,False,,,
CMP00181,2,ACC786341,TEST0007698,90300,2026-08-07 19:50:20.665329,Lucknow,False,,,
CMP00181,3,ACC546768,TEST0005281,85300,2026-08-07 20:38:20.665329,Kolkata,False,,,
CMP00181,4,ACC483405,DEMO0004337,80800,2026-08-07 21:48:20.665329,Kolkata,False,,,
CMP00181,5,ACC605904,MOCK0008925,79000,2026-08-07 22:42:20.665329,Ahmedabad,False,,,
CMP00181,6,ACC911801,SYNTH0002951,79000,2026-08-07 23:16:20.665329,Jaipur,True,26.881112,75.823394,False
CMP00182,1,ACC336001,TEST0003184,25900,2026-08-13 10:54:55.665340,Ahmedabad,False,,,
CMP00182,2,ACC153379,DEMO0003793,24900,2026-08-13 12:01:55.665340,Jaipur,False,,,
CMP00182,3,ACC812049,MOCK0002931,24200,2026-08-13 12:50:55.665340,Lucknow,False,,,
CMP00182,4,ACC407804,FAKE0007449,23500,2026-08-13 13:29:55.665340,Jaipur,False,,,
CMP00182,5,ACC965837,DEMO0008999,21800,2026-08-13 13:58:55.665340,Ahmedabad,False,,,
CMP00182,6,ACC745430,TEST0006798,21800,2026-08-13 14:07:55.665340,Jaipur,True,26.922114,75.849625,True
CMP00183,1,ACC882233,MOCK0002264,20400,2026-08-14 05:14:42.665351,Kolkata,False,,,
CMP00183,2,ACC784405,DEMO0003700,19300,2026-08-14 06:44:42.665351,Jaipur,False,,,
CMP00183,3,ACC304189,FAKE0002274,19300,2026-08-14 06:52:42.665351,Lucknow,True,26.884969,80.976669,True
CMP00184,1,ACC144995,MOCK0008091,80300,2026-08-27 04:14:06.665362,Patna,False,,,
CMP00184,2,ACC167201,MOCK0004660,78700,2026-08-27 04:54:06.665362,Patna,False,,,
CMP00184,3,ACC128716,TEST0002747,78700,2026-08-27 06:08:06.665362,Patna,True,25.576732,85.127368,True
CMP00185,1,ACC885673,MOCK0004737,44400,2026-08-22 07:40:14.665374,Bengaluru,False,,,
CMP00185,2,ACC802699,TEST0004997,41900,2026-08-22 08:48:14.665374,Jaipur,False,,,
CMP00185,3,ACC688411,TEST0001050,39300,2026-08-22 09:56:14.665374,Patna,False,,,
CMP00185,4,ACC249376,MOCK0008113,36400,2026-08-22 10:42:14.665374,Mumbai,False,,,
CMP00185,5,ACC943668,SYNTH0007655,36400,2026-08-22 11:27:14.665374,Patna,True,25.582023,85.14127,False
CMP00186,1,ACC389809,TEST0005216,94500,2026-08-09 15:38:33.665385,Kolkata,False,,,
CMP00186,2,ACC914854,DEMO0006450,93100,2026-08-09 16:00:33.665385,Jaipur,False,,,
CMP00186,3,ACC952283,DEMO0002137,90400,2026-08-09 16:09:33.665385,Pune,False,,,
CMP00186,4,ACC739947,DEMO0002776,87000,2026-08-09 17:13:33.665385,Hyderabad,False,,,
CMP00186,5,ACC328994,FAKE0008234,87000,2026-08-09 17:33:33.665385,Patna,True,25.622819,85.094107,True
CMP00187,1,ACC411643,TEST0002645,76200,2026-08-21 14:50:17.665402,Ahmedabad,False,,,
CMP00187,2,ACC427042,DEMO0002523,76200,2026-08-21 15:43:17.665402,Delhi,True,28.546319,77.225947,False
CMP00188,1,ACC630415,DEMO0007869,49900,2026-08-21 01:01:12.665416,Ahmedabad,False,,,
CMP00188,2,ACC185070,MOCK0008883,48600,2026-08-21 02:15:12.665416,Mumbai,False,,,
CMP00188,3,ACC429207,FAKE0008137,45000,2026-08-21 03:41:12.665416,Mumbai,False,,,
CMP00188,4,ACC534344,FAKE0006468,43100,2026-08-21 04:34:12.665416,Hyderabad,False,,,
CMP00188,5,ACC347130,DEMO0007493,43100,2026-08-21 05:23:12.665416,Mumbai,True,19.09447,72.893084,True
CMP00189,1,ACC793948,MOCK0005991,25700,2026-08-18 14:35:36.665427,Hyderabad,False,,,
CMP00189,2,ACC937200,DEMO0003363,23900,2026-08-18 15:19:36.665427,Pune,False,,,
CMP00189,3,ACC107104,FAKE0006871,22000,2026-08-18 16:30:36.665427,Lucknow,False,,,
CMP00189,4,ACC174462,MOCK0007778,20800,2026-08-18 17:47:36.665427,Pune,False,,,
CMP00189,5,ACC730745,SYNTH0003969,20800,2026-08-18 18:09:36.665427,Hyderabad,True,17.36431,78.488854,False
CMP00190,1,ACC947811,SYNTH0004172,14500,2026-08-31 00:57:15.665438,Ahmedabad,False,,,
CMP00190,2,ACC270080,SYNTH0007457,14100,2026-08-31 01:30:15.665438,Kolkata,False,,,
CMP00190,3,ACC107594,FAKE0006682,13200,2026-08-31 01:52:15.665438,Bengaluru,False,,,
CMP00190,4,ACC776446,SYNTH0005414,12900,2026-08-31 03:06:15.665438,Ahmedabad,False,,,
CMP00190,5,ACC707951,TEST0007435,12900,2026-08-31 03:42:15.665438,Kolkata,True,22.572957,88.340052,True
CMP00191,1,ACC896867,SYNTH0004243,36100,2026-08-23 16:52:42.665449,Ahmedabad,False,,,
CMP00191,2,ACC138821,SYNTH0008068,35000,2026-08-23 18:13:42.665449,Pune,False,,,
CMP00191,3,ACC662192,SYNTH0008460,35000,2026-08-23 19:03:42.665449,Bengaluru,True,12.957546,77.589369,True
CMP00192,1,ACC899053,DEMO0008837,106400,2026-08-24 12:38:39.665460,Bengaluru,False,,,
CMP00192,2,ACC520726,TEST0002103,104300,2026-08-24 14:08:39.665460,Jaipur,False,,,
CMP00192,3,ACC182905,FAKE0002512,104300,2026-08-24 14:59:39.665460,Bengaluru,True,12.908343,77.58745,True
CMP00193,1,ACC794037,TEST0005351,62900,2026-08-15 03:16:47.665471,Lucknow,False,,,
CMP00193,2,ACC471643,SYNTH0007503,60400,2026-08-15 03:33:47.665471,Mumbai,False,,,
CMP00193,3,ACC449951,TEST0007058,60400,2026-08-15 04:39:47.665471,Lucknow,True,26.900633,80.931057,True
CMP00194,1,ACC224249,SYNTH0004107,18700,2026-08-12 08:04:34.665482,Mumbai,False,,,
CMP00194,2,ACC433396,SYNTH0001756,17700,2026-08-12 08:30:34.665482,Jaipur,False,,,
CMP00194,3,ACC408472,TEST0005049,16500,2026-08-12 09:50:34.665482,Ahmedabad,False,,,
CMP00194,4,ACC232601,MOCK0009011,15400,2026-08-12 09:58:34.665482,Pune,False,,,
CMP00194,5,ACC929420,FAKE0003743,14500,2026-08-12 10:26:34.665482,Patna,False,,,
CMP00194,6,ACC776406,TEST0009168,14500,2026-08-12 11:33:34.665482,Kolkata,True,22.555763,88.370875,False
CMP00195,1,ACC940997,DEMO0002993,60000,2026-08-24 21:53:16.665492,Ahmedabad,False,,,
CMP00195,2,ACC298548,FAKE0005731,57800,2026-08-24 21:56:16.665492,Jaipur,False,,,
CMP00195,3,ACC679896,TEST0004997,56100,2026-08-24 22:05:16.665492,Pune,False,,,
CMP00195,4,ACC891797,DEMO0005527,55400,2026-08-24 23:29:16.665492,Ahmedabad,False,,,
CMP00195,5,ACC772676,TEST0006068,54300,2026-08-25 00:24:16.665492,Ahmedabad,False,,,
CMP00195,6,ACC972475,FAKE0001571,51200,2026-08-25 01:18:16.665492,Lucknow,False,,,
CMP00195,7,ACC910648,DEMO0007623,51200,2026-08-25 01:20:16.665492,Delhi,True,28.620628,77.20042,False
CMP00196,1,ACC561101,SYNTH0005400,73100,2026-08-06 14:02:56.665503,Lucknow,False,,,
CMP00196,2,ACC888775,FAKE0002404,68800,2026-08-06 15:16:56.665503,Lucknow,False,,,
CMP00196,3,ACC667750,MOCK0004727,68800,2026-08-06 16:43:56.665503,Lucknow,True,26.863747,80.992368,True
CMP00197,1,ACC396327,FAKE0009459,25400,2026-08-16 11:27:29.665514,Patna,False,,,
CMP00197,2,ACC170528,MOCK0004416,24300,2026-08-16 11:56:29.665514,Ahmedabad,False,,,
CMP00197,3,ACC821401,DEMO0004845,24300,2026-08-16 12:20:29.665514,Ahmedabad,True,23.036638,72.527381,True
CMP00198,1,ACC776624,MOCK0005079,60800,2026-08-17 20:50:19.665525,Jaipur,False,,,
CMP00198,2,ACC688528,DEMO0002826,58100,2026-08-17 21:35:19.665525,Delhi,False,,,
CMP00198,3,ACC634299,SYNTH0003929,55600,2026-08-17 22:00:19.665525,Lucknow,False,,,
CMP00198,4,ACC199161,DEMO0006610,55600,2026-08-17 22:10:19.665525,Jaipur,True,26.92524,75.773982,False
CMP00199,1,ACC534166,TEST0009887,55600,2026-08-14 14:27:20.665538,Kolkata,False,,,
CMP00199,2,ACC218887,DEMO0008018,51400,2026-08-14 15:23:20.665538,Jaipur,False,,,
CMP00199,3,ACC723789,DEMO0007251,50300,2026-08-14 16:12:20.665538,Lucknow,False,,,
CMP00199,4,ACC764909,MOCK0002625,48800,2026-08-14 16:50:20.665538,Patna,False,,,
CMP00199,5,ACC193992,MOCK0007738,46100,2026-08-14 17:03:20.665538,Mumbai,False,,,
CMP00199,6,ACC204545,MOCK0001534,43600,2026-08-14 17:18:20.665538,Ahmedabad,False,,,
CMP00199,7,ACC541073,DEMO0007243,43600,2026-08-14 18:45:20.665538,Lucknow,True,26.832287,80.881424,True
CMP00200,1,ACC804758,FAKE0004908,20400,2026-08-05 15:23:38.665549,Mumbai,False,,,
CMP00200,2,ACC491439,MOCK0007364,19200,2026-08-05 16:04:38.665549,Kolkata,False,,,
CMP00200,3,ACC543588,MOCK0003838,18800,2026-08-05 16:59:38.665549,Lucknow,False,,,
CMP00200,4,ACC402865,TEST0008389,18400,2026-08-05 18:12:38.665549,Kolkata,False,,,
CMP00200,5,ACC476479,DEMO0003236,17000,2026-08-05 19:33:38.665549,Kolkata,False,,,
CMP00200,6,ACC629990,DEMO0009056,16100,2026-08-05 19:59:38.665549,Ahmedabad,False,,,
CMP00200,7,ACC612438,MOCK0001505,16100,2026-08-05 20:54:38.665549,Patna,True,25.593233,85.143455,True
CMP00201,1,ACC346636,MOCK0009404,71800,2026-08-24 07:06:21.665560,Mumbai,False,,,
CMP00201,2,ACC253727,FAKE0008281,71800,2026-08-24 08:24:21.665560,Kolkata,True,22.590024,88.355555,False
CMP00202,1,ACC222346,DEMO0008539,87600,2026-08-11 07:49:12.665572,Lucknow,False,,,
CMP00202,2,ACC789666,MOCK0008974,80800,2026-08-11 09:19:12.665572,Lucknow,False,,,
CMP00202,3,ACC824211,DEMO0005958,76200,2026-08-11 09:59:12.665572,Jaipur,False,,,
CMP00202,4,ACC114549,FAKE0004083,74400,2026-08-11 10:12:12.665572,Lucknow,False,,,
CMP00202,5,ACC780130,SYNTH0008139,72900,2026-08-11 10:17:12.665572,Lucknow,False,,,
CMP00202,6,ACC300188,DEMO0003427,72900,2026-08-11 11:39:12.665572,Ahmedabad,True,23.047044,72.563279,True
CMP00203,1,ACC922312,DEMO0009771,127200,2026-08-18 14:14:53.665583,Lucknow,False,,,
CMP00203,2,ACC966431,TEST0004669,120500,2026-08-18 14:56:53.665583,Lucknow,False,,,
CMP00203,3,ACC977252,MOCK0008174,118800,2026-08-18 15:57:53.665583,Lucknow,False,,,
CMP00203,4,ACC279664,DEMO0001942,117400,2026-08-18 17:02:53.665583,Mumbai,False,,,
CMP00203,5,ACC166874,FAKE0005523,110600,2026-08-18 17:48:53.665583,Bengaluru,False,,,
CMP00203,6,ACC863112,MOCK0009041,110600,2026-08-18 19:02:53.665583,Lucknow,True,26.851111,80.937024,True
CMP00204,1,ACC293194,FAKE0006944,125600,2026-08-12 05:51:06.665594,Bengaluru,False,,,
CMP00204,2,ACC131475,SYNTH0005760,119500,2026-08-12 05:54:06.665594,Bengaluru,False,,,
CMP00204,3,ACC714136,TEST0001719,110700,2026-08-12 06:52:06.665594,Bengaluru,False,,,
CMP00204,4,ACC397901,TEST0003855,108200,2026-08-12 06:57:06.665594,Bengaluru,False,,,
CMP00204,5,ACC287214,SYNTH0005289,105600,2026-08-12 07:42:06.665594,Pune,False,,,
CMP00204,6,ACC810360,FAKE0006544,103500,2026-08-12 07:56:06.665594,Bengaluru,False,,,
CMP00204,7,ACC351815,TEST0003807,103500,2026-08-12 08:24:06.665594,Bengaluru,True,12.964226,77.625794,True
CMP00205,1,ACC493468,SYNTH0007382,16200,2026-08-08 23:53:06.665605,Jaipur,False,,,
CMP00205,2,ACC839525,FAKE0005448,15100,2026-08-09 00:18:06.665605,Pune,False,,,
CMP00205,3,ACC349185,TEST0004541,15100,2026-08-09 01:12:06.665605,Ahmedabad,True,23.032481,72.58758,True
CMP00206,1,ACC946826,MOCK0001660,23400,2026-08-06 04:14:44.665616,Lucknow,False,,,
CMP00206,2,ACC255528,SYNTH0006828,23000,2026-08-06 04:43:44.665616,Jaipur,False,,,
CMP00206,3,ACC372804,SYNTH0001509,21400,2026-08-06 05:35:44.665616,Pune,False,,,
CMP00206,4,ACC884417,FAKE0008570,21400,2026-08-06 06:28:44.665616,Ahmedabad,True,23.029647,72.579761,True
CMP00207,1,ACC877448,TEST0005261,82000,2026-08-30 20:15:41.665627,Mumbai,False,,,
CMP00207,2,ACC466785,MOCK0006325,77600,2026-08-30 20:24:41.665627,Delhi,False,,,
CMP00207,3,ACC874016,SYNTH0008569,73500,2026-08-30 20:39:41.665627,Pune,False,,,
CMP00207,4,ACC288934,FAKE0003622,70000,2026-08-30 21:01:41.665627,Kolkata,False,,,
CMP00207,5,ACC506445,FAKE0005890,68200,2026-08-30 22:16:41.665627,Delhi,False,,,
CMP00207,6,ACC231531,DEMO0008414,68200,2026-08-30 23:30:41.665627,Mumbai,True,19.058884,72.897466,False
CMP00208,1,ACC538738,FAKE0007373,81400,2026-08-12 11:54:59.665638,Bengaluru,False,,,
CMP00208,2,ACC315667,DEMO0003601,78800,2026-08-12 12:22:59.665638,Bengaluru,False,,,
CMP00208,3,ACC716029,DEMO0005512,78800,2026-08-12 13:41:59.665638,Jaipur,True,26.936497,75.842563,True
CMP00209,1,ACC979950,SYNTH0005823,79700,2026-08-22 06:53:48.665649,Delhi,False,,,
CMP00209,2,ACC523847,FAKE0007681,75800,2026-08-22 07:13:48.665649,Patna,False,,,
CMP00209,3,ACC595952,FAKE0008490,75800,2026-08-22 08:34:48.665649,Ahmedabad,True,22.98297,72.593776,True
CMP00210,1,ACC796776,SYNTH0009016,484700,2026-08-24 15:49:55.665660,Hyderabad,False,,,
CMP00210,2,ACC973048,DEMO0003780,461000,2026-08-24 16:12:55.665660,Jaipur,False,,,
CMP00210,3,ACC848910,MOCK0001995,456000,2026-08-24 16:23:55.665660,Lucknow,False,,,
CMP00210,4,ACC358933,TEST0006389,425100,2026-08-24 16:33:55.665660,Patna,False,,,
CMP00210,5,ACC505393,SYNTH0006324,425100,2026-08-24 17:56:55.665660,Jaipur,True,26.978509,75.749726,True
CMP00211,1,ACC921779,DEMO0005311,88200,2026-08-18 12:54:03.665670,Jaipur,False,,,
CMP00211,2,ACC908251,TEST0007575,82000,2026-08-18 13:16:03.665670,Jaipur,False,,,
CMP00211,3,ACC985752,FAKE0006468,78300,2026-08-18 14:02:03.665670,Bengaluru,False,,,
CMP00211,4,ACC431910,FAKE0002481,78300,2026-08-18 14:49:03.665670,Hyderabad,True,17.366635,78.466444,False
CMP00212,1,ACC730275,FAKE0006922,135100,2026-08-14 11:38:31.665681,Pune,False,,,
CMP00212,2,ACC156704,FAKE0007929,131700,2026-08-14 12:35:31.665681,Hyderabad,False,,,
CMP00212,3,ACC284660,FAKE0005487,129600,2026-08-14 13:11:31.665681,Pune,False,,,
CMP00212,4,ACC846802,DEMO0009597,129600,2026-08-14 14:04:31.665681,Pune,True,18.456552,73.880058,True
CMP00213,1,ACC901215,DEMO0003045,121600,2026-08-12 02:09:13.665692,Kolkata,False,,,
CMP00213,2,ACC495727,FAKE0003089,117700,2026-08-12 02:21:13.665692,Delhi,False,,,
CMP00213,3,ACC157450,DEMO0002077,114000,2026-08-12 02:30:13.665692,Kolkata,False,,,
CMP00213,4,ACC154738,DEMO0007581,110500,2026-08-12 02:45:13.665692,Ahmedabad,False,,,
CMP00213,5,ACC344435,MOCK0001173,102700,2026-08-12 02:59:13.665692,Patna,False,,,
CMP00213,6,ACC933790,MOCK0002659,102700,2026-08-12 03:59:13.665692,Mumbai,True,19.05845,72.861127,True
CMP00214,1,ACC433704,TEST0001688,93900,2026-09-01 09:32:00.665703,Kolkata,False,,,
CMP00214,2,ACC832326,TEST0009212,87900,2026-09-01 10:19:00.665703,Kolkata,False,,,
CMP00214,3,ACC928136,TEST0001266,87900,2026-09-01 10:31:00.665703,Patna,True,25.596233,85.117393,True
CMP00215,1,ACC881563,SYNTH0007848,41000,2026-08-31 14:16:16.665715,Lucknow,False,,,
CMP00215,2,ACC821645,SYNTH0009449,39200,2026-08-31 15:29:16.665715,Jaipur,False,,,
CMP00215,3,ACC166290,FAKE0006552,37000,2026-08-31 16:26:16.665715,Jaipur,False,,,
CMP00215,4,ACC756221,DEMO0005389,37000,2026-08-31 16:57:16.665715,Lucknow,True,26.877595,80.919424,False
CMP00216,1,ACC993891,TEST0003990,101000,2026-08-22 21:51:41.665726,Lucknow,False,,,
CMP00216,2,ACC722429,SYNTH0006783,97200,2026-08-22 23:00:41.665726,Delhi,False,,,
CMP00216,3,ACC769307,SYNTH0009727,94500,2026-08-23 00:20:41.665726,Delhi,False,,,
CMP00216,4,ACC970641,SYNTH0009948,87800,2026-08-23 01:35:41.665726,Patna,False,,,
CMP00216,5,ACC524569,FAKE0006371,85900,2026-08-23 02:50:41.665726,Lucknow,False,,,
CMP00216,6,ACC857513,DEMO0003914,85900,2026-08-23 03:15:41.665726,Lucknow,True,26.831389,80.955238,False
CMP00217,1,ACC145727,MOCK0004677,27700,2026-08-27 13:26:45.665737,Mumbai,False,,,
CMP00217,2,ACC773569,SYNTH0002546,27300,2026-08-27 13:48:45.665737,Delhi,False,,,
CMP00217,3,ACC885575,FAKE0007102,27300,2026-08-27 14:12:45.665737,Lucknow,True,26.882269,80.969355,True
CMP00218,1,ACC664814,DEMO0003022,44500,2026-08-11 22:01:43.665748,Mumbai,False,,,
CMP00218,2,ACC967661,DEMO0003903,42200,2026-08-11 22:48:43.665748,Patna,False,,,
CMP00218,3,ACC488477,DEMO0001153,39000,2026-08-11 22:51:43.665748,Bengaluru,False,,,
CMP00218,4,ACC813612,TEST0004137,36100,2026-08-11 23:21:43.665748,Jaipur,False,,,
CMP00218,5,ACC947684,SYNTH0009090,33900,2026-08-11 23:34:43.665748,Jaipur,False,,,
CMP00218,6,ACC616777,MOCK0004425,33900,2026-08-12 00:22:43.665748,Bengaluru,True,12.971109,77.608412,False
CMP00219,1,ACC673268,MOCK0004637,35700,2026-08-24 08:31:13.665760,Ahmedabad,False,,,
CMP00219,2,ACC830530,MOCK0001673,34100,2026-08-24 09:07:13.665760,Kolkata,False,,,
CMP00219,3,ACC371090,SYNTH0009637,32800,2026-08-24 10:04:13.665760,Ahmedabad,False,,,
CMP00219,4,ACC545555,FAKE0002461,32400,2026-08-24 11:02:13.665760,Mumbai,False,,,
CMP00219,5,ACC969999,SYNTH0006861,31800,2026-08-24 11:42:13.665760,Ahmedabad,False,,,
CMP00219,6,ACC960617,DEMO0002768,29500,2026-08-24 13:08:13.665760,Bengaluru,False,,,
CMP00219,7,ACC854675,FAKE0006598,29500,2026-08-24 13:39:13.665760,Ahmedabad,True,23.065813,72.627183,True
CMP00220,1,ACC993990,MOCK0001273,57600,2026-08-17 00:00:24.665773,Jaipur,False,,,
CMP00220,2,ACC843764,MOCK0007000,56300,2026-08-17 00:44:24.665773,Lucknow,False,,,
CMP00220,3,ACC796773,FAKE0002064,54100,2026-08-17 01:52:24.665773,Pune,False,,,
CMP00220,4,ACC254679,FAKE0003827,54100,2026-08-17 02:18:24.665773,Ahmedabad,True,22.984359,72.602965,False
CMP00221,1,ACC514913,MOCK0007224,380300,2026-08-05 10:44:22.665784,Ahmedabad,False,,,
CMP00221,2,ACC551533,MOCK0003230,354800,2026-08-05 11:28:22.665784,Ahmedabad,False,,,
CMP00221,3,ACC829066,TEST0003910,354800,2026-08-05 12:08:22.665784,Ahmedabad,True,23.011362,72.607735,True
CMP00222,1,ACC507287,SYNTH0005198,14700,2026-08-19 20:23:51.665795,Bengaluru,False,,,
CMP00222,2,ACC372988,TEST0008399,14100,2026-08-19 21:07:51.665795,Bengaluru,False,,,
CMP00222,3,ACC783051,DEMO0004352,13300,2026-08-19 21:12:51.665795,Bengaluru,False,,,
CMP00222,4,ACC506272,SYNTH0004279,13300,2026-08-19 21:37:51.665795,Bengaluru,True,12.975812,77.62754,False
CMP00223,1,ACC141953,DEMO0004127,95900,2026-09-02 16:00:59.665806,Ahmedabad,False,,,
CMP00223,2,ACC988090,DEMO0005298,89600,2026-09-02 17:07:59.665806,Jaipur,False,,,
CMP00223,3,ACC701543,TEST0008957,85900,2026-09-02 18:01:59.665806,Pune,False,,,
CMP00223,4,ACC648110,MOCK0008936,79500,2026-09-02 19:25:59.665806,Mumbai,False,,,
CMP00223,5,ACC983020,FAKE0005221,79500,2026-09-02 20:40:59.665806,Pune,True,18.546898,73.872125,False
CMP00224,1,ACC121133,MOCK0003487,14800,2026-08-16 16:29:11.665817,Lucknow,False,,,
CMP00224,2,ACC303721,TEST0006303,14800,2026-08-16 16:43:11.665817,Lucknow,True,26.832187,80.960914,False
CMP00225,1,ACC349312,FAKE0009477,34700,2026-08-31 06:24:30.665828,Hyderabad,False,,,
CMP00225,2,ACC768688,DEMO0003078,34000,2026-08-31 07:22:30.665828,Kolkata,False,,,
CMP00225,3,ACC237669,FAKE0009220,33300,2026-08-31 08:11:30.665828,Jaipur,False,,,
CMP00225,4,ACC958404,TEST0009842,32400,2026-08-31 09:22:30.665828,Hyderabad,False,,,
CMP00225,5,ACC417205,DEMO0009071,30300,2026-08-31 09:38:30.665828,Delhi,False,,,
CMP00225,6,ACC764846,MOCK0004248,30300,2026-08-31 09:45:30.665828,Hyderabad,True,17.42543,78.489309,True
CMP00226,1,ACC941112,SYNTH0001480,130400,2026-08-30 00:16:37.665839,Mumbai,False,,,
CMP00226,2,ACC426060,MOCK0007944,123500,2026-08-30 00:33:37.665839,Delhi,False,,,
CMP00226,3,ACC620797,MOCK0007308,123500,2026-08-30 00:35:37.665839,Pune,True,18.480447,73.868254,True
CMP00227,1,ACC572079,FAKE0005399,55600,2026-08-29 00:37:41.665855,Jaipur,False,,,
CMP00227,2,ACC159346,DEMO0005458,52300,2026-08-29 01:14:41.665855,Ahmedabad,False,,,
CMP00227,3,ACC383873,SYNTH0002233,50400,2026-08-29 01:28:41.665855,Bengaluru,False,,,
CMP00227,4,ACC203589,SYNTH0003362,46500,2026-08-29 01:37:41.665855,Pune,False,,,
CMP00227,5,ACC129529,MOCK0008776,44100,2026-08-29 02:14:41.665855,Patna,False,,,
CMP00227,6,ACC702235,SYNTH0003907,44100,2026-08-29 02:35:41.665855,Pune,True,18.51482,73.893947,True
CMP00228,1,ACC838260,MOCK0001379,21400,2026-08-18 01:46:44.665867,Delhi,False,,,
CMP00228,2,ACC530732,DEMO0001786,20500,2026-08-18 02:05:44.665867,Delhi,False,,,
CMP00228,3,ACC637145,MOCK0008163,19800,2026-08-18 03:14:44.665867,Delhi,False,,,
CMP00228,4,ACC928519,TEST0006468,19800,2026-08-18 03:20:44.665867,Lucknow,True,26.82174,80.953745,True
CMP00229,1,ACC343092,FAKE0003400,27500,2026-08-16 22:12:16.665878,Lucknow,False,,,
CMP00229,2,ACC100258,FAKE0003244,26600,2026-08-16 22:32:16.665878,Lucknow,False,,,
CMP00229,3,ACC797137,TEST0009198,26600,2026-08-16 23:39:16.665878,Patna,True,25.571913,85.126664,True
CMP00230,1,ACC629241,MOCK0004192,95800,2026-08-18 09:12:15.665889,Mumbai,False,,,
CMP00230,2,ACC913602,TEST0009611,94700,2026-08-18 09:32:15.665889,Hyderabad,False,,,
CMP00230,3,ACC650549,MOCK0006941,93400,2026-08-18 10:50:15.665889,Ahmedabad,False,,,
CMP00230,4,ACC656657,SYNTH0002640,91400,2026-08-18 12:01:15.665889,Kolkata,False,,,
CMP00230,5,ACC765124,SYNTH0003491,91400,2026-08-18 13:30:15.665889,Kolkata,True,22.574275,88.376798,False
CMP00231,1,ACC854727,FAKE0006727,27500,2026-08-11 03:31:28.665900,Lucknow,False,,,
CMP00231,2,ACC397917,SYNTH0009335,26900,2026-08-11 03:44:28.665900,Lucknow,False,,,
CMP00231,3,ACC711893,FAKE0009618,24800,2026-08-11 04:20:28.665900,Hyderabad,False,,,
CMP00231,4,ACC180567,DEMO0002545,24100,2026-08-11 05:35:28.665900,Lucknow,False,,,
CMP00231,5,ACC814407,FAKE0007458,24100,2026-08-11 06:19:28.665900,Lucknow,True,26.886563,80.925026,False
CMP00232,1,ACC542978,TEST0007962,61900,2026-08-17 09:00:16.665911,Patna,False,,,
CMP00232,2,ACC732958,DEMO0009225,57800,2026-08-17 09:35:16.665911,Mumbai,False,,,
CMP00232,3,ACC985174,TEST0002829,55100,2026-08-17 10:24:16.665911,Jaipur,False,,,
CMP00232,4,ACC896509,FAKE0003463,53100,2026-08-17 10:48:16.665911,Ahmedabad,False,,,
CMP00232,5,ACC841935,SYNTH0009436,53100,2026-08-17 10:50:16.665911,Lucknow,True,26.86411,80.970083,True
CMP00233,1,ACC464340,TEST0006317,54100,2026-08-13 18:27:17.665922,Bengaluru,False,,,
CMP00233,2,ACC376864,DEMO0005831,50800,2026-08-13 18:39:17.665922,Ahmedabad,False,,,
CMP00233,3,ACC963955,TEST0003895,49000,2026-08-13 19:22:17.665922,Delhi,False,,,
CMP00233,4,ACC789247,MOCK0002743,45200,2026-08-13 19:56:17.665922,Ahmedabad,False,,,
CMP00233,5,ACC785584,MOCK0004377,43900,2026-08-13 21:26:17.665922,Bengaluru,False,,,
CMP00233,6,ACC381850,DEMO0003550,43900,2026-08-13 22:24:17.665922,Bengaluru,True,12.970974,77.615044,True
CMP00234,1,ACC275151,FAKE0009020,29800,2026-08-21 20:23:55.665934,Kolkata,False,,,
CMP00234,2,ACC204955,MOCK0004757,29300,2026-08-21 20:52:55.665934,Jaipur,False,,,
CMP00234,3,ACC547852,TEST0008411,27600,2026-08-21 22:07:55.665934,Kolkata,False,,,
CMP00234,4,ACC874793,MOCK0001349,27100,2026-08-21 23:20:55.665934,Delhi,False,,,
CMP00234,5,ACC280426,SYNTH0001740,27100,2026-08-22 00:47:55.665934,Kolkata,True,22.626874,88.359503,False
CMP00235,1,ACC824248,DEMO0003115,319000,2026-08-11 11:36:07.665945,Kolkata,False,,,
CMP00235,2,ACC735173,DEMO0009089,304800,2026-08-11 12:00:07.665945,Kolkata,False,,,
CMP00235,3,ACC683879,FAKE0006878,304800,2026-08-11 12:40:07.665945,Kolkata,True,22.598164,88.424894,True
CMP00236,1,ACC342716,MOCK0007767,87400,2026-08-06 03:54:04.665958,Lucknow,False,,,
CMP00236,2,ACC708982,SYNTH0007461,85900,2026-08-06 04:43:04.665958,Mumbai,False,,,
CMP00236,3,ACC556112,SYNTH0004879,81100,2026-08-06 04:54:04.665958,Delhi,False,,,
CMP00236,4,ACC430310,DEMO0006345,75000,2026-08-06 05:33:04.665958,Lucknow,False,,,
CMP00236,5,ACC178315,SYNTH0002785,69300,2026-08-06 06:15:04.665958,Hyderabad,False,,,
CMP00236,6,ACC571404,DEMO0002978,66300,2026-08-06 06:36:04.665958,Lucknow,False,,,
CMP00236,7,ACC907756,TEST0008591,66300,2026-08-06 07:46:04.665958,Lucknow,True,26.83138,80.936507,True
CMP00237,1,ACC749466,DEMO0008796,13900,2026-08-23 00:01:41.665969,Lucknow,False,,,
CMP00237,2,ACC937606,TEST0001750,13900,2026-08-23 01:10:41.665969,Jaipur,True,26.909187,75.740254,True
CMP00238,1,ACC754753,SYNTH0002307,63300,2026-08-13 01:14:42.665980,Pune,False,,,
CMP00238,2,ACC230738,TEST0001486,61400,2026-08-13 01:53:42.665980,Pune,False,,,
CMP00238,3,ACC608763,FAKE0001155,57900,2026-08-13 03:09:42.665980,Pune,False,,,
CMP00238,4,ACC107577,FAKE0002586,57900,2026-08-13 03:18:42.665980,Pune,True,18.502775,73.855306,True
CMP00239,1,ACC165046,TEST0004342,29500,2026-08-07 06:12:40.665991,Patna,False,,,
CMP00239,2,ACC953568,MOCK0004675,28300,2026-08-07 07:23:40.665991,Patna,False,,,
CMP00239,3,ACC635740,TEST0001769,26500,2026-08-07 08:47:40.665991,Hyderabad,False,,,
CMP00239,4,ACC926394,TEST0001881,24400,2026-08-07 09:37:40.665991,Patna,False,,,
CMP00239,5,ACC750706,DEMO0004695,22700,2026-08-07 09:40:40.665991,Hyderabad,False,,,
CMP00239,6,ACC891787,MOCK0004218,21500,2026-08-07 11:03:40.665991,Jaipur,False,,,
CMP00239,7,ACC286044,FAKE0004063,21500,2026-08-07 11:29:40.665991,Patna,True,25.580127,85.14703,False
CMP00240,1,ACC883068,TEST0005318,110300,2026-08-18 14:46:13.666001,Patna,False,,,
CMP00240,2,ACC346106,TEST0002262,106700,2026-08-18 15:43:13.666001,Lucknow,False,,,
CMP00240,3,ACC967641,SYNTH0009819,106700,2026-08-18 17:13:13.666001,Lucknow,True,26.85742,80.963528,False
CMP00241,1,ACC463058,MOCK0004160,26300,2026-08-19 03:38:54.666012,Patna,False,,,
CMP00241,2,ACC187352,FAKE0006220,24400,2026-08-19 04:42:54.666012,Patna,False,,,
CMP00241,3,ACC950138,FAKE0004980,23900,2026-08-19 05:49:54.666012,Delhi,False,,,
CMP00241,4,ACC168114,SYNTH0002431,23400,2026-08-19 06:00:54.666012,Patna,False,,,
CMP00241,5,ACC114100,TEST0002153,22000,2026-08-19 06:11:54.666012,Patna,False,,,
CMP00241,6,ACC761654,FAKE0002998,20400,2026-08-19 06:32:54.666012,Kolkata,False,,,
CMP00241,7,ACC882304,SYNTH0002502,20400,2026-08-19 06:41:54.666012,Hyderabad,True,17.386696,78.508019,False
CMP00242,1,ACC229400,SYNTH0009248,47100,2026-08-24 14:49:47.666023,Patna,False,,,
CMP00242,2,ACC935626,TEST0001772,44100,2026-08-24 15:32:47.666023,Jaipur,False,,,
CMP00242,3,ACC366825,TEST0005672,42700,2026-08-24 15:38:47.666023,Lucknow,False,,,
CMP00242,4,ACC306369,FAKE0002825,39700,2026-08-24 17:03:47.666023,Bengaluru,False,,,
CMP00242,5,ACC847556,TEST0009802,36600,2026-08-24 17:22:47.666023,Bengaluru,False,,,
CMP00242,6,ACC815309,FAKE0008385,36600,2026-08-24 18:42:47.666023,Kolkata,True,22.560967,88.361251,False
CMP00243,1,ACC312018,DEMO0005857,82000,2026-08-18 10:22:38.666045,Pune,False,,,
CMP00243,2,ACC599694,SYNTH0005915,78500,2026-08-18 11:13:38.666045,Patna,False,,,
CMP00243,3,ACC842749,TEST0004420,74700,2026-08-18 11:15:38.666045,Pune,False,,,
CMP00243,4,ACC162099,SYNTH0003355,70000,2026-08-18 12:35:38.666045,Mumbai,False,,,
CMP00243,5,ACC510243,DEMO0007406,65400,2026-08-18 13:38:38.666045,Hyderabad,False,,,
CMP00243,6,ACC974857,SYNTH0005525,65400,2026-08-18 14:55:38.666045,Pune,True,18.481336,73.843474,True
CMP00244,1,ACC894101,FAKE0006573,108600,2026-08-21 13:11:28.666065,Patna,False,,,
CMP00244,2,ACC208600,DEMO0004479,101400,2026-08-21 14:02:28.666065,Lucknow,False,,,
CMP00244,3,ACC768455,MOCK0002096,97000,2026-08-21 14:25:28.666065,Ahmedabad,False,,,
CMP00244,4,ACC684536,DEMO0006279,90800,2026-08-21 14:56:28.666065,Patna,False,,,
CMP00244,5,ACC144003,SYNTH0001060,89700,2026-08-21 16:20:28.666065,Ahmedabad,False,,,
CMP00244,6,ACC796862,TEST0007808,89700,2026-08-21 17:35:28.666065,Ahmedabad,True,22.999316,72.577359,False
CMP00245,1,ACC321960,MOCK0008509,18500,2026-08-09 19:46:11.666076,Delhi,False,,,
CMP00245,2,ACC256189,SYNTH0002180,17400,2026-08-09 21:14:11.666076,Ahmedabad,False,,,
CMP00245,3,ACC785592,MOCK0001750,17200,2026-08-09 21:20:11.666076,Kolkata,False,,,
CMP00245,4,ACC115063,FAKE0006035,16800,2026-08-09 21:53:11.666076,Hyderabad,False,,,
CMP00245,5,ACC975930,FAKE0002870,15900,2026-08-09 22:07:11.666076,Hyderabad,False,,,
CMP00245,6,ACC166175,DEMO0006527,14800,2026-08-09 23:12:11.666076,Pune,False,,,
CMP00245,7,ACC226670,MOCK0009943,14800,2026-08-10 00:40:11.666076,Delhi,True,28.602207,77.217663,False
CMP00246,1,ACC965932,FAKE0006340,38400,2026-08-23 04:54:02.666087,Mumbai,False,,,
CMP00246,2,ACC105840,DEMO0001553,38400,2026-08-23 05:36:02.666087,Mumbai,True,19.059844,72.922083,True
CMP00247,1,ACC516332,FAKE0008752,36100,2026-08-07 22:56:25.666098,Patna,False,,,
CMP00247,2,ACC908382,FAKE0002702,34700,2026-08-08 00:08:25.666098,Patna,False,,,
CMP00247,3,ACC786641,DEMO0006068,32100,2026-08-08 00:43:25.666098,Mumbai,False,,,
CMP00247,4,ACC397979,SYNTH0003150,30800,2026-08-08 01:14:25.666098,Patna,False,,,
CMP00247,5,ACC136862,TEST0008801,29100,2026-08-08 02:23:25.666098,Delhi,False,,,
CMP00247,6,ACC385647,SYNTH0009835,27700,2026-08-08 03:24:25.666098,Ahmedabad,False,,,
CMP00247,7,ACC761701,MOCK0008126,27700,2026-08-08 03:48:25.666098,Kolkata,True,22.593616,88.347584,False
CMP00248,1,ACC742705,TEST0009470,29400,2026-08-11 02:21:09.666110,Pune,False,,,
CMP00248,2,ACC272998,DEMO0003478,28500,2026-08-11 03:03:09.666110,Patna,False,,,
CMP00248,3,ACC155807,FAKE0004766,27800,2026-08-11 04:16:09.666110,Kolkata,False,,,
CMP00248,4,ACC372864,DEMO0008150,27200,2026-08-11 04:41:09.666110,Patna,False,,,
CMP00248,5,ACC142773,MOCK0008949,27200,2026-08-11 04:57:09.666110,Kolkata,True,22.545193,88.327899,True
CMP00249,1,ACC339359,SYNTH0008246,235000,2026-08-30 10:13:08.666121,Delhi,False,,,
CMP00249,2,ACC627700,DEMO0003966,235000,2026-08-30 10:52:08.666121,Jaipur,True,26.901482,75.785647,False
CMP00250,1,ACC469755,TEST0009484,75200,2026-08-15 07:24:21.666131,Hyderabad,False,,,
CMP00250,2,ACC218238,MOCK0001339,73000,2026-08-15 08:50:21.666131,Kolkata,False,,,
CMP00250,3,ACC791396,TEST0009156,67200,2026-08-15 09:10:21.666131,Pune,False,,,
CMP00250,4,ACC877007,DEMO0006888,67200,2026-08-15 09:15:21.666131,Hyderabad,True,17.396499,78.469757,True
CMP00251,1,ACC918430,MOCK0001474,17500,2026-08-06 17:06:22.666144,Pune,False,,,
CMP00251,2,ACC973390,FAKE0005087,17100,2026-08-06 17:30:22.666144,Pune,False,,,
CMP00251,3,ACC838862,TEST0008605,16700,2026-08-06 17:36:22.666144,Lucknow,False,,,
CMP00251,4,ACC229890,SYNTH0007102,15700,2026-08-06 18:42:22.666144,Pune,False,,,
CMP00251,5,ACC597635,TEST0006640,14900,2026-08-06 19:46:22.666144,Bengaluru,False,,,
CMP00251,6,ACC885342,FAKE0005670,13900,2026-08-06 20:08:22.666144,Jaipur,False,,,
CMP00251,7,ACC270820,SYNTH0004626,13900,2026-08-06 20:13:22.666144,Pune,True,18.547067,73.885932,False
CMP00252,1,ACC913331,MOCK0008702,115500,2026-08-08 01:03:29.666156,Patna,False,,,
CMP00252,2,ACC982417,DEMO0001206,115500,2026-08-08 01:28:29.666156,Patna,True,25.613745,85.148236,True
CMP00253,1,ACC129411,SYNTH0009873,325100,2026-08-14 07:08:10.666167,Lucknow,False,,,
CMP00253,2,ACC726116,TEST0004075,321600,2026-08-14 07:23:10.666167,Jaipur,False,,,
CMP00253,3,ACC133939,FAKE0001735,313000,2026-08-14 08:35:10.666167,Jaipur,False,,,
CMP00253,4,ACC147899,FAKE0006056,313000,2026-08-14 09:49:10.666167,Kolkata,True,22.567264,88.401168,True
CMP00254,1,ACC434347,FAKE0004218,123700,2026-08-17 19:54:42.666178,Delhi,False,,,
CMP00254,2,ACC187436,FAKE0009886,118300,2026-08-17 20:57:42.666178,Jaipur,False,,,
CMP00254,3,ACC610898,FAKE0008041,114600,2026-08-17 22:14:42.666178,Jaipur,False,,,
CMP00254,4,ACC915158,MOCK0008475,108300,2026-08-17 22:30:42.666178,Kolkata,False,,,
CMP00254,5,ACC526947,DEMO0003892,108300,2026-08-17 22:32:42.666178,Jaipur,True,26.900749,75.747432,True
CMP00255,1,ACC812106,FAKE0009191,14400,2026-08-20 01:36:32.666188,Delhi,False,,,
CMP00255,2,ACC368207,DEMO0009831,13500,2026-08-20 02:18:32.666188,Pune,False,,,
CMP00255,3,ACC715644,TEST0009033,12800,2026-08-20 02:32:32.666188,Pune,False,,,
CMP00255,4,ACC611126,FAKE0008780,12000,2026-08-20 02:37:32.666188,Pune,False,,,
CMP00255,5,ACC357309,FAKE0008449,11300,2026-08-20 03:11:32.666188,Mumbai,False,,,
CMP00255,6,ACC732929,FAKE0006289,11300,2026-08-20 04:01:32.666188,Hyderabad,True,17.425384,78.478642,False
CMP00256,1,ACC931993,TEST0001229,35700,2026-08-29 01:11:35.666199,Jaipur,False,,,
CMP00256,2,ACC280765,FAKE0009742,34300,2026-08-29 01:46:35.666199,Pune,False,,,
CMP00256,3,ACC301765,MOCK0008071,33200,2026-08-29 03:07:35.666199,Hyderabad,False,,,
CMP00256,4,ACC152701,SYNTH0009948,33200,2026-08-29 03:21:35.666199,Pune,True,18.480377,73.835988,True
CMP00257,1,ACC158815,SYNTH0001575,149300,2026-08-29 03:15:34.666210,Bengaluru,False,,,
CMP00257,2,ACC509913,DEMO0003220,138500,2026-08-29 03:21:34.666210,Hyderabad,False,,,
CMP00257,3,ACC529150,MOCK0001510,127800,2026-08-29 03:31:34.666210,Hyderabad,False,,,
CMP00257,4,ACC598908,FAKE0001981,121100,2026-08-29 03:34:34.666210,Jaipur,False,,,
CMP00257,5,ACC449740,MOCK0001201,121100,2026-08-29 03:48:34.666210,Bengaluru,True,12.969019,77.55352,False
CMP00258,1,ACC497916,SYNTH0007408,29100,2026-08-25 15:29:21.666222,Bengaluru,False,,,
CMP00258,2,ACC581693,SYNTH0002001,29100,2026-08-25 15:54:21.666222,Bengaluru,True,12.999703,77.618288,True
CMP00259,1,ACC945783,TEST0001298,78300,2026-08-21 12:12:19.666233,Patna,False,,,
CMP00259,2,ACC166514,TEST0003627,78300,2026-08-21 13:33:19.666233,Mumbai,True,19.077751,72.906747,True
CMP00260,1,ACC813013,FAKE0006629,101800,2026-08-05 23:32:21.666243,Kolkata,False,,,
CMP00260,2,ACC827744,FAKE0004751,99800,2026-08-05 23:49:21.666243,Lucknow,False,,,
CMP00260,3,ACC945106,TEST0007022,99800,2026-08-06 00:40:21.666243,Kolkata,True,22.579829,88.425283,True
CMP00261,1,ACC344916,FAKE0002640,24600,2026-08-25 12:42:14.666254,Mumbai,False,,,
CMP00261,2,ACC199357,FAKE0003331,23300,2026-08-25 13:43:14.666254,Patna,False,,,
CMP00261,3,ACC815104,SYNTH0003755,22400,2026-08-25 14:27:14.666254,Kolkata,False,,,
CMP00261,4,ACC851919,SYNTH0006163,21200,2026-08-25 15:50:14.666254,Mumbai,False,,,
CMP00261,5,ACC815745,FAKE0002354,20700,2026-08-25 16:26:14.666254,Bengaluru,False,,,
CMP00261,6,ACC559000,MOCK0006854,19200,2026-08-25 17:53:14.666254,Mumbai,False,,,
CMP00261,7,ACC537970,FAKE0002293,19200,2026-08-25 18:02:14.666254,Mumbai,True,19.08989,72.87994,False
CMP00262,1,ACC266846,DEMO0007693,49000,2026-08-17 09:45:38.666265,Hyderabad,False,,,
CMP00262,2,ACC728357,TEST0002730,47600,2026-08-17 10:32:38.666265,Patna,False,,,
CMP00262,3,ACC626704,DEMO0004688,45300,2026-08-17 11:59:38.666265,Lucknow,False,,,
CMP00262,4,ACC400189,DEMO0003571,42200,2026-08-17 12:52:38.666265,Kolkata,False,,,
CMP00262,5,ACC103499,TEST0008602,40200,2026-08-17 13:16:38.666265,Hyderabad,False,,,
CMP00262,6,ACC203099,DEMO0007852,40200,2026-08-17 14:41:38.666265,Hyderabad,True,17.415526,78.501252,True
CMP00263,1,ACC694618,MOCK0009568,14200,2026-09-03 05:19:00.666276,Pune,False,,,
CMP00263,2,ACC787512,FAKE0009368,13300,2026-09-03 06:43:00.666276,Pune,False,,,
CMP00263,3,ACC780374,FAKE0007582,12400,2026-09-03 07:02:00.666276,Delhi,False,,,
CMP00263,4,ACC224174,MOCK0003161,12200,2026-09-03 07:53:00.666276,Delhi,False,,,
CMP00263,5,ACC718114,DEMO0004784,11600,2026-09-03 08:23:00.666276,Bengaluru,False,,,
CMP00263,6,ACC840756,DEMO0005977,11600,2026-09-03 08:53:00.666276,Pune,True,18.496306,73.832771,True
CMP00264,1,ACC524170,DEMO0005713,21200,2026-08-21 14:37:17.666287,Bengaluru,False,,,
CMP00264,2,ACC997727,DEMO0005177,19700,2026-08-21 15:13:17.666287,Bengaluru,False,,,
CMP00264,3,ACC220178,SYNTH0005144,18900,2026-08-21 16:37:17.666287,Delhi,False,,,
CMP00264,4,ACC293313,MOCK0002965,17600,2026-08-21 18:07:17.666287,Bengaluru,False,,,
CMP00264,5,ACC845609,SYNTH0001762,17400,2026-08-21 19:34:17.666287,Bengaluru,False,,,
CMP00264,6,ACC328731,FAKE0001046,17400,2026-08-21 19:45:17.666287,Hyderabad,True,17.39778,78.521041,True
CMP00265,1,ACC564478,FAKE0004263,43200,2026-08-08 01:24:27.666298,Delhi,False,,,
CMP00265,2,ACC646453,SYNTH0008746,43200,2026-08-08 02:24:27.666298,Bengaluru,True,12.947426,77.593407,True
CMP00266,1,ACC842866,MOCK0005198,18200,2026-08-11 02:31:08.666309,Patna,False,,,
CMP00266,2,ACC161606,SYNTH0008715,18000,2026-08-11 02:42:08.666309,Bengaluru,False,,,
CMP00266,3,ACC105621,MOCK0007241,17500,2026-08-11 03:29:08.666309,Delhi,False,,,
CMP00266,4,ACC238661,MOCK0001673,16100,2026-08-11 04:09:08.666309,Lucknow,False,,,
CMP00266,5,ACC278117,TEST0008669,15400,2026-08-11 05:25:08.666309,Bengaluru,False,,,
CMP00266,6,ACC844756,SYNTH0005266,14700,2026-08-11 05:43:08.666309,Bengaluru,False,,,
CMP00266,7,ACC234082,TEST0006907,14700,2026-08-11 05:59:08.666309,Bengaluru,True,12.967273,77.594989,True
CMP00267,1,ACC938754,SYNTH0002852,211600,2026-08-07 01:20:03.666320,Kolkata,False,,,
CMP00267,2,ACC985364,DEMO0008908,207100,2026-08-07 01:38:03.666320,Mumbai,False,,,
CMP00267,3,ACC741018,TEST0001472,199500,2026-08-07 02:52:03.666320,Hyderabad,False,,,
CMP00267,4,ACC606545,FAKE0007738,184700,2026-08-07 04:21:03.666320,Hyderabad,False,,,
CMP00267,5,ACC374320,FAKE0009598,184700,2026-08-07 05:19:03.666320,Delhi,True,28.611518,77.215976,True
CMP00268,1,ACC963829,MOCK0003082,16000,2026-08-11 16:53:30.666331,Lucknow,False,,,
CMP00268,2,ACC838747,MOCK0002934,15300,2026-08-11 17:57:30.666331,Bengaluru,False,,,
CMP00268,3,ACC596349,SYNTH0007051,15100,2026-08-11 19:27:30.666331,Patna,False,,,
CMP00268,4,ACC215695,MOCK0005744,14800,2026-08-11 19:44:30.666331,Lucknow,False,,,
CMP00268,5,ACC489511,TEST0005968,14300,2026-08-11 19:51:30.666331,Mumbai,False,,,
CMP00268,6,ACC249044,DEMO0001797,13400,2026-08-11 20:30:30.666331,Bengaluru,False,,,
CMP00268,7,ACC291970,DEMO0001034,13400,2026-08-11 21:11:30.666331,Hyderabad,True,17.342676,78.484242,False
CMP00269,1,ACC884096,DEMO0006896,37100,2026-08-25 23:04:05.666341,Ahmedabad,False,,,
CMP00269,2,ACC835157,SYNTH0001213,36700,2026-08-26 00:19:05.666341,Hyderabad,False,,,
CMP00269,3,ACC317954,TEST0003445,33800,2026-08-26 00:37:05.666341,Jaipur,False,,,
CMP00269,4,ACC851765,TEST0003083,32400,2026-08-26 01:07:05.666341,Bengaluru,False,,,
CMP00269,5,ACC852722,SYNTH0009246,31600,2026-08-26 01:22:05.666341,Jaipur,False,,,
CMP00269,6,ACC149319,DEMO0004228,30400,2026-08-26 01:35:05.666341,Jaipur,False,,,
CMP00269,7,ACC461165,MOCK0004781,30400,2026-08-26 01:37:05.666341,Delhi,True,28.597863,77.219798,False
CMP00270,1,ACC799631,TEST0002463,59000,2026-08-11 18:04:21.666353,Kolkata,False,,,
CMP00270,2,ACC506045,DEMO0006554,57400,2026-08-11 19:25:21.666353,Patna,False,,,
CMP00270,3,ACC803011,TEST0002450,57400,2026-08-11 20:36:21.666353,Pune,True,18.524897,73.8915,False
CMP00271,1,ACC596754,MOCK0008271,185000,2026-08-15 11:15:34.666364,Mumbai,False,,,
CMP00271,2,ACC227728,DEMO0004015,185000,2026-08-15 12:07:34.666364,Mumbai,True,19.100901,72.85878,True
CMP00272,1,ACC235193,MOCK0006015,15900,2026-08-06 22:47:20.666375,Jaipur,False,,,
CMP00272,2,ACC147939,TEST0008469,15400,2026-08-06 23:10:20.666375,Mumbai,False,,,
CMP00272,3,ACC554730,SYNTH0006615,15400,2026-08-07 00:18:20.666375,Lucknow,True,26.851477,80.947361,False
CMP00273,1,ACC165418,SYNTH0003642,146300,2026-08-27 17:14:22.666386,Delhi,False,,,
CMP00273,2,ACC670395,FAKE0001063,146300,2026-08-27 18:25:22.666386,Bengaluru,True,12.956159,77.586698,True
CMP00274,1,ACC977815,MOCK0004812,52800,2026-08-30 18:35:28.666397,Pune,False,,,
CMP00274,2,ACC208596,MOCK0001128,49200,2026-08-30 18:41:28.666397,Pune,False,,,
CMP00274,3,ACC296272,SYNTH0007770,48600,2026-08-30 19:09:28.666397,Bengaluru,False,,,
CMP00274,4,ACC200301,TEST0004020,48600,2026-08-30 20:23:28.666397,Delhi,True,28.64939,77.193989,False
CMP00275,1,ACC501261,SYNTH0004767,22600,2026-08-07 19:37:55.666408,Mumbai,False,,,
CMP00275,2,ACC470248,FAKE0005314,21600,2026-08-07 20:19:55.666408,Mumbai,False,,,
CMP00275,3,ACC518309,TEST0002245,20400,2026-08-07 20:52:55.666408,Mumbai,False,,,
CMP00275,4,ACC429119,MOCK0005408,19700,2026-08-07 22:04:55.666408,Kolkata,False,,,
CMP00275,5,ACC623238,SYNTH0004965,19700,2026-08-07 22:29:55.666408,Pune,True,18.536468,73.889929,False
CMP00276,1,ACC816116,DEMO0002195,79700,2026-08-05 23:56:45.666418,Ahmedabad,False,,,
CMP00276,2,ACC374921,FAKE0007520,77700,2026-08-06 00:00:45.666418,Delhi,False,,,
CMP00276,3,ACC847245,DEMO0007939,74200,2026-08-06 01:06:45.666418,Ahmedabad,False,,,
CMP00276,4,ACC662628,SYNTH0005546,70700,2026-08-06 01:59:45.666418,Ahmedabad,False,,,
CMP00276,5,ACC636141,SYNTH0009788,65400,2026-08-06 02:11:45.666418,Ahmedabad,False,,,
CMP00276,6,ACC765105,FAKE0006081,65400,2026-08-06 02:54:45.666418,Ahmedabad,True,23.006565,72.601125,False
CMP00277,1,ACC196407,MOCK0004552,64200,2026-08-09 12:49:34.666429,Hyderabad,False,,,
CMP00277,2,ACC190582,SYNTH0007159,59700,2026-08-09 14:07:34.666429,Mumbai,False,,,
CMP00277,3,ACC216229,TEST0005826,59700,2026-08-09 15:33:34.666429,Bengaluru,True,12.990892,77.523386,True
CMP00278,1,ACC548544,SYNTH0006000,31500,2026-08-13 10:23:36.666440,Patna,False,,,
CMP00278,2,ACC526261,FAKE0002302,29500,2026-08-13 11:46:36.666440,Pune,False,,,
CMP00278,3,ACC273133,FAKE0005683,28000,2026-08-13 11:57:36.666440,Mumbai,False,,,
CMP00278,4,ACC544579,SYNTH0008858,26400,2026-08-13 13:09:36.666440,Delhi,False,,,
CMP00278,5,ACC831782,FAKE0004115,25900,2026-08-13 14:14:36.666440,Ahmedabad,False,,,
CMP00278,6,ACC886083,MOCK0001693,25900,2026-08-13 14:16:36.666440,Ahmedabad,True,22.994916,72.517578,True
CMP00279,1,ACC254021,FAKE0005014,56300,2026-08-14 03:14:40.666450,Delhi,False,,,
CMP00279,2,ACC971437,SYNTH0003988,52500,2026-08-14 03:25:40.666450,Ahmedabad,False,,,
CMP00279,3,ACC832497,DEMO0007742,48500,2026-08-14 04:27:40.666450,Kolkata,False,,,
CMP00279,4,ACC776171,TEST0002822,45700,2026-08-14 05:12:40.666450,Ahmedabad,False,,,
CMP00279,5,ACC773662,SYNTH0009245,45700,2026-08-14 05:33:40.666450,Ahmedabad,True,22.999017,72.567798,True
CMP00280,1,ACC836549,SYNTH0004823,38300,2026-08-31 23:40:38.666461,Lucknow,False,,,
CMP00280,2,ACC873364,FAKE0009747,35500,2026-09-01 00:41:38.666461,Ahmedabad,False,,,
CMP00280,3,ACC740413,DEMO0005783,34500,2026-09-01 01:37:38.666461,Pune,False,,,
CMP00280,4,ACC852839,MOCK0004840,32500,2026-09-01 01:59:38.666461,Ahmedabad,False,,,
CMP00280,5,ACC442711,MOCK0001315,32500,2026-09-01 02:12:38.666461,Hyderabad,True,17.357819,78.459554,True
CMP00281,1,ACC346903,FAKE0003473,59000,2026-08-24 20:27:37.666472,Mumbai,False,,,
CMP00281,2,ACC624255,SYNTH0004442,58300,2026-08-24 20:43:37.666472,Ahmedabad,False,,,
CMP00281,3,ACC151774,MOCK0004474,54800,2026-08-24 21:07:37.666472,Ahmedabad,False,,,
CMP00281,4,ACC146957,FAKE0004032,51100,2026-08-24 21:30:37.666472,Mumbai,False,,,
CMP00281,5,ACC102215,MOCK0007323,50500,2026-08-24 22:01:37.666472,Mumbai,False,,,
CMP00281,6,ACC220181,FAKE0009321,50500,2026-08-24 23:02:37.666472,Mumbai,True,19.083701,72.867909,True
CMP00282,1,ACC909130,TEST0005903,95100,2026-08-30 23:05:38.666483,Pune,False,,,
CMP00282,2,ACC371631,FAKE0004689,90500,2026-08-30 23:37:38.666483,Jaipur,False,,,
CMP00282,3,ACC301775,SYNTH0001107,88000,2026-08-31 00:01:38.666483,Lucknow,False,,,
CMP00282,4,ACC170501,TEST0006429,86900,2026-08-31 00:24:38.666483,Pune,False,,,
CMP00282,5,ACC219036,SYNTH0006531,82300,2026-08-31 01:10:38.666483,Delhi,False,,,
CMP00282,6,ACC852786,FAKE0004703,82300,2026-08-31 01:48:38.666483,Pune,True,18.490121,73.874969,True
CMP00283,1,ACC919838,SYNTH0004713,204400,2026-08-26 11:51:36.666495,Pune,False,,,
CMP00283,2,ACC631917,FAKE0008692,197300,2026-08-26 12:47:36.666495,Hyderabad,False,,,
CMP00283,3,ACC151332,DEMO0001746,187700,2026-08-26 13:39:36.666495,Hyderabad,False,,,
CMP00283,4,ACC736626,FAKE0009284,187700,2026-08-26 14:46:36.666495,Hyderabad,True,17.365771,78.463202,True
CMP00284,1,ACC559437,FAKE0008631,17800,2026-08-27 07:24:37.666508,Kolkata,False,,,
CMP00284,2,ACC139363,TEST0001957,17200,2026-08-27 07:59:37.666508,Mumbai,False,,,
CMP00284,3,ACC932505,TEST0001768,16100,2026-08-27 08:20:37.666508,Mumbai,False,,,
CMP00284,4,ACC686242,TEST0007916,15300,2026-08-27 08:42:37.666508,Mumbai,False,,,
CMP00284,5,ACC570239,SYNTH0004259,14300,2026-08-27 09:34:37.666508,Mumbai,False,,,
CMP00284,6,ACC260765,SYNTH0001152,13500,2026-08-27 10:01:37.666508,Mumbai,False,,,
CMP00284,7,ACC446228,FAKE0004531,13500,2026-08-27 10:20:37.666508,Mumbai,True,19.096627,72.856022,True
CMP00285,1,ACC732275,TEST0008961,321500,2026-08-13 01:49:33.666518,Patna,False,,,
CMP00285,2,ACC452898,TEST0006164,309900,2026-08-13 02:51:33.666518,Patna,False,,,
CMP00285,3,ACC496818,TEST0006410,309900,2026-08-13 03:23:33.666518,Patna,True,25.608058,85.1395,True
CMP00286,1,ACC695018,TEST0001835,14400,2026-08-20 19:29:32.666529,Ahmedabad,False,,,
CMP00286,2,ACC724187,DEMO0007338,14100,2026-08-20 20:25:32.666529,Kolkata,False,,,
CMP00286,3,ACC289902,FAKE0001672,13800,2026-08-20 21:07:32.666529,Patna,False,,,
CMP00286,4,ACC675134,SYNTH0002571,13100,2026-08-20 21:17:32.666529,Patna,False,,,
CMP00286,5,ACC141877,MOCK0001981,12200,2026-08-20 22:46:32.666529,Patna,False,,,
CMP00286,6,ACC754688,TEST0008041,12200,2026-08-20 22:49:32.666529,Patna,True,25.597259,85.186073,False
CMP00287,1,ACC584867,SYNTH0002800,47000,2026-08-20 23:13:03.666540,Jaipur,False,,,
CMP00287,2,ACC735448,FAKE0007183,44000,2026-08-20 23:46:03.666540,Hyderabad,False,,,
CMP00287,3,ACC583155,DEMO0007471,44000,2026-08-21 00:05:03.666540,Hyderabad,True,17.381684,78.462337,True
CMP00288,1,ACC488744,MOCK0003910,84900,2026-08-31 10:50:13.666550,Hyderabad,False,,,
CMP00288,2,ACC976980,FAKE0004640,81300,2026-08-31 11:09:13.666550,Patna,False,,,
CMP00288,3,ACC540267,MOCK0003352,75000,2026-08-31 11:59:13.666550,Delhi,False,,,
CMP00288,4,ACC435933,DEMO0002816,72200,2026-08-31 13:00:13.666550,Delhi,False,,,
CMP00288,5,ACC597026,SYNTH0007404,66500,2026-08-31 14:29:13.666550,Delhi,False,,,
CMP00288,6,ACC651259,TEST0001169,62500,2026-08-31 15:07:13.666550,Patna,False,,,
CMP00288,7,ACC585520,TEST0007941,62500,2026-08-31 15:10:13.666550,Hyderabad,True,17.35369,78.495791,True
CMP00289,1,ACC777366,SYNTH0002506,66900,2026-08-06 06:28:46.666561,Hyderabad,False,,,
CMP00289,2,ACC583388,MOCK0008096,66900,2026-08-06 07:12:46.666561,Pune,True,18.515976,73.836743,True
CMP00290,1,ACC189919,FAKE0001824,31100,2026-08-29 08:29:36.666572,Bengaluru,False,,,
CMP00290,2,ACC963900,SYNTH0007439,29100,2026-08-29 09:22:36.666572,Ahmedabad,False,,,
CMP00290,3,ACC974098,TEST0004775,28400,2026-08-29 10:41:36.666572,Bengaluru,False,,,
CMP00290,4,ACC558276,FAKE0009260,27600,2026-08-29 11:18:36.666572,Ahmedabad,False,,,
CMP00290,5,ACC701970,DEMO0006219,27600,2026-08-29 11:40:36.666572,Lucknow,True,26.878741,80.960142,False
CMP00291,1,ACC948940,SYNTH0009674,45100,2026-08-27 17:20:56.666583,Hyderabad,False,,,
CMP00291,2,ACC472536,SYNTH0007847,42900,2026-08-27 17:52:56.666583,Delhi,False,,,
CMP00291,3,ACC916162,MOCK0002023,40800,2026-08-27 19:12:56.666583,Hyderabad,False,,,
CMP00291,4,ACC831388,DEMO0008145,40800,2026-08-27 19:21:56.666583,Ahmedabad,True,23.037894,72.601497,True
CMP00292,1,ACC375016,TEST0001862,33500,2026-08-31 11:16:08.666594,Bengaluru,False,,,
CMP00292,2,ACC303639,DEMO0005670,32700,2026-08-31 12:32:08.666594,Bengaluru,False,,,
CMP00292,3,ACC852014,FAKE0001817,32700,2026-08-31 13:56:08.666594,Bengaluru,True,12.935321,77.594298,True
CMP00293,1,ACC329713,DEMO0002743,31600,2026-08-20 00:18:25.666604,Patna,False,,,
CMP00293,2,ACC263264,SYNTH0001009,29400,2026-08-20 00:48:25.666604,Kolkata,False,,,
CMP00293,3,ACC251367,TEST0004962,27200,2026-08-20 01:54:25.666604,Kolkata,False,,,
CMP00293,4,ACC319408,FAKE0004129,25900,2026-08-20 02:47:25.666604,Bengaluru,False,,,
CMP00293,5,ACC410152,SYNTH0002168,25900,2026-08-20 02:52:25.666604,Bengaluru,True,12.965627,77.585429,True
CMP00294,1,ACC170022,FAKE0001854,110200,2026-08-20 21:59:42.666615,Ahmedabad,False,,,
CMP00294,2,ACC402244,DEMO0003751,104900,2026-08-20 23:14:42.666615,Bengaluru,False,,,
CMP00294,3,ACC304876,FAKE0002103,99400,2026-08-20 23:46:42.666615,Ahmedabad,False,,,
CMP00294,4,ACC921185,FAKE0008578,97200,2026-08-21 00:00:42.666615,Ahmedabad,False,,,
CMP00294,5,ACC260137,SYNTH0005024,97200,2026-08-21 01:12:42.666615,Bengaluru,True,12.981845,77.588569,True
CMP00295,1,ACC783362,TEST0009866,69800,2026-08-12 04:10:41.666626,Ahmedabad,False,,,
CMP00295,2,ACC423668,TEST0007042,66200,2026-08-12 04:30:41.666626,Mumbai,False,,,
CMP00295,3,ACC160101,MOCK0001894,66200,2026-08-12 04:33:41.666626,Hyderabad,True,17.353903,78.469377,True
CMP00296,1,ACC856277,TEST0002619,29400,2026-08-21 16:42:39.666637,Lucknow,False,,,
CMP00296,2,ACC938295,DEMO0001332,28500,2026-08-21 17:18:39.666637,Ahmedabad,False,,,
CMP00296,3,ACC352943,TEST0005002,26400,2026-08-21 17:28:39.666637,Mumbai,False,,,
CMP00296,4,ACC291834,MOCK0001055,25000,2026-08-21 18:55:39.666637,Ahmedabad,False,,,
CMP00296,5,ACC905823,MOCK0007876,23500,2026-08-21 19:16:39.666637,Jaipur,False,,,
CMP00296,6,ACC604385,FAKE0006019,22900,2026-08-21 20:30:39.666637,Lucknow,False,,,
CMP00296,7,ACC943677,SYNTH0007585,22900,2026-08-21 21:26:39.666637,Lucknow,True,26.887699,80.964753,True
CMP00297,1,ACC108248,DEMO0005186,109500,2026-08-10 22:47:15.666648,Lucknow,False,,,
CMP00297,2,ACC962671,TEST0004446,102600,2026-08-10 23:27:15.666648,Kolkata,False,,,
CMP00297,3,ACC951703,DEMO0001555,96100,2026-08-10 23:49:15.666648,Jaipur,False,,,
CMP00297,4,ACC593975,TEST0007920,90200,2026-08-11 00:26:15.666648,Patna,False,,,
CMP00297,5,ACC630930,DEMO0009973,88900,2026-08-11 00:40:15.666648,Pune,False,,,
CMP00297,6,ACC898989,SYNTH0008264,88900,2026-08-11 01:23:15.666648,Delhi,True,28.628835,77.226529,True
CMP00298,1,ACC787757,SYNTH0005090,70100,2026-08-05 21:42:15.666658,Jaipur,False,,,
CMP00298,2,ACC898462,DEMO0009019,65300,2026-08-05 22:02:15.666658,Pune,False,,,
CMP00298,3,ACC758309,DEMO0002237,65300,2026-08-05 22:22:15.666658,Jaipur,True,26.911163,75.80417,True
CMP00299,1,ACC418266,MOCK0005549,102300,2026-08-19 07:07:08.666669,Lucknow,False,,,
CMP00299,2,ACC736302,DEMO0008128,102300,2026-08-19 07:38:08.666669,Lucknow,True,26.822822,80.95679,False
CMP00300,1,ACC517779,TEST0008833,90300,2026-09-02 16:31:57.666680,Delhi,False,,,
CMP00300,2,ACC103616,TEST0001857,88100,2026-09-02 16:36:57.666680,Kolkata,False,,,
CMP00300,3,ACC136231,TEST0003776,85200,2026-09-02 17:08:57.666680,Pune,False,,,
CMP00300,4,ACC241843,FAKE0001615,80600,2026-09-02 18:29:57.666680,Jaipur,False,,,
CMP00300,5,ACC863284,DEMO0005427,79500,2026-09-02 19:52:57.666680,Jaipur,False,,,
CMP00300,6,ACC596231,TEST0009295,74400,2026-09-02 19:56:57.666680,Patna,False,,,
CMP00300,7,ACC540661,MOCK0001039,74400,2026-09-02 20:19:57.666680,Pune,True,18.537737,73.8469,True
CMP00301,1,ACC819050,TEST0007895,25700,2026-08-06 23:45:43.666690,Hyderabad,False,,,
CMP00301,2,ACC645583,MOCK0003247,25000,2026-08-07 01:11:43.666690,Hyderabad,False,,,
CMP00301,3,ACC636435,FAKE0005631,23500,2026-08-07 02:06:43.666690,Mumbai,False,,,
CMP00301,4,ACC308296,TEST0009571,22300,2026-08-07 02:22:43.666690,Kolkata,False,,,
CMP00301,5,ACC529660,FAKE0009980,22300,2026-08-07 02:49:43.666690,Hyderabad,True,17.401137,78.540781,True
CMP00302,1,ACC792601,DEMO0007961,32500,2026-08-21 19:55:51.666703,Ahmedabad,False,,,
CMP00302,2,ACC392736,MOCK0004508,31500,2026-08-21 20:19:51.666703,Kolkata,False,,,
CMP00302,3,ACC409890,MOCK0008616,30400,2026-08-21 20:23:51.666703,Delhi,False,,,
CMP00302,4,ACC935297,FAKE0004764,28600,2026-08-21 20:36:51.666703,Bengaluru,False,,,
CMP00302,5,ACC687270,MOCK0003215,28600,2026-08-21 21:46:51.666703,Bengaluru,True,12.97269,77.636976,True
CMP00303,1,ACC813321,DEMO0001796,98000,2026-08-26 10:02:19.666714,Delhi,False,,,
CMP00303,2,ACC779587,FAKE0009667,90600,2026-08-26 10:18:19.666714,Hyderabad,False,,,
CMP00303,3,ACC333375,DEMO0008421,84000,2026-08-26 11:12:19.666714,Hyderabad,False,,,
CMP00303,4,ACC815095,SYNTH0004194,81300,2026-08-26 11:30:19.666714,Patna,False,,,
CMP00303,5,ACC392193,FAKE0006850,81300,2026-08-26 12:31:19.666714,Delhi,True,28.56656,77.214332,False
CMP00304,1,ACC857526,TEST0001145,90300,2026-08-13 10:21:58.666725,Kolkata,False,,,
CMP00304,2,ACC307140,MOCK0003518,90300,2026-08-13 10:35:58.666725,Kolkata,True,22.572448,88.384862,True
CMP00305,1,ACC264735,TEST0004367,53300,2026-08-06 11:59:32.666735,Patna,False,,,
CMP00305,2,ACC681028,MOCK0005346,50100,2026-08-06 12:25:32.666735,Bengaluru,False,,,
CMP00305,3,ACC349087,DEMO0009043,49300,2026-08-06 13:51:32.666735,Bengaluru,False,,,
CMP00305,4,ACC104000,TEST0008869,47300,2026-08-06 14:12:32.666735,Bengaluru,False,,,
CMP00305,5,ACC317005,TEST0002342,46300,2026-08-06 14:39:32.666735,Bengaluru,False,,,
CMP00305,6,ACC923002,DEMO0005341,44500,2026-08-06 15:41:32.666735,Jaipur,False,,,
CMP00305,7,ACC293862,DEMO0007052,44500,2026-08-06 15:54:32.666735,Patna,True,25.581864,85.163704,True
CMP00306,1,ACC654711,MOCK0008785,58400,2026-08-30 11:33:44.666746,Patna,False,,,
CMP00306,2,ACC804456,TEST0009470,55000,2026-08-30 12:52:44.666746,Patna,False,,,
CMP00306,3,ACC284932,TEST0007070,54200,2026-08-30 14:00:44.666746,Hyderabad,False,,,
CMP00306,4,ACC463701,MOCK0003372,50700,2026-08-30 14:32:44.666746,Patna,False,,,
CMP00306,5,ACC538430,TEST0008362,47600,2026-08-30 15:34:44.666746,Patna,False,,,
CMP00306,6,ACC429536,TEST0007741,47600,2026-08-30 16:30:44.666746,Delhi,True,28.604941,77.192811,True
CMP00307,1,ACC923073,FAKE0005985,160800,2026-08-15 03:18:26.666757,Pune,False,,,
CMP00307,2,ACC821338,DEMO0005422,160800,2026-08-15 03:29:26.666757,Jaipur,True,26.895673,75.813298,True
CMP00308,1,ACC581136,SYNTH0007459,31400,2026-08-29 21:09:59.666767,Jaipur,False,,,
CMP00308,2,ACC511025,DEMO0006752,29200,2026-08-29 22:08:59.666767,Ahmedabad,False,,,
CMP00308,3,ACC389471,MOCK0008240,26900,2026-08-29 23:01:59.666767,Bengaluru,False,,,
CMP00308,4,ACC635441,TEST0005807,25000,2026-08-29 23:55:59.666767,Kolkata,False,,,
CMP00308,5,ACC794567,FAKE0004402,24500,2026-08-30 00:57:59.666767,Mumbai,False,,,
CMP00308,6,ACC532832,FAKE0009360,22600,2026-08-30 01:45:59.666767,Jaipur,False,,,
CMP00308,7,ACC415974,SYNTH0004855,22600,2026-08-30 02:25:59.666767,Kolkata,True,22.56809,88.398221,False
CMP00309,1,ACC428817,DEMO0003639,82800,2026-08-14 22:52:58.666778,Jaipur,False,,,
CMP00309,2,ACC287356,MOCK0001515,78100,2026-08-14 23:17:58.666778,Jaipur,False,,,
CMP00309,3,ACC607417,MOCK0009953,71900,2026-08-14 23:34:58.666778,Lucknow,False,,,
CMP00309,4,ACC877725,FAKE0004159,69900,2026-08-14 23:36:58.666778,Jaipur,False,,,
CMP00309,5,ACC124157,SYNTH0004543,66700,2026-08-15 00:55:58.666778,Jaipur,False,,,
CMP00309,6,ACC327496,SYNTH0004600,65900,2026-08-15 01:43:58.666778,Jaipur,False,,,
CMP00309,7,ACC380589,SYNTH0002506,65900,2026-08-15 01:55:58.666778,Bengaluru,True,12.970917,77.571268,True
CMP00310,1,ACC742525,MOCK0003018,43600,2026-08-15 12:11:24.666790,Pune,False,,,
CMP00310,2,ACC122709,SYNTH0003797,42600,2026-08-15 13:08:24.666790,Pune,False,,,
CMP00310,3,ACC310083,TEST0005742,42600,2026-08-15 14:15:24.666790,Ahmedabad,True,22.986955,72.608933,True
CMP00311,1,ACC347789,DEMO0008652,43600,2026-08-12 20:03:24.666801,Pune,False,,,
CMP00311,2,ACC307131,SYNTH0005079,43600,2026-08-12 20:44:24.666801,Delhi,True,28.614752,77.189751,True
CMP00312,1,ACC653451,TEST0002312,138100,2026-08-22 15:38:05.666811,Patna,False,,,
CMP00312,2,ACC999507,FAKE0008424,138100,2026-08-22 16:17:05.666811,Mumbai,True,19.022205,72.859721,False
CMP00313,1,ACC496129,TEST0009927,104800,2026-08-15 06:53:09.666822,Mumbai,False,,,
CMP00313,2,ACC283450,TEST0006426,101800,2026-08-15 07:52:09.666822,Ahmedabad,False,,,
CMP00313,3,ACC424348,MOCK0009520,101800,2026-08-15 08:44:09.666822,Jaipur,True,26.962735,75.790713,True
CMP00314,1,ACC564523,TEST0003489,103000,2026-08-08 14:18:00.666833,Jaipur,False,,,
CMP00314,2,ACC293720,MOCK0005372,101800,2026-08-08 14:44:00.666833,Delhi,False,,,
CMP00314,3,ACC725329,FAKE0006886,99100,2026-08-08 16:03:00.666833,Pune,False,,,
CMP00314,4,ACC240600,MOCK0008680,99100,2026-08-08 16:15:00.666833,Kolkata,True,22.624482,88.34667,True
CMP00315,1,ACC282298,TEST0005901,157500,2026-09-01 07:42:54.666847,Ahmedabad,False,,,
CMP00315,2,ACC131657,FAKE0008498,148600,2026-09-01 08:51:54.666847,Lucknow,False,,,
CMP00315,3,ACC692389,DEMO0005515,148600,2026-09-01 09:11:54.666847,Jaipur,True,26.90079,75.798852,True
CMP00316,1,ACC745483,SYNTH0001800,53400,2026-08-17 08:29:50.666857,Pune,False,,,
CMP00316,2,ACC897671,TEST0004042,53400,2026-08-17 09:18:50.666857,Hyderabad,True,17.367079,78.440037,False
CMP00317,1,ACC602577,TEST0002946,90600,2026-08-13 12:00:08.666868,Patna,False,,,
CMP00317,2,ACC938672,SYNTH0006322,85400,2026-08-13 12:55:08.666868,Kolkata,False,,,
CMP00317,3,ACC237801,FAKE0001346,85400,2026-08-13 13:48:08.666868,Lucknow,True,26.869677,80.938943,True
CMP00318,1,ACC373825,SYNTH0003921,40900,2026-08-21 23:34:27.666879,Jaipur,False,,,
CMP00318,2,ACC991546,SYNTH0004612,38100,2026-08-21 23:41:27.666879,Hyderabad,False,,,
CMP00318,3,ACC255002,FAKE0007916,36100,2026-08-22 01:04:27.666879,Hyderabad,False,,,
CMP00318,4,ACC583287,TEST0006532,36100,2026-08-22 02:27:27.666879,Lucknow,True,26.828138,80.913199,True
CMP00319,1,ACC338101,TEST0008975,67100,2026-08-20 22:32:21.666890,Bengaluru,False,,,
CMP00319,2,ACC489616,DEMO0003136,62300,2026-08-20 23:25:21.666890,Kolkata,False,,,
CMP00319,3,ACC252607,FAKE0005840,57800,2026-08-21 00:20:21.666890,Pune,False,,,
CMP00319,4,ACC587681,DEMO0002279,53500,2026-08-21 01:09:21.666890,Bengaluru,False,,,
CMP00319,5,ACC960979,DEMO0001663,53500,2026-08-21 02:27:21.666890,Bengaluru,True,12.917283,77.615786,True
CMP00320,1,ACC687150,FAKE0007287,45300,2026-08-29 01:29:45.666901,Ahmedabad,False,,,
CMP00320,2,ACC312960,SYNTH0009255,45300,2026-08-29 02:05:45.666901,Delhi,True,28.618019,77.210272,True
CMP00321,1,ACC579374,SYNTH0008256,56200,2026-08-23 08:09:56.666913,Mumbai,False,,,
CMP00321,2,ACC978560,TEST0003978,56200,2026-08-23 08:38:56.666913,Bengaluru,True,12.978817,77.601108,False
CMP00322,1,ACC772036,FAKE0009572,88200,2026-08-08 04:25:36.666924,Pune,False,,,
CMP00322,2,ACC975763,SYNTH0001512,81500,2026-08-08 05:51:36.666924,Pune,False,,,
CMP00322,3,ACC300924,MOCK0007366,80100,2026-08-08 06:18:36.666924,Pune,False,,,
CMP00322,4,ACC151470,MOCK0002161,77200,2026-08-08 07:44:36.666924,Jaipur,False,,,
CMP00322,5,ACC787603,FAKE0008668,73800,2026-08-08 07:47:36.666924,Hyderabad,False,,,
CMP00322,6,ACC685126,DEMO0007046,73800,2026-08-08 09:10:36.666924,Pune,True,18.52561,73.805657,False
CMP00323,1,ACC988990,SYNTH0004584,26200,2026-08-15 02:54:26.666935,Bengaluru,False,,,
CMP00323,2,ACC574409,MOCK0004326,24300,2026-08-15 03:42:26.666935,Kolkata,False,,,
CMP00323,3,ACC391334,TEST0002672,23300,2026-08-15 04:35:26.666935,Kolkata,False,,,
CMP00323,4,ACC881216,FAKE0008550,23300,2026-08-15 04:55:26.666935,Mumbai,True,19.092948,72.865502,True
CMP00324,1,ACC370546,FAKE0001830,313600,2026-08-29 10:34:32.666946,Hyderabad,False,,,
CMP00324,2,ACC390801,SYNTH0008119,313600,2026-08-29 10:38:32.666946,Ahmedabad,True,23.062014,72.546023,True
CMP00325,1,ACC271494,TEST0003451,23100,2026-08-27 10:40:41.666957,Hyderabad,False,,,
CMP00325,2,ACC284704,TEST0005270,22300,2026-08-27 11:00:41.666957,Mumbai,False,,,
CMP00325,3,ACC991286,SYNTH0001024,22300,2026-08-27 12:17:41.666957,Patna,True,25.615372,85.134166,False
CMP00326,1,ACC432006,DEMO0005266,18600,2026-08-10 04:57:19.666970,Pune,False,,,
CMP00326,2,ACC689810,TEST0006633,17500,2026-08-10 05:46:19.666970,Pune,False,,,
CMP00326,3,ACC666091,MOCK0005940,17500,2026-08-10 06:06:19.666970,Pune,True,18.538716,73.854682,False
CMP00327,1,ACC963617,MOCK0002727,139900,2026-08-11 11:40:53.666981,Mumbai,False,,,
CMP00327,2,ACC479205,TEST0008233,137000,2026-08-11 12:03:53.666981,Hyderabad,False,,,
CMP00327,3,ACC261790,TEST0003257,129400,2026-08-11 13:09:53.666981,Mumbai,False,,,
CMP00327,4,ACC535945,FAKE0005019,121100,2026-08-11 13:26:53.666981,Kolkata,False,,,
CMP00327,5,ACC629554,TEST0007101,121100,2026-08-11 14:28:53.666981,Lucknow,True,26.861569,80.967535,True
CMP00328,1,ACC716005,FAKE0004811,101400,2026-08-12 18:45:21.666993,Ahmedabad,False,,,
CMP00328,2,ACC423851,DEMO0004990,98700,2026-08-12 18:49:21.666993,Mumbai,False,,,
CMP00328,3,ACC244237,TEST0004309,95100,2026-08-12 20:10:21.666993,Hyderabad,False,,,
CMP00328,4,ACC773226,MOCK0008270,93900,2026-08-12 20:31:21.666993,Hyderabad,False,,,
CMP00328,5,ACC432963,FAKE0009533,88700,2026-08-12 21:15:21.666993,Hyderabad,False,,,
CMP00328,6,ACC887009,TEST0006615,88700,2026-08-12 22:10:21.666993,Jaipur,True,26.897858,75.761931,True
CMP00329,1,ACC257352,FAKE0002740,86600,2026-08-16 07:28:26.667003,Bengaluru,False,,,
CMP00329,2,ACC428315,MOCK0006636,82600,2026-08-16 08:47:26.667003,Bengaluru,False,,,
CMP00329,3,ACC710990,SYNTH0007243,82600,2026-08-16 09:16:26.667003,Bengaluru,True,12.988172,77.623937,True
CMP00330,1,ACC890795,MOCK0003409,86400,2026-08-10 06:04:26.667014,Pune,False,,,
CMP00330,2,ACC455136,DEMO0001656,81400,2026-08-10 07:18:26.667014,Patna,False,,,
CMP00330,3,ACC423047,MOCK0004610,80400,2026-08-10 07:37:26.667014,Mumbai,False,,,
CMP00330,4,ACC442220,SYNTH0009625,79300,2026-08-10 08:36:26.667014,Ahmedabad,False,,,
CMP00330,5,ACC305222,MOCK0008298,78400,2026-08-10 09:06:26.667014,Pune,False,,,
CMP00330,6,ACC636648,DEMO0006206,75500,2026-08-10 10:34:26.667014,Mumbai,False,,,
CMP00330,7,ACC799155,SYNTH0008006,75500,2026-08-10 11:53:26.667014,Delhi,True,28.636808,77.217662,True
CMP00331,1,ACC189365,FAKE0009528,53300,2026-08-21 11:44:57.667025,Kolkata,False,,,
CMP00331,2,ACC596427,MOCK0006582,50900,2026-08-21 12:57:57.667025,Hyderabad,False,,,
CMP00331,3,ACC924334,TEST0005031,47400,2026-08-21 13:14:57.667025,Delhi,False,,,
CMP00331,4,ACC407706,FAKE0001899,46800,2026-08-21 13:55:57.667025,Patna,False,,,
CMP00331,5,ACC829711,DEMO0003507,45500,2026-08-21 14:35:57.667025,Hyderabad,False,,,
CMP00331,6,ACC532044,MOCK0006960,41900,2026-08-21 15:12:57.667025,Mumbai,False,,,
CMP00331,7,ACC526635,TEST0006369,41900,2026-08-21 15:23:57.667025,Jaipur,True,26.93678,75.799827,True
CMP00332,1,ACC398477,TEST0008300,24800,2026-08-10 06:51:36.667036,Jaipur,False,,,
CMP00332,2,ACC863209,DEMO0008249,23000,2026-08-10 08:04:36.667036,Jaipur,False,,,
CMP00332,3,ACC863364,DEMO0007786,21200,2026-08-10 08:42:36.667036,Jaipur,False,,,
CMP00332,4,ACC250616,DEMO0009606,21200,2026-08-10 09:01:36.667036,Mumbai,True,19.10095,72.805294,True
CMP00333,1,ACC584795,TEST0003578,55600,2026-08-21 04:40:10.667047,Delhi,False,,,
CMP00333,2,ACC200789,SYNTH0005648,53100,2026-08-21 06:04:10.667047,Ahmedabad,False,,,
CMP00333,3,ACC455108,DEMO0008413,50100,2026-08-21 06:10:10.667047,Delhi,False,,,
CMP00333,4,ACC407917,DEMO0007848,47300,2026-08-21 06:57:10.667047,Jaipur,False,,,
CMP00333,5,ACC798619,SYNTH0008557,45700,2026-08-21 07:29:10.667047,Jaipur,False,,,
CMP00333,6,ACC183312,FAKE0003419,45700,2026-08-21 07:50:10.667047,Mumbai,True,19.085182,72.923655,True
CMP00334,1,ACC804505,TEST0003785,29800,2026-08-06 18:24:28.667058,Patna,False,,,
CMP00334,2,ACC408054,SYNTH0005237,29300,2026-08-06 19:50:28.667058,Bengaluru,False,,,
CMP00334,3,ACC812730,FAKE0004641,27200,2026-08-06 21:03:28.667058,Bengaluru,False,,,
CMP00334,4,ACC422002,TEST0007089,27200,2026-08-06 21:50:28.667058,Ahmedabad,True,23.052663,72.550977,True
CMP00335,1,ACC871037,TEST0002670,119000,2026-08-13 05:47:07.667069,Pune,False,,,
CMP00335,2,ACC494847,DEMO0003756,109900,2026-08-13 07:15:07.667069,Hyderabad,False,,,
CMP00335,3,ACC596894,FAKE0002922,109900,2026-08-13 07:24:07.667069,Bengaluru,True,13.001927,77.598143,True
CMP00336,1,ACC601197,FAKE0008486,47100,2026-08-18 03:41:08.667080,Jaipur,False,,,
CMP00336,2,ACC942438,FAKE0006811,45200,2026-08-18 03:45:08.667080,Patna,False,,,
CMP00336,3,ACC555238,TEST0004757,45200,2026-08-18 04:33:08.667080,Mumbai,True,19.070338,72.886884,False
CMP00337,1,ACC587546,FAKE0002091,25800,2026-08-08 13:46:32.667090,Kolkata,False,,,
CMP00337,2,ACC213132,DEMO0004787,25500,2026-08-08 14:37:32.667090,Jaipur,False,,,
CMP00337,3,ACC430779,MOCK0009709,25500,2026-08-08 15:27:32.667090,Mumbai,True,19.093456,72.887537,True
CMP00338,1,ACC470534,FAKE0006296,38700,2026-08-19 07:44:10.667101,Delhi,False,,,
CMP00338,2,ACC346575,DEMO0004545,36900,2026-08-19 08:47:10.667101,Bengaluru,False,,,
CMP00338,3,ACC762184,TEST0008028,36900,2026-08-19 09:42:10.667101,Pune,True,18.571963,73.830012,True
CMP00339,1,ACC241176,FAKE0009689,72000,2026-08-07 04:22:29.667112,Ahmedabad,False,,,
CMP00339,2,ACC979562,MOCK0003903,68300,2026-08-07 04:30:29.667112,Patna,False,,,
CMP00339,3,ACC208584,MOCK0006273,65800,2026-08-07 06:00:29.667112,Bengaluru,False,,,
CMP00339,4,ACC738576,SYNTH0005482,60900,2026-08-07 07:06:29.667112,Patna,False,,,
CMP00339,5,ACC574843,SYNTH0007762,60900,2026-08-07 07:58:29.667112,Jaipur,True,26.915724,75.769797,False
CMP00340,1,ACC688207,MOCK0002225,33100,2026-08-14 23:27:47.667122,Mumbai,False,,,
CMP00340,2,ACC815267,TEST0006244,31000,2026-08-15 00:42:47.667122,Patna,False,,,
CMP00340,3,ACC941718,FAKE0005496,29600,2026-08-15 01:09:47.667122,Hyderabad,False,,,
CMP00340,4,ACC574779,TEST0007272,28900,2026-08-15 02:04:47.667122,Hyderabad,False,,,
CMP00340,5,ACC118702,MOCK0001076,27300,2026-08-15 02:36:47.667122,Jaipur,False,,,
CMP00340,6,ACC982526,FAKE0009740,27300,2026-08-15 03:37:47.667122,Hyderabad,True,17.350702,78.446361,False
CMP00341,1,ACC168209,MOCK0004734,26800,2026-08-11 23:47:36.667133,Jaipur,False,,,
CMP00341,2,ACC301170,FAKE0009731,26800,2026-08-12 00:55:36.667133,Pune,True,18.523531,73.845965,False
CMP00342,1,ACC661811,DEMO0005881,64700,2026-08-27 12:42:07.667144,Ahmedabad,False,,,
CMP00342,2,ACC711161,TEST0005294,63600,2026-08-27 12:45:07.667144,Lucknow,False,,,
CMP00342,3,ACC424328,SYNTH0001015,58600,2026-08-27 13:58:07.667144,Patna,False,,,
CMP00342,4,ACC697706,DEMO0008245,54200,2026-08-27 14:05:07.667144,Bengaluru,False,,,
CMP00342,5,ACC972319,TEST0007352,52500,2026-08-27 15:28:07.667144,Hyderabad,False,,,
CMP00342,6,ACC518691,FAKE0008132,52500,2026-08-27 16:51:07.667144,Lucknow,True,26.870835,80.977103,False
CMP00343,1,ACC185930,TEST0009669,64800,2026-08-28 19:51:47.667155,Kolkata,False,,,
CMP00343,2,ACC444699,TEST0004376,60500,2026-08-28 20:31:47.667155,Jaipur,False,,,
CMP00343,3,ACC648481,MOCK0002717,60500,2026-08-28 21:27:47.667155,Hyderabad,True,17.320942,78.481924,False
CMP00344,1,ACC899582,FAKE0004960,33600,2026-08-18 19:36:56.667166,Ahmedabad,False,,,
CMP00344,2,ACC874212,MOCK0001672,33600,2026-08-18 20:33:56.667166,Patna,True,25.602177,85.131291,True
CMP00345,1,ACC823789,MOCK0008700,35200,2026-08-30 02:19:41.667177,Patna,False,,,
CMP00345,2,ACC312653,MOCK0007294,35200,2026-08-30 02:40:41.667177,Patna,True,25.578063,85.149797,True
CMP00346,1,ACC158331,MOCK0005596,63200,2026-09-03 04:52:10.667187,Kolkata,False,,,
CMP00346,2,ACC837428,DEMO0007893,61400,2026-09-03 05:53:10.667187,Jaipur,False,,,
CMP00346,3,ACC312362,FAKE0009923,58200,2026-09-03 06:58:10.667187,Patna,False,,,
CMP00346,4,ACC983942,SYNTH0008582,58200,2026-09-03 08:09:10.667187,Delhi,True,28.604906,77.175849,True
CMP00347,1,ACC792640,DEMO0002664,14900,2026-08-27 10:37:25.667201,Pune,False,,,
CMP00347,2,ACC436713,DEMO0002734,13900,2026-08-27 11:39:25.667201,Kolkata,False,,,
CMP00347,3,ACC376519,TEST0009873,13700,2026-08-27 13:00:25.667201,Bengaluru,False,,,
CMP00347,4,ACC261571,DEMO0003430,12800,2026-08-27 13:31:25.667201,Kolkata,False,,,
CMP00347,5,ACC288616,MOCK0001657,12500,2026-08-27 14:16:25.667201,Mumbai,False,,,
CMP00347,6,ACC503992,MOCK0005616,12000,2026-08-27 15:32:25.667201,Jaipur,False,,,
CMP00347,7,ACC359423,SYNTH0008395,12000,2026-08-27 16:06:25.667201,Bengaluru,True,12.959694,77.61646,True
CMP00348,1,ACC683102,MOCK0003923,15600,2026-08-22 01:02:36.667212,Patna,False,,,
CMP00348,2,ACC240775,FAKE0006569,14900,2026-08-22 01:39:36.667212,Patna,False,,,
CMP00348,3,ACC770125,TEST0004912,14700,2026-08-22 01:45:36.667212,Patna,False,,,
CMP00348,4,ACC902209,SYNTH0009621,13700,2026-08-22 02:13:36.667212,Hyderabad,False,,,
CMP00348,5,ACC513893,SYNTH0002674,12900,2026-08-22 02:47:36.667212,Mumbai,False,,,
CMP00348,6,ACC728993,DEMO0003027,12400,2026-08-22 03:00:36.667212,Patna,False,,,
CMP00348,7,ACC308266,FAKE0004243,12400,2026-08-22 04:11:36.667212,Patna,True,25.590097,85.154384,True
CMP00349,1,ACC691246,FAKE0006666,27700,2026-08-15 15:32:57.667223,Ahmedabad,False,,,
CMP00349,2,ACC678211,SYNTH0005432,26500,2026-08-15 15:43:57.667223,Mumbai,False,,,
CMP00349,3,ACC620719,TEST0008069,26500,2026-08-15 15:50:57.667223,Ahmedabad,True,23.035957,72.598213,True
CMP00350,1,ACC492393,SYNTH0002517,42900,2026-08-09 00:31:08.667234,Jaipur,False,,,
CMP00350,2,ACC624344,TEST0008921,42000,2026-08-09 01:29:08.667234,Kolkata,False,,,
CMP00350,3,ACC443238,FAKE0009456,41200,2026-08-09 02:38:08.667234,Jaipur,False,,,
CMP00350,4,ACC859767,DEMO0009558,40700,2026-08-09 04:06:08.667234,Hyderabad,False,,,
CMP00350,5,ACC146168,MOCK0002426,38300,2026-08-09 04:22:08.667234,Jaipur,False,,,
CMP00350,6,ACC208111,TEST0001368,38300,2026-08-09 05:06:08.667234,Delhi,True,28.60182,77.24835,True
CMP00351,1,ACC619383,MOCK0002375,68200,2026-08-11 06:05:02.667245,Bengaluru,False,,,
CMP00351,2,ACC940480,SYNTH0003093,65200,2026-08-11 06:44:02.667245,Mumbai,False,,,
CMP00351,3,ACC648501,MOCK0001781,62600,2026-08-11 08:13:02.667245,Hyderabad,False,,,
CMP00351,4,ACC147285,MOCK0007961,62600,2026-08-11 09:25:02.667245,Jaipur,True,26.95345,75.812545,True
CMP00352,1,ACC657772,SYNTH0005055,185700,2026-08-04 23:38:30.667256,Patna,False,,,
CMP00352,2,ACC389039,FAKE0001527,181400,2026-08-05 00:38:30.667256,Delhi,False,,,
CMP00352,3,ACC903265,FAKE0004943,167700,2026-08-05 02:04:30.667256,Delhi,False,,,
CMP00352,4,ACC722795,MOCK0001797,165600,2026-08-05 02:32:30.667256,Delhi,False,,,
CMP00352,5,ACC560285,SYNTH0001924,165600,2026-08-05 03:05:30.667256,Patna,True,25.596503,85.126043,True
CMP00353,1,ACC446189,DEMO0005376,107600,2026-08-20 23:05:48.667266,Patna,False,,,
CMP00353,2,ACC305871,DEMO0005518,107600,2026-08-20 23:25:48.667266,Hyderabad,True,17.3933,78.491462,True
CMP00354,1,ACC486547,DEMO0002535,47000,2026-08-13 20:28:14.667279,Patna,False,,,
CMP00354,2,ACC294015,SYNTH0004094,43800,2026-08-13 21:33:14.667279,Mumbai,False,,,
CMP00354,3,ACC779020,TEST0003669,42500,2026-08-13 22:47:14.667279,Hyderabad,False,,,
CMP00354,4,ACC172827,DEMO0005018,41600,2026-08-13 23:11:14.667279,Pune,False,,,
CMP00354,5,ACC205102,SYNTH0001193,41600,2026-08-14 00:11:14.667279,Patna,True,25.628855,85.151545,False
CMP00355,1,ACC723501,DEMO0008812,50200,2026-08-13 10:06:40.667290,Ahmedabad,False,,,
CMP00355,2,ACC109958,SYNTH0003070,47300,2026-08-13 11:23:40.667290,Mumbai,False,,,
CMP00355,3,ACC871146,TEST0005081,45900,2026-08-13 11:43:40.667290,Mumbai,False,,,
CMP00355,4,ACC291999,TEST0008678,45900,2026-08-13 13:11:40.667290,Kolkata,True,22.526695,88.3766,True
CMP00356,1,ACC411345,FAKE0009606,22500,2026-09-02 12:09:29.667300,Pune,False,,,
CMP00356,2,ACC938541,TEST0006260,21200,2026-09-02 12:30:29.667300,Delhi,False,,,
CMP00356,3,ACC381782,SYNTH0007373,20000,2026-09-02 12:42:29.667300,Pune,False,,,
CMP00356,4,ACC439327,MOCK0002137,20000,2026-09-02 12:51:29.667300,Kolkata,True,22.518766,88.391329,True
CMP00357,1,ACC132597,MOCK0001515,51600,2026-09-01 05:10:01.667311,Hyderabad,False,,,
CMP00357,2,ACC576327,SYNTH0009662,51600,2026-09-01 06:18:01.667311,Mumbai,True,19.105853,72.853171,True
CMP00358,1,ACC387361,FAKE0005329,41200,2026-08-16 17:57:45.667322,Pune,False,,,
CMP00358,2,ACC405385,SYNTH0007657,39500,2026-08-16 19:22:45.667322,Patna,False,,,
CMP00358,3,ACC398239,MOCK0009300,36600,2026-08-16 20:35:45.667322,Jaipur,False,,,
CMP00358,4,ACC621178,TEST0009955,34400,2026-08-16 21:08:45.667322,Jaipur,False,,,
CMP00358,5,ACC516650,DEMO0007059,34400,2026-08-16 21:23:45.667322,Delhi,True,28.655648,77.218867,False
CMP00359,1,ACC163063,SYNTH0008831,68600,2026-08-23 02:20:24.667333,Ahmedabad,False,,,
CMP00359,2,ACC236079,MOCK0009630,68600,2026-08-23 02:22:24.667333,Bengaluru,True,12.975596,77.568908,True
CMP00360,1,ACC806004,FAKE0002036,26700,2026-08-07 10:54:48.667343,Lucknow,False,,,
CMP00360,2,ACC989455,MOCK0002738,26300,2026-08-07 12:10:48.667343,Lucknow,False,,,
CMP00360,3,ACC736030,DEMO0007249,25900,2026-08-07 12:49:48.667343,Pune,False,,,
CMP00360,4,ACC597012,SYNTH0003234,25400,2026-08-07 13:41:48.667343,Delhi,False,,,
CMP00360,5,ACC409307,SYNTH0005883,25400,2026-08-07 14:33:48.667343,Ahmedabad,True,22.996969,72.589109,False
CMP00361,1,ACC225740,MOCK0005933,82100,2026-08-26 11:01:48.667354,Pune,False,,,
CMP00361,2,ACC906605,DEMO0009668,76000,2026-08-26 11:32:48.667354,Mumbai,False,,,
CMP00361,3,ACC272468,SYNTH0002992,70400,2026-08-26 12:54:48.667354,Kolkata,False,,,
CMP00361,4,ACC462663,SYNTH0009488,68000,2026-08-26 13:21:48.667354,Bengaluru,False,,,
CMP00361,5,ACC855861,SYNTH0008940,68000,2026-08-26 14:13:48.667354,Bengaluru,True,12.988081,77.618039,True
CMP00362,1,ACC692867,MOCK0009982,193200,2026-08-16 08:04:15.667365,Hyderabad,False,,,
CMP00362,2,ACC988767,FAKE0008738,179400,2026-08-16 08:59:15.667365,Mumbai,False,,,
CMP00362,3,ACC432335,MOCK0005801,174200,2026-08-16 10:25:15.667365,Patna,False,,,
CMP00362,4,ACC937818,TEST0004782,163100,2026-08-16 10:58:15.667365,Ahmedabad,False,,,
CMP00362,5,ACC221023,DEMO0007716,153600,2026-08-16 11:58:15.667365,Ahmedabad,False,,,
CMP00362,6,ACC687681,TEST0008932,146600,2026-08-16 12:46:15.667365,Ahmedabad,False,,,
CMP00362,7,ACC924499,MOCK0003052,146600,2026-08-16 14:05:15.667365,Ahmedabad,True,23.027026,72.538979,True
CMP00363,1,ACC557169,FAKE0009779,48900,2026-08-10 18:24:35.667376,Hyderabad,False,,,
CMP00363,2,ACC149840,MOCK0007586,47400,2026-08-10 18:53:35.667376,Hyderabad,False,,,
CMP00363,3,ACC852570,FAKE0006518,44100,2026-08-10 19:23:35.667376,Mumbai,False,,,
CMP00363,4,ACC940104,DEMO0004436,42000,2026-08-10 19:59:35.667376,Hyderabad,False,,,
CMP00363,5,ACC629152,DEMO0009846,39200,2026-08-10 20:45:35.667376,Jaipur,False,,,
CMP00363,6,ACC521843,MOCK0008425,39200,2026-08-10 21:27:35.667376,Hyderabad,True,17.383397,78.494919,True
CMP00364,1,ACC530033,SYNTH0001876,74100,2026-08-23 15:19:54.667387,Kolkata,False,,,
CMP00364,2,ACC221565,DEMO0002712,72800,2026-08-23 15:35:54.667387,Mumbai,False,,,
CMP00364,3,ACC226832,FAKE0008315,72800,2026-08-23 15:53:54.667387,Delhi,True,28.646658,77.243892,True
CMP00365,1,ACC963428,SYNTH0007800,92300,2026-08-12 14:47:44.667397,Pune,False,,,
CMP00365,2,ACC747743,DEMO0007302,86600,2026-08-12 15:20:44.667397,Pune,False,,,
CMP00365,3,ACC696236,FAKE0004927,85200,2026-08-12 16:46:44.667397,Pune,False,,,
CMP00365,4,ACC758592,FAKE0004559,81100,2026-08-12 17:08:44.667397,Pune,False,,,
CMP00365,5,ACC898868,TEST0002253,77200,2026-08-12 18:13:44.667397,Pune,False,,,
CMP00365,6,ACC530016,TEST0004397,74000,2026-08-12 18:28:44.667397,Lucknow,False,,,
CMP00365,7,ACC128015,DEMO0007244,74000,2026-08-12 19:34:44.667397,Pune,True,18.518193,73.921193,True
CMP00366,1,ACC847096,DEMO0009106,37700,2026-08-12 08:31:29.667408,Delhi,False,,,
CMP00366,2,ACC520422,MOCK0001599,35600,2026-08-12 09:33:29.667408,Delhi,False,,,
CMP00366,3,ACC312861,SYNTH0007486,34100,2026-08-12 10:01:29.667408,Delhi,False,,,
CMP00366,4,ACC495400,TEST0005170,32400,2026-08-12 10:30:29.667408,Delhi,False,,,
CMP00366,5,ACC888133,DEMO0009500,31900,2026-08-12 11:42:29.667408,Delhi,False,,,
CMP00366,6,ACC143141,MOCK0006511,31900,2026-08-12 12:29:29.667408,Delhi,True,28.593016,77.262629,True
CMP00367,1,ACC292484,DEMO0003581,64900,2026-08-27 05:58:45.667421,Kolkata,False,,,
CMP00367,2,ACC999652,TEST0008495,64900,2026-08-27 07:25:45.667421,Delhi,True,28.613905,77.208767,True
CMP00368,1,ACC910540,TEST0003975,54500,2026-08-18 04:12:15.667432,Patna,False,,,
CMP00368,2,ACC731160,FAKE0003086,50400,2026-08-18 04:26:15.667432,Patna,False,,,
CMP00368,3,ACC172631,TEST0004770,48700,2026-08-18 05:37:15.667432,Patna,False,,,
CMP00368,4,ACC417644,TEST0004817,47700,2026-08-18 07:03:15.667432,Patna,False,,,
CMP00368,5,ACC243982,DEMO0003017,44300,2026-08-18 07:32:15.667432,Delhi,False,,,
CMP00368,6,ACC880080,SYNTH0007232,41200,2026-08-18 08:22:15.667432,Patna,False,,,
CMP00368,7,ACC518568,DEMO0003042,41200,2026-08-18 08:30:15.667432,Patna,True,25.591596,85.132508,True
CMP00369,1,ACC624514,DEMO0006830,58400,2026-08-14 07:59:42.667445,Patna,False,,,
CMP00369,2,ACC447412,MOCK0002654,58400,2026-08-14 08:17:42.667445,Mumbai,True,19.079717,72.869273,True
CMP00370,1,ACC832871,MOCK0007034,27400,2026-08-20 06:39:12.667456,Patna,False,,,
CMP00370,2,ACC596666,DEMO0007918,27100,2026-08-20 08:02:12.667456,Lucknow,False,,,
CMP00370,3,ACC375540,TEST0008776,25200,2026-08-20 08:12:12.667456,Patna,False,,,
CMP00370,4,ACC244207,SYNTH0002415,24700,2026-08-20 09:05:12.667456,Hyderabad,False,,,
CMP00370,5,ACC306063,MOCK0007116,24700,2026-08-20 10:20:12.667456,Patna,True,25.571507,85.145709,True
CMP00371,1,ACC968167,MOCK0001523,52300,2026-08-11 11:22:21.667467,Bengaluru,False,,,
CMP00371,2,ACC219505,FAKE0004671,49500,2026-08-11 11:32:21.667467,Lucknow,False,,,
CMP00371,3,ACC456855,FAKE0005382,46300,2026-08-11 12:36:21.667467,Lucknow,False,,,
CMP00371,4,ACC733643,FAKE0008173,46300,2026-08-11 12:57:21.667467,Ahmedabad,True,23.057107,72.585498,True
CMP00372,1,ACC551451,MOCK0006150,80100,2026-08-16 09:21:45.667478,Pune,False,,,
CMP00372,2,ACC273636,TEST0008973,78600,2026-08-16 09:35:45.667478,Hyderabad,False,,,
CMP00372,3,ACC277545,TEST0002738,78600,2026-08-16 10:33:45.667478,Hyderabad,True,17.415957,78.487232,True
CMP00373,1,ACC446663,FAKE0002458,183800,2026-08-07 00:19:47.667488,Kolkata,False,,,
CMP00373,2,ACC256389,MOCK0002229,169700,2026-08-07 00:35:47.667488,Kolkata,False,,,
CMP00373,3,ACC578938,TEST0005327,156300,2026-08-07 00:49:47.667488,Hyderabad,False,,,
CMP00373,4,ACC952679,FAKE0005760,152800,2026-08-07 01:50:47.667488,Jaipur,False,,,
CMP00373,5,ACC546688,FAKE0001751,152800,2026-08-07 02:38:47.667488,Lucknow,True,26.839006,80.951679,False
CMP00374,1,ACC980185,MOCK0003305,118300,2026-09-02 20:52:21.667499,Delhi,False,,,
CMP00374,2,ACC520244,FAKE0007859,116000,2026-09-02 21:47:21.667499,Pune,False,,,
CMP00374,3,ACC434134,MOCK0007657,116000,2026-09-02 22:30:21.667499,Pune,True,18.475994,73.866916,False
CMP00375,1,ACC848524,DEMO0009041,331900,2026-09-03 13:07:57.667510,Hyderabad,False,,,
CMP00375,2,ACC643754,SYNTH0004129,310400,2026-09-03 13:50:57.667510,Patna,False,,,
CMP00375,3,ACC567760,DEMO0008245,307000,2026-09-03 14:35:57.667510,Pune,False,,,
CMP00375,4,ACC980661,SYNTH0002640,286600,2026-09-03 15:07:57.667510,Bengaluru,False,,,
CMP00375,5,ACC762831,TEST0008208,282900,2026-09-03 15:50:57.667510,Pune,False,,,
CMP00375,6,ACC233146,MOCK0008838,282900,2026-09-03 17:18:57.667510,Lucknow,True,26.855295,80.944984,True
CMP00376,1,ACC828716,MOCK0004971,27000,2026-08-05 11:45:09.667521,Delhi,False,,,
CMP00376,2,ACC956156,TEST0002865,25200,2026-08-05 12:28:09.667521,Delhi,False,,,
CMP00376,3,ACC672133,MOCK0001440,24600,2026-08-05 13:42:09.667521,Delhi,False,,,
CMP00376,4,ACC559753,FAKE0007703,23000,2026-08-05 14:43:09.667521,Pune,False,,,
CMP00376,5,ACC353777,SYNTH0007932,23000,2026-08-05 16:11:09.667521,Jaipur,True,26.951889,75.774228,True
CMP00377,1,ACC208663,TEST0003885,113000,2026-08-23 18:54:36.667532,Ahmedabad,False,,,
CMP00377,2,ACC123812,DEMO0009598,105600,2026-08-23 19:08:36.667532,Pune,False,,,
CMP00377,3,ACC704430,SYNTH0003459,99600,2026-08-23 19:27:36.667532,Delhi,False,,,
CMP00377,4,ACC235064,MOCK0004172,98500,2026-08-23 20:45:36.667532,Pune,False,,,
CMP00377,5,ACC856625,FAKE0001020,94900,2026-08-23 21:33:36.667532,Lucknow,False,,,
CMP00377,6,ACC234430,MOCK0009135,88800,2026-08-23 22:02:36.667532,Lucknow,False,,,
CMP00377,7,ACC575774,TEST0004125,88800,2026-08-23 22:06:36.667532,Hyderabad,True,17.342914,78.466553,True
CMP00378,1,ACC265497,DEMO0005430,61400,2026-08-24 07:51:31.667543,Jaipur,False,,,
CMP00378,2,ACC686876,SYNTH0008591,56900,2026-08-24 08:14:31.667543,Patna,False,,,
CMP00378,3,ACC796866,TEST0001706,53800,2026-08-24 09:06:31.667543,Kolkata,False,,,
CMP00378,4,ACC848035,FAKE0007938,52800,2026-08-24 10:23:31.667543,Jaipur,False,,,
CMP00378,5,ACC146159,MOCK0005065,50400,2026-08-24 10:39:31.667543,Jaipur,False,,,
CMP00378,6,ACC685302,DEMO0006800,49100,2026-08-24 11:03:31.667543,Ahmedabad,False,,,
CMP00378,7,ACC709258,DEMO0003977,49100,2026-08-24 11:18:31.667543,Kolkata,True,22.533328,88.335731,False
CMP00379,1,ACC150011,MOCK0002094,325900,2026-08-22 18:55:58.667558,Lucknow,False,,,
CMP00379,2,ACC649434,TEST0002100,307300,2026-08-22 19:30:58.667558,Ahmedabad,False,,,
CMP00379,3,ACC575913,SYNTH0006147,299200,2026-08-22 19:56:58.667558,Ahmedabad,False,,,
CMP00379,4,ACC312460,DEMO0002781,289000,2026-08-22 20:43:58.667558,Bengaluru,False,,,
CMP00379,5,ACC586806,SYNTH0002665,285900,2026-08-22 21:44:58.667558,Mumbai,False,,,
CMP00379,6,ACC498280,DEMO0004898,280800,2026-08-22 21:56:58.667558,Delhi,False,,,
CMP00379,7,ACC238785,MOCK0006651,280800,2026-08-22 23:03:58.667558,Jaipur,True,26.909119,75.789221,True
CMP00380,1,ACC778407,TEST0001131,26200,2026-09-01 23:56:12.667569,Bengaluru,False,,,
CMP00380,2,ACC111480,MOCK0001717,26200,2026-09-02 01:17:12.667569,Bengaluru,True,12.97146,77.611319,False
CMP00381,1,ACC861093,FAKE0007933,25400,2026-09-02 07:39:42.667580,Patna,False,,,
CMP00381,2,ACC543806,MOCK0008209,25400,2026-09-02 08:44:42.667580,Jaipur,True,26.874453,75.778374,True
CMP00382,1,ACC547871,MOCK0008773,30500,2026-08-28 13:51:41.667590,Bengaluru,False,,,
CMP00382,2,ACC951532,FAKE0006777,28200,2026-08-28 14:57:41.667590,Bengaluru,False,,,
CMP00382,3,ACC305834,MOCK0008123,28200,2026-08-28 15:21:41.667590,Kolkata,True,22.564385,88.37898,True
CMP00383,1,ACC613392,SYNTH0001852,14500,2026-08-19 01:31:43.667610,Delhi,False,,,
CMP00383,2,ACC421531,DEMO0006529,14100,2026-08-19 02:56:43.667610,Pune,False,,,
CMP00383,3,ACC896671,FAKE0006454,13300,2026-08-19 03:03:43.667610,Pune,False,,,
CMP00383,4,ACC754489,MOCK0001314,13200,2026-08-19 04:15:43.667610,Pune,False,,,
CMP00383,5,ACC592957,FAKE0005428,12700,2026-08-19 04:55:43.667610,Pune,False,,,
CMP00383,6,ACC942159,DEMO0007671,12700,2026-08-19 05:45:43.667610,Pune,True,18.509217,73.888725,True
CMP00384,1,ACC196366,MOCK0007599,33300,2026-08-25 05:01:28.667621,Jaipur,False,,,
CMP00384,2,ACC285625,MOCK0008823,32600,2026-08-25 05:20:28.667621,Bengaluru,False,,,
CMP00384,3,ACC571103,TEST0007003,32200,2026-08-25 06:04:28.667621,Mumbai,False,,,
CMP00384,4,ACC963300,TEST0007108,30600,2026-08-25 06:40:28.667621,Mumbai,False,,,
CMP00384,5,ACC434454,MOCK0003071,29400,2026-08-25 07:44:28.667621,Delhi,False,,,
CMP00384,6,ACC232465,TEST0009141,27400,2026-08-25 07:46:28.667621,Hyderabad,False,,,
CMP00384,7,ACC869987,DEMO0004597,27400,2026-08-25 07:48:28.667621,Delhi,True,28.591257,77.192656,True
CMP00385,1,ACC779352,SYNTH0006865,26700,2026-08-17 04:13:45.667631,Jaipur,False,,,
CMP00385,2,ACC673338,FAKE0008192,26100,2026-08-17 04:54:45.667631,Kolkata,False,,,
CMP00385,3,ACC866461,SYNTH0005138,26100,2026-08-17 06:14:45.667631,Lucknow,True,26.898238,80.976409,True
CMP00386,1,ACC114436,MOCK0002069,59800,2026-08-21 16:27:00.667643,Kolkata,False,,,
CMP00386,2,ACC775545,SYNTH0005515,58300,2026-08-21 17:44:00.667643,Pune,False,,,
CMP00386,3,ACC268252,DEMO0003187,55800,2026-08-21 18:47:00.667643,Pune,False,,,
CMP00386,4,ACC503263,MOCK0009350,55800,2026-08-21 18:51:00.667643,Patna,True,25.634407,85.170473,True
CMP00387,1,ACC797298,MOCK0007909,71500,2026-08-11 13:05:26.667654,Pune,False,,,
CMP00387,2,ACC549653,DEMO0008516,68700,2026-08-11 13:36:26.667654,Pune,False,,,
CMP00387,3,ACC131208,FAKE0009476,65900,2026-08-11 14:44:26.667654,Lucknow,False,,,
CMP00387,4,ACC430096,SYNTH0008111,63400,2026-08-11 14:54:26.667654,Pune,False,,,
CMP00387,5,ACC138895,SYNTH0001947,59800,2026-08-11 15:03:26.667654,Pune,False,,,
CMP00387,6,ACC410089,MOCK0005986,57400,2026-08-11 16:25:26.667654,Ahmedabad,False,,,
CMP00387,7,ACC967176,MOCK0003406,57400,2026-08-11 17:07:26.667654,Delhi,True,28.632873,77.21603,True
CMP00388,1,ACC868089,MOCK0007776,256800,2026-08-29 08:34:06.667665,Pune,False,,,
CMP00388,2,ACC929595,MOCK0007902,238400,2026-08-29 09:08:06.667665,Patna,False,,,
CMP00388,3,ACC497797,FAKE0009195,219300,2026-08-29 09:26:06.667665,Jaipur,False,,,
CMP00388,4,ACC578346,MOCK0004780,213100,2026-08-29 10:35:06.667665,Jaipur,False,,,
CMP00388,5,ACC192873,FAKE0001532,213100,2026-08-29 11:33:06.667665,Ahmedabad,True,23.01312,72.563457,False
CMP00389,1,ACC686311,MOCK0005656,119100,2026-08-28 03:03:25.667676,Jaipur,False,,,
CMP00389,2,ACC633786,MOCK0009258,116300,2026-08-28 03:56:25.667676,Mumbai,False,,,
CMP00389,3,ACC584487,DEMO0009503,113200,2026-08-28 04:36:25.667676,Mumbai,False,,,
CMP00389,4,ACC518033,MOCK0009736,113200,2026-08-28 05:58:25.667676,Mumbai,True,19.064669,72.914012,False
CMP00390,1,ACC296243,SYNTH0005413,32100,2026-08-07 21:03:04.667687,Pune,False,,,
CMP00390,2,ACC483699,DEMO0004449,31400,2026-08-07 22:05:04.667687,Jaipur,False,,,
CMP00390,3,ACC482812,TEST0008384,29200,2026-08-07 23:00:04.667687,Jaipur,False,,,
CMP00390,4,ACC953740,TEST0004863,29200,2026-08-07 23:25:04.667687,Hyderabad,True,17.36809,78.531724,True
CMP00391,1,ACC429384,SYNTH0005790,24700,2026-08-15 18:16:17.667698,Mumbai,False,,,
CMP00391,2,ACC789525,FAKE0002251,24200,2026-08-15 18:34:17.667698,Kolkata,False,,,
CMP00391,3,ACC618970,TEST0004609,22800,2026-08-15 19:08:17.667698,Pune,False,,,
CMP00391,4,ACC918107,SYNTH0009631,21700,2026-08-15 20:06:17.667698,Lucknow,False,,,
CMP00391,5,ACC667719,FAKE0006679,21700,2026-08-15 20:42:17.667698,Mumbai,True,19.127405,72.85012,True
CMP00392,1,ACC451387,DEMO0001917,80100,2026-08-08 21:46:55.667708,Ahmedabad,False,,,
CMP00392,2,ACC860180,MOCK0009779,75500,2026-08-08 22:54:55.667708,Pune,False,,,
CMP00392,3,ACC818791,TEST0002084,75500,2026-08-08 22:58:55.667708,Pune,True,18.513966,73.814985,True
CMP00393,1,ACC308334,DEMO0003833,16900,2026-08-17 00:15:02.667719,Patna,False,,,
CMP00393,2,ACC426279,TEST0002928,16400,2026-08-17 01:38:02.667719,Delhi,False,,,
CMP00393,3,ACC693692,FAKE0002904,15200,2026-08-17 02:23:02.667719,Mumbai,False,,,
CMP00393,4,ACC190615,MOCK0001329,14900,2026-08-17 02:36:02.667719,Patna,False,,,
CMP00393,5,ACC768934,FAKE0005042,14900,2026-08-17 02:59:02.667719,Hyderabad,True,17.371204,78.550655,True
CMP00394,1,ACC200638,MOCK0003766,254500,2026-08-16 11:05:26.667731,Ahmedabad,False,,,
CMP00394,2,ACC666052,SYNTH0001109,242400,2026-08-16 11:10:26.667731,Delhi,False,,,
CMP00394,3,ACC487491,MOCK0007987,242400,2026-08-16 12:14:26.667731,Delhi,True,28.621621,77.251555,True
CMP00395,1,ACC105151,DEMO0002354,142400,2026-08-23 13:17:42.667742,Pune,False,,,
CMP00395,2,ACC197443,FAKE0003378,134900,2026-08-23 13:45:42.667742,Kolkata,False,,,
CMP00395,3,ACC258263,FAKE0004395,134900,2026-08-23 14:37:42.667742,Mumbai,True,19.068299,72.897192,False
CMP00396,1,ACC975427,MOCK0009918,34600,2026-08-07 16:36:49.667753,Jaipur,False,,,
CMP00396,2,ACC785428,MOCK0002275,33300,2026-08-07 17:50:49.667753,Delhi,False,,,
CMP00396,3,ACC333726,TEST0006653,31800,2026-08-07 18:58:49.667753,Delhi,False,,,
CMP00396,4,ACC626214,DEMO0003713,29500,2026-08-07 20:02:49.667753,Mumbai,False,,,
CMP00396,5,ACC774734,SYNTH0004062,28600,2026-08-07 20:33:49.667753,Delhi,False,,,
CMP00396,6,ACC852146,SYNTH0007793,26700,2026-08-07 20:55:49.667753,Delhi,False,,,
CMP00396,7,ACC808029,SYNTH0003641,26700,2026-08-07 21:39:49.667753,Kolkata,True,22.534462,88.346602,True
CMP00397,1,ACC822347,MOCK0005736,13800,2026-08-24 04:04:21.667764,Ahmedabad,False,,,
CMP00397,2,ACC740204,FAKE0002097,13200,2026-08-24 05:20:21.667764,Mumbai,False,,,
CMP00397,3,ACC551712,SYNTH0001431,12300,2026-08-24 05:55:21.667764,Ahmedabad,False,,,
CMP00397,4,ACC583122,MOCK0003810,11500,2026-08-24 06:24:21.667764,Kolkata,False,,,
CMP00397,5,ACC157590,FAKE0005251,11500,2026-08-24 06:39:21.667764,Ahmedabad,True,23.036523,72.564013,False
CMP00398,1,ACC456589,MOCK0009083,161500,2026-08-20 06:09:25.667776,Patna,False,,,
CMP00398,2,ACC206470,SYNTH0001387,161500,2026-08-20 06:40:25.667776,Mumbai,True,19.086093,72.877095,True
CMP00399,1,ACC712661,TEST0005751,47500,2026-08-28 03:32:55.667789,Mumbai,False,,,
CMP00399,2,ACC734312,MOCK0007463,47500,2026-08-28 04:14:55.667789,Mumbai,True,19.084169,72.885212,True
CMP00400,1,ACC327074,FAKE0001168,149200,2026-08-20 04:09:25.667801,Kolkata,False,,,
CMP00400,2,ACC808043,MOCK0008281,139600,2026-08-20 05:38:25.667801,Delhi,False,,,
CMP00400,3,ACC388086,DEMO0009776,131400,2026-08-20 05:48:25.667801,Kolkata,False,,,
CMP00400,4,ACC714110,MOCK0009046,131400,2026-08-20 07:13:25.667801,Jaipur,True,26.942829,75.825333,True
CMP00401,1,ACC953590,SYNTH0001767,14800,2026-08-30 04:34:50.667812,Bengaluru,False,,,
CMP00401,2,ACC174730,TEST0007359,14300,2026-08-30 04:54:50.667812,Mumbai,False,,,
CMP00401,3,ACC932766,MOCK0006406,13900,2026-08-30 05:33:50.667812,Mumbai,False,,,
CMP00401,4,ACC195121,TEST0001279,13900,2026-08-30 06:04:50.667812,Mumbai,True,19.113103,72.88659,True
CMP00402,1,ACC560929,TEST0009174,30800,2026-08-28 08:53:26.667824,Pune,False,,,
CMP00402,2,ACC418320,TEST0007100,29300,2026-08-28 09:34:26.667824,Lucknow,False,,,
CMP00402,3,ACC558304,FAKE0004797,29300,2026-08-28 10:52:26.667824,Kolkata,True,22.58201,88.341349,True
CMP00403,1,ACC688368,SYNTH0002269,52600,2026-08-16 22:39:27.667835,Pune,False,,,
CMP00403,2,ACC866150,SYNTH0005307,51300,2026-08-16 23:56:27.667835,Patna,False,,,
CMP00403,3,ACC935593,DEMO0006409,48900,2026-08-17 01:10:27.667835,Patna,False,,,
CMP00403,4,ACC946514,MOCK0008756,48900,2026-08-17 02:25:27.667835,Pune,True,18.517376,73.867188,False
CMP00404,1,ACC689275,MOCK0006846,53900,2026-08-06 09:57:59.667846,Lucknow,False,,,
CMP00404,2,ACC496764,TEST0003086,52200,2026-08-06 10:27:59.667846,Bengaluru,False,,,
CMP00404,3,ACC992083,MOCK0001530,48000,2026-08-06 10:51:59.667846,Patna,False,,,
CMP00404,4,ACC770718,DEMO0003304,45600,2026-08-06 11:16:59.667846,Hyderabad,False,,,
CMP00404,5,ACC463656,SYNTH0002453,42000,2026-08-06 12:00:59.667846,Hyderabad,False,,,
CMP00404,6,ACC568325,SYNTH0005088,41500,2026-08-06 13:27:59.667846,Jaipur,False,,,
CMP00404,7,ACC369125,FAKE0001788,41500,2026-08-06 14:57:59.667846,Lucknow,True,26.846289,80.97591,False
CMP00405,1,ACC514461,SYNTH0002991,34600,2026-08-30 02:30:56.667857,Lucknow,False,,,
CMP00405,2,ACC731730,DEMO0006773,32600,2026-08-30 03:22:56.667857,Patna,False,,,
CMP00405,3,ACC798751,DEMO0008249,32600,2026-08-30 04:22:56.667857,Lucknow,True,26.864694,80.913868,True
CMP00406,1,ACC225725,SYNTH0007771,91600,2026-08-15 02:27:40.667868,Patna,False,,,
CMP00406,2,ACC228317,SYNTH0008830,87300,2026-08-15 03:50:40.667868,Ahmedabad,False,,,
CMP00406,3,ACC437548,DEMO0004700,81700,2026-08-15 05:16:40.667868,Pune,False,,,
CMP00406,4,ACC410624,TEST0004971,76800,2026-08-15 05:29:40.667868,Ahmedabad,False,,,
CMP00406,5,ACC828723,DEMO0001987,75600,2026-08-15 06:55:40.667868,Hyderabad,False,,,
CMP00406,6,ACC326634,DEMO0004078,72400,2026-08-15 07:24:40.667868,Ahmedabad,False,,,
CMP00406,7,ACC318797,MOCK0009420,72400,2026-08-15 08:28:40.667868,Ahmedabad,True,23.00736,72.61705,False
CMP00407,1,ACC911513,DEMO0006816,21400,2026-08-16 22:24:07.667882,Patna,False,,,
CMP00407,2,ACC656464,MOCK0004504,21400,2026-08-16 23:05:07.667882,Lucknow,True,26.86476,80.936879,True
CMP00408,1,ACC920827,MOCK0008289,47200,2026-08-13 07:34:33.667893,Ahmedabad,False,,,
CMP00408,2,ACC648055,TEST0009818,43700,2026-08-13 07:53:33.667893,Jaipur,False,,,
CMP00408,3,ACC203818,FAKE0004884,41200,2026-08-13 09:00:33.667893,Patna,False,,,
CMP00408,4,ACC414267,SYNTH0003198,41200,2026-08-13 09:06:33.667893,Patna,True,25.597439,85.133788,False
CMP00409,1,ACC661485,TEST0004714,59400,2026-08-30 02:51:39.667904,Mumbai,False,,,
CMP00409,2,ACC539589,FAKE0001114,56500,2026-08-30 02:58:39.667904,Jaipur,False,,,
CMP00409,3,ACC115649,MOCK0007002,53300,2026-08-30 03:23:39.667904,Ahmedabad,False,,,
CMP00409,4,ACC133006,TEST0005803,53300,2026-08-30 04:10:39.667904,Ahmedabad,True,23.067609,72.566627,True
CMP00410,1,ACC914320,MOCK0001388,80700,2026-08-17 12:50:55.667916,Kolkata,False,,,
CMP00410,2,ACC407194,FAKE0006953,75300,2026-08-17 13:48:55.667916,Delhi,False,,,
CMP00410,3,ACC759835,DEMO0003032,71100,2026-08-17 14:41:55.667916,Ahmedabad,False,,,
CMP00410,4,ACC375250,MOCK0002831,71100,2026-08-17 14:56:55.667916,Kolkata,True,22.619715,88.402481,False
CMP00411,1,ACC732193,FAKE0006939,95500,2026-08-21 12:21:32.667929,Ahmedabad,False,,,
CMP00411,2,ACC377033,TEST0003027,89400,2026-08-21 12:37:32.667929,Lucknow,False,,,
CMP00411,3,ACC342765,TEST0009868,89400,2026-08-21 13:02:32.667929,Mumbai,True,19.08074,72.902726,True
CMP00412,1,ACC385066,DEMO0002310,19600,2026-08-12 20:25:00.667940,Pune,False,,,
CMP00412,2,ACC275915,DEMO0009278,18800,2026-08-12 21:13:00.667940,Mumbai,False,,,
CMP00412,3,ACC959416,DEMO0001324,17400,2026-08-12 22:33:00.667940,Hyderabad,False,,,
CMP00412,4,ACC187275,TEST0009801,17400,2026-08-12 23:23:00.667940,Mumbai,True,19.081845,72.838803,False
CMP00413,1,ACC477943,TEST0003711,14600,2026-08-05 22:27:31.667951,Hyderabad,False,,,
CMP00413,2,ACC420349,SYNTH0008032,13700,2026-08-05 22:35:31.667951,Hyderabad,False,,,
CMP00413,3,ACC199807,DEMO0002276,13700,2026-08-06 00:00:31.667951,Hyderabad,True,17.389161,78.499011,True
CMP00414,1,ACC816367,MOCK0007130,150900,2026-08-18 17:46:04.667962,Delhi,False,,,
CMP00414,2,ACC562104,SYNTH0009312,141900,2026-08-18 19:01:04.667962,Delhi,False,,,
CMP00414,3,ACC131815,MOCK0002970,141900,2026-08-18 19:22:04.667962,Kolkata,True,22.588079,88.415337,True
CMP00415,1,ACC111691,MOCK0003316,69400,2026-08-07 13:11:11.667973,Bengaluru,False,,,
CMP00415,2,ACC700538,MOCK0009970,65800,2026-08-07 13:28:11.667973,Bengaluru,False,,,
CMP00415,3,ACC884645,TEST0004469,61700,2026-08-07 13:40:11.667973,Bengaluru,False,,,
CMP00415,4,ACC249375,SYNTH0005140,60400,2026-08-07 14:34:11.667973,Ahmedabad,False,,,
CMP00415,5,ACC803571,FAKE0009992,56400,2026-08-07 15:00:11.667973,Bengaluru,False,,,
CMP00415,6,ACC404771,TEST0002608,53200,2026-08-07 16:01:11.667973,Mumbai,False,,,
CMP00415,7,ACC446922,SYNTH0002639,53200,2026-08-07 16:28:11.667973,Kolkata,True,22.578695,88.349798,True
CMP00416,1,ACC755698,MOCK0005454,28300,2026-08-08 00:27:07.667984,Mumbai,False,,,
CMP00416,2,ACC948097,SYNTH0002121,27500,2026-08-08 01:05:07.667984,Ahmedabad,False,,,
CMP00416,3,ACC215717,MOCK0008418,27500,2026-08-08 01:30:07.667984,Mumbai,True,19.064692,72.817103,True
CMP00417,1,ACC830872,FAKE0007822,199400,2026-08-24 10:39:57.667995,Hyderabad,False,,,
CMP00417,2,ACC892309,FAKE0009450,187100,2026-08-24 11:32:57.667995,Patna,False,,,
CMP00417,3,ACC701080,FAKE0009957,175400,2026-08-24 11:50:57.667995,Kolkata,False,,,
CMP00417,4,ACC520169,MOCK0003383,168000,2026-08-24 13:01:57.667995,Delhi,False,,,
CMP00417,5,ACC564362,MOCK0002713,168000,2026-08-24 13:15:57.667995,Ahmedabad,True,22.977474,72.557833,True
CMP00418,1,ACC555138,FAKE0001013,57700,2026-08-27 18:31:15.668005,Hyderabad,False,,,
CMP00418,2,ACC796069,SYNTH0004295,55100,2026-08-27 18:42:15.668005,Jaipur,False,,,
CMP00418,3,ACC203965,MOCK0004666,55100,2026-08-27 19:12:15.668005,Bengaluru,True,12.971613,77.60963,True
CMP00419,1,ACC793411,FAKE0004847,142600,2026-08-21 11:47:08.668017,Delhi,False,,,
CMP00419,2,ACC671540,FAKE0008036,134600,2026-08-21 12:38:08.668017,Lucknow,False,,,
CMP00419,3,ACC357526,FAKE0002629,124300,2026-08-21 12:50:08.668017,Delhi,False,,,
CMP00419,4,ACC277233,TEST0007808,117300,2026-08-21 13:08:08.668017,Jaipur,False,,,
CMP00419,5,ACC864581,FAKE0005731,117300,2026-08-21 13:30:08.668017,Pune,True,18.544158,73.899465,True
CMP00420,1,ACC189450,DEMO0009383,55500,2026-08-08 16:26:15.668028,Lucknow,False,,,
CMP00420,2,ACC677079,SYNTH0006491,55500,2026-08-08 17:46:15.668028,Patna,True,25.586091,85.148204,True
CMP00421,1,ACC173429,TEST0003227,302800,2026-08-29 14:38:38.668038,Bengaluru,False,,,
CMP00421,2,ACC475926,SYNTH0007743,302800,2026-08-29 15:39:38.668038,Bengaluru,True,12.963604,77.598394,True
CMP00422,1,ACC167949,MOCK0001951,236600,2026-09-03 04:25:14.668050,Bengaluru,False,,,
CMP00422,2,ACC634698,DEMO0003746,217900,2026-09-03 05:38:14.668050,Lucknow,False,,,
CMP00422,3,ACC630084,MOCK0008262,211700,2026-09-03 06:31:14.668050,Pune,False,,,
CMP00422,4,ACC123964,FAKE0008847,196800,2026-09-03 07:25:14.668050,Bengaluru,False,,,
CMP00422,5,ACC349346,FAKE0003955,186700,2026-09-03 08:18:14.668050,Bengaluru,False,,,
CMP00422,6,ACC762736,FAKE0009965,186700,2026-09-03 08:34:14.668050,Delhi,True,28.603563,77.215507,False
CMP00423,1,ACC655149,MOCK0004813,42900,2026-08-06 07:39:14.668061,Kolkata,False,,,
CMP00423,2,ACC788772,MOCK0001916,41700,2026-08-06 08:01:14.668061,Hyderabad,False,,,
CMP00423,3,ACC472039,SYNTH0003885,38600,2026-08-06 08:31:14.668061,Patna,False,,,
CMP00423,4,ACC720298,TEST0003328,38600,2026-08-06 09:03:14.668061,Lucknow,True,26.845872,80.991064,True
CMP00424,1,ACC491673,TEST0004493,115800,2026-08-26 11:19:21.668071,Delhi,False,,,
CMP00424,2,ACC258100,DEMO0004716,109500,2026-08-26 11:51:21.668071,Delhi,False,,,
CMP00424,3,ACC647579,SYNTH0001023,109500,2026-08-26 13:11:21.668071,Delhi,True,28.573711,77.189932,True
CMP00425,1,ACC711150,SYNTH0007077,91800,2026-08-28 19:13:59.668082,Kolkata,False,,,
CMP00425,2,ACC844466,MOCK0003071,87200,2026-08-28 20:17:59.668082,Delhi,False,,,
CMP00425,3,ACC287852,DEMO0008581,85500,2026-08-28 21:25:59.668082,Mumbai,False,,,
CMP00425,4,ACC959834,MOCK0009854,85500,2026-08-28 22:35:59.668082,Bengaluru,True,12.965885,77.569741,True
CMP00426,1,ACC103521,MOCK0002474,167900,2026-08-29 09:41:23.668093,Delhi,False,,,
CMP00426,2,ACC525925,FAKE0002512,156800,2026-08-29 09:58:23.668093,Kolkata,False,,,
CMP00426,3,ACC960251,DEMO0004302,152700,2026-08-29 10:49:23.668093,Bengaluru,False,,,
CMP00426,4,ACC910899,DEMO0001732,145000,2026-08-29 11:49:23.668093,Ahmedabad,False,,,
CMP00426,5,ACC933782,TEST0009901,145000,2026-08-29 12:40:23.668093,Kolkata,True,22.585056,88.392404,False
CMP00427,1,ACC507000,TEST0006980,22300,2026-08-13 04:27:20.668103,Patna,False,,,
CMP00427,2,ACC644998,MOCK0004639,21000,2026-08-13 05:55:20.668103,Bengaluru,False,,,
CMP00427,3,ACC664441,TEST0003370,19500,2026-08-13 06:10:20.668103,Patna,False,,,
CMP00427,4,ACC813011,MOCK0005643,18700,2026-08-13 06:49:20.668103,Kolkata,False,,,
CMP00427,5,ACC727971,MOCK0003022,18100,2026-08-13 07:09:20.668103,Delhi,False,,,
CMP00427,6,ACC761732,DEMO0005775,18100,2026-08-13 07:46:20.668103,Kolkata,True,22.599883,88.379128,False
CMP00428,1,ACC310418,TEST0004974,95500,2026-08-06 03:05:47.668114,Jaipur,False,,,
CMP00428,2,ACC617326,SYNTH0009954,95500,2026-08-06 04:06:47.668114,Kolkata,True,22.577673,88.326006,False
CMP00429,1,ACC392047,MOCK0005472,126600,2026-08-10 11:04:10.668125,Kolkata,False,,,
CMP00429,2,ACC598940,DEMO0008938,126600,2026-08-10 12:28:10.668125,Jaipur,True,26.917427,75.813566,True
CMP00430,1,ACC906297,FAKE0004908,14700,2026-09-01 19:30:36.668135,Lucknow,False,,,
CMP00430,2,ACC960637,DEMO0005566,14000,2026-09-01 20:37:36.668135,Ahmedabad,False,,,
CMP00430,3,ACC792135,MOCK0001203,13400,2026-09-01 21:59:36.668135,Delhi,False,,,
CMP00430,4,ACC265096,TEST0002483,12700,2026-09-01 22:20:36.668135,Ahmedabad,False,,,
CMP00430,5,ACC558573,SYNTH0004337,11900,2026-09-01 23:10:36.668135,Ahmedabad,False,,,
CMP00430,6,ACC537805,FAKE0004110,11700,2026-09-01 23:42:36.668135,Ahmedabad,False,,,
CMP00430,7,ACC376454,MOCK0009310,11700,2026-09-02 01:01:36.668135,Pune,True,18.526152,73.869144,False
CMP00431,1,ACC139609,FAKE0003236,19900,2026-08-12 16:47:33.668146,Patna,False,,,
CMP00431,2,ACC608306,FAKE0009985,19100,2026-08-12 17:30:33.668146,Kolkata,False,,,
CMP00431,3,ACC558986,TEST0003643,18700,2026-08-12 18:56:33.668146,Pune,False,,,
CMP00431,4,ACC285846,MOCK0007403,18700,2026-08-12 19:19:33.668146,Mumbai,True,19.055908,72.918678,True
CMP00432,1,ACC700241,DEMO0006553,14100,2026-08-11 15:47:47.668158,Delhi,False,,,
CMP00432,2,ACC985517,TEST0005902,13400,2026-08-11 16:19:47.668158,Ahmedabad,False,,,
CMP00432,3,ACC849051,SYNTH0002724,12900,2026-08-11 16:57:47.668158,Hyderabad,False,,,
CMP00432,4,ACC962813,DEMO0002605,12100,2026-08-11 17:40:47.668158,Pune,False,,,
CMP00432,5,ACC185927,DEMO0003130,11900,2026-08-11 18:00:47.668158,Patna,False,,,
CMP00432,6,ACC181865,MOCK0007598,11500,2026-08-11 19:02:47.668158,Delhi,False,,,
CMP00432,7,ACC376502,DEMO0008210,11500,2026-08-11 20:19:47.668158,Patna,True,25.575251,85.130583,True
CMP00433,1,ACC171978,SYNTH0001481,42200,2026-08-29 17:00:58.668169,Patna,False,,,
CMP00433,2,ACC850078,DEMO0008035,40700,2026-08-29 18:25:58.668169,Ahmedabad,False,,,
CMP00433,3,ACC954481,TEST0006112,40700,2026-08-29 19:22:58.668169,Hyderabad,True,17.43559,78.48687,False
CMP00434,1,ACC550885,TEST0001936,97700,2026-08-31 08:28:40.668180,Ahmedabad,False,,,
CMP00434,2,ACC851212,TEST0008099,93000,2026-08-31 08:51:40.668180,Patna,False,,,
CMP00434,3,ACC645013,MOCK0006886,93000,2026-08-31 09:28:40.668180,Patna,True,25.57163,85.104342,True
CMP00435,1,ACC127537,MOCK0002524,194000,2026-08-05 10:03:58.668191,Mumbai,False,,,
CMP00435,2,ACC503951,DEMO0007353,191900,2026-08-05 11:21:58.668191,Lucknow,False,,,
CMP00435,3,ACC354533,SYNTH0007237,182300,2026-08-05 11:33:58.668191,Ahmedabad,False,,,
CMP00435,4,ACC415759,SYNTH0002036,177100,2026-08-05 11:56:58.668191,Jaipur,False,,,
CMP00435,5,ACC541557,FAKE0006916,171600,2026-08-05 12:19:58.668191,Jaipur,False,,,
CMP00435,6,ACC722651,DEMO0002752,171600,2026-08-05 12:53:58.668191,Kolkata,True,22.630072,88.354829,True
CMP00436,1,ACC320117,TEST0008117,55800,2026-08-28 18:57:37.668201,Delhi,False,,,
CMP00436,2,ACC185895,MOCK0009055,55800,2026-08-28 20:07:37.668201,Mumbai,True,19.136315,72.897315,True
CMP00437,1,ACC534130,DEMO0006754,209800,2026-08-06 12:32:05.668213,Bengaluru,False,,,
CMP00437,2,ACC969067,MOCK0004695,200700,2026-08-06 13:43:05.668213,Ahmedabad,False,,,
CMP00437,3,ACC409234,TEST0002715,198400,2026-08-06 14:05:05.668213,Delhi,False,,,
CMP00437,4,ACC493696,FAKE0009962,194200,2026-08-06 14:16:05.668213,Ahmedabad,False,,,
CMP00437,5,ACC743453,FAKE0008066,194200,2026-08-06 14:29:05.668213,Ahmedabad,True,23.085673,72.558128,False
CMP00438,1,ACC409268,FAKE0008281,15700,2026-08-16 10:44:54.668223,Kolkata,False,,,
CMP00438,2,ACC243464,FAKE0006795,14500,2026-08-16 11:41:54.668223,Mumbai,False,,,
CMP00438,3,ACC862693,SYNTH0009307,14300,2026-08-16 11:53:54.668223,Hyderabad,False,,,
CMP00438,4,ACC761257,FAKE0006157,13400,2026-08-16 12:37:54.668223,Jaipur,False,,,
CMP00438,5,ACC839354,TEST0004119,12500,2026-08-16 12:43:54.668223,Jaipur,False,,,
CMP00438,6,ACC765318,SYNTH0003242,11800,2026-08-16 13:56:54.668223,Delhi,False,,,
CMP00438,7,ACC330906,TEST0008702,11800,2026-08-16 15:13:54.668223,Jaipur,True,26.918419,75.852342,True
CMP00439,1,ACC695789,TEST0003397,14400,2026-08-20 14:51:12.668234,Pune,False,,,
CMP00439,2,ACC230473,MOCK0007440,13300,2026-08-20 15:25:12.668234,Pune,False,,,
CMP00439,3,ACC951434,DEMO0008450,13300,2026-08-20 15:27:12.668234,Kolkata,True,22.594382,88.330251,False
CMP00440,1,ACC726979,DEMO0009755,50200,2026-08-05 12:22:38.668245,Kolkata,False,,,
CMP00440,2,ACC670053,TEST0009796,49600,2026-08-05 13:28:38.668245,Lucknow,False,,,
CMP00440,3,ACC214682,TEST0003725,46400,2026-08-05 14:46:38.668245,Mumbai,False,,,
CMP00440,4,ACC889245,DEMO0002735,44900,2026-08-05 16:10:38.668245,Lucknow,False,,,
CMP00440,5,ACC332785,MOCK0004621,44900,2026-08-05 16:13:38.668245,Kolkata,True,22.562095,88.356855,True
CMP00441,1,ACC849119,SYNTH0002080,70900,2026-08-29 09:12:55.668256,Mumbai,False,,,
CMP00441,2,ACC862160,SYNTH0001238,67800,2026-08-29 09:35:55.668256,Mumbai,False,,,
CMP00441,3,ACC318247,FAKE0001998,63500,2026-08-29 10:22:55.668256,Delhi,False,,,
CMP00441,4,ACC644207,TEST0007607,63500,2026-08-29 10:26:55.668256,Mumbai,True,19.048214,72.883863,True
CMP00442,1,ACC615711,FAKE0004678,52300,2026-08-14 01:20:58.668270,Mumbai,False,,,
CMP00442,2,ACC474664,TEST0002939,51500,2026-08-14 01:35:58.668270,Jaipur,False,,,
CMP00442,3,ACC145452,SYNTH0008022,48800,2026-08-14 02:23:58.668270,Mumbai,False,,,
CMP00442,4,ACC290175,SYNTH0005940,46000,2026-08-14 03:32:58.668270,Hyderabad,False,,,
CMP00442,5,ACC208970,DEMO0007047,44700,2026-08-14 04:53:58.668270,Lucknow,False,,,
CMP00442,6,ACC927175,SYNTH0003401,44200,2026-08-14 05:28:58.668270,Mumbai,False,,,
CMP00442,7,ACC568394,DEMO0002102,44200,2026-08-14 06:10:58.668270,Hyderabad,True,17.369762,78.482026,False
CMP00443,1,ACC907814,FAKE0005505,14600,2026-08-14 20:36:23.668281,Patna,False,,,
CMP00443,2,ACC769396,FAKE0002817,13400,2026-08-14 20:48:23.668281,Delhi,False,,,
CMP00443,3,ACC212278,TEST0003959,13400,2026-08-14 21:48:23.668281,Mumbai,True,19.07899,72.853373,True
CMP00444,1,ACC282522,DEMO0007187,49300,2026-08-15 14:19:47.668292,Delhi,False,,,
CMP00444,2,ACC309436,DEMO0008168,48100,2026-08-15 14:38:47.668292,Ahmedabad,False,,,
CMP00444,3,ACC310965,DEMO0009659,45100,2026-08-15 16:06:47.668292,Patna,False,,,
CMP00444,4,ACC125420,FAKE0004334,45100,2026-08-15 16:32:47.668292,Patna,True,25.605497,85.191725,True
CMP00445,1,ACC633881,SYNTH0007507,16800,2026-08-19 18:11:20.668303,Lucknow,False,,,
CMP00445,2,ACC107706,MOCK0005610,16800,2026-08-19 18:40:20.668303,Mumbai,True,19.084462,72.870315,False
CMP00446,1,ACC993604,MOCK0007400,92700,2026-08-22 12:37:57.668313,Jaipur,False,,,
CMP00446,2,ACC157829,DEMO0009255,91000,2026-08-22 13:28:57.668313,Jaipur,False,,,
CMP00446,3,ACC800779,MOCK0006486,91000,2026-08-22 13:55:57.668313,Jaipur,True,26.905687,75.76502,True
CMP00447,1,ACC102146,FAKE0001156,71100,2026-08-11 22:30:19.668324,Bengaluru,False,,,
CMP00447,2,ACC682788,DEMO0007435,71100,2026-08-11 23:58:19.668324,Bengaluru,True,12.931775,77.605612,False
CMP00448,1,ACC546616,DEMO0002746,23400,2026-08-30 19:07:38.668335,Kolkata,False,,,
CMP00448,2,ACC917299,MOCK0009899,23400,2026-08-30 20:03:38.668335,Mumbai,True,19.059766,72.910733,True
CMP00449,1,ACC372185,SYNTH0009037,33200,2026-08-30 05:40:42.668346,Patna,False,,,
CMP00449,2,ACC997080,TEST0008740,33200,2026-08-30 06:46:42.668346,Patna,True,25.586274,85.137582,False
CMP00450,1,ACC252928,SYNTH0008749,20900,2026-08-07 22:17:54.668357,Pune,False,,,
CMP00450,2,ACC623866,MOCK0009748,20500,2026-08-07 22:20:54.668357,Bengaluru,False,,,
CMP00450,3,ACC363165,MOCK0001781,19500,2026-08-07 23:02:54.668357,Jaipur,False,,,
CMP00450,4,ACC271276,TEST0008807,19200,2026-08-07 23:54:54.668357,Bengaluru,False,,,
CMP00450,5,ACC880762,TEST0006903,18600,2026-08-08 01:16:54.668357,Bengaluru,False,,,
CMP00450,6,ACC460857,FAKE0006752,18600,2026-08-08 02:29:54.668357,Jaipur,True,26.911396,75.751531,True
CMP00451,1,ACC481540,SYNTH0003717,49700,2026-08-07 16:22:18.668367,Lucknow,False,,,
CMP00451,2,ACC266956,MOCK0003395,48600,2026-08-07 17:29:18.668367,Ahmedabad,False,,,
CMP00451,3,ACC329448,SYNTH0002029,45500,2026-08-07 18:32:18.668367,Delhi,False,,,
CMP00451,4,ACC144887,MOCK0006918,42900,2026-08-07 19:07:18.668367,Ahmedabad,False,,,
CMP00451,5,ACC148693,TEST0002691,42900,2026-08-07 19:58:18.668367,Patna,True,25.640266,85.110848,True
CMP00452,1,ACC764545,TEST0008426,120400,2026-08-29 00:16:27.668378,Pune,False,,,
CMP00452,2,ACC720733,SYNTH0001354,116500,2026-08-29 00:32:27.668378,Hyderabad,False,,,
CMP00452,3,ACC936016,DEMO0007588,116500,2026-08-29 01:47:27.668378,Jaipur,True,26.914946,75.826026,True
CMP00453,1,ACC845175,TEST0008753,22300,2026-08-14 09:01:37.668389,Jaipur,False,,,
CMP00453,2,ACC781880,FAKE0008999,20600,2026-08-14 09:35:37.668389,Kolkata,False,,,
CMP00453,3,ACC400548,MOCK0003113,19800,2026-08-14 09:42:37.668389,Jaipur,False,,,
CMP00453,4,ACC985874,TEST0007122,19800,2026-08-14 10:40:37.668389,Jaipur,True,26.916414,75.787376,True
CMP00454,1,ACC335765,SYNTH0008492,80400,2026-08-05 18:41:20.668402,Pune,False,,,
CMP00454,2,ACC676429,MOCK0002871,76700,2026-08-05 19:55:20.668402,Kolkata,False,,,
CMP00454,3,ACC668373,FAKE0008231,76700,2026-08-05 20:31:20.668402,Lucknow,True,26.885463,80.921241,False
CMP00455,1,ACC156253,DEMO0007199,33900,2026-08-29 21:27:50.668414,Pune,False,,,
CMP00455,2,ACC215828,TEST0008091,33200,2026-08-29 22:39:50.668414,Jaipur,False,,,
CMP00455,3,ACC271575,MOCK0003819,32000,2026-08-29 23:13:50.668414,Lucknow,False,,,
CMP00455,4,ACC939940,FAKE0003027,32000,2026-08-29 23:17:50.668414,Pune,True,18.465103,73.895036,True
CMP00456,1,ACC931026,SYNTH0007963,27200,2026-08-24 14:01:31.668425,Lucknow,False,,,
CMP00456,2,ACC216295,FAKE0004340,25200,2026-08-24 14:12:31.668425,Kolkata,False,,,
CMP00456,3,ACC871139,DEMO0006605,23600,2026-08-24 15:21:31.668425,Kolkata,False,,,
CMP00456,4,ACC830264,DEMO0009721,22400,2026-08-24 15:52:31.668425,Kolkata,False,,,
CMP00456,5,ACC958784,TEST0005337,22400,2026-08-24 16:00:31.668425,Jaipur,True,26.881661,75.799717,True
CMP00457,1,ACC546597,MOCK0005157,47200,2026-08-24 01:27:11.668436,Kolkata,False,,,
CMP00457,2,ACC226349,TEST0004259,44900,2026-08-24 02:32:11.668436,Patna,False,,,
CMP00457,3,ACC736446,DEMO0005165,43200,2026-08-24 03:59:11.668436,Hyderabad,False,,,
CMP00457,4,ACC963180,TEST0002049,42300,2026-08-24 04:56:11.668436,Lucknow,False,,,
CMP00457,5,ACC244936,DEMO0001310,39800,2026-08-24 06:05:11.668436,Patna,False,,,
CMP00457,6,ACC378925,DEMO0002641,39800,2026-08-24 06:11:11.668436,Patna,True,25.607757,85.137761,True
CMP00458,1,ACC703869,MOCK0003859,21500,2026-08-07 22:47:16.668451,Jaipur,False,,,
CMP00458,2,ACC805893,DEMO0002284,20500,2026-08-07 23:25:16.668451,Jaipur,False,,,
CMP00458,3,ACC762398,SYNTH0006527,18900,2026-08-08 00:15:16.668451,Kolkata,False,,,
CMP00458,4,ACC990136,FAKE0003654,17500,2026-08-08 01:10:16.668451,Patna,False,,,
CMP00458,5,ACC432270,TEST0007479,16500,2026-08-08 01:55:16.668451,Jaipur,False,,,
CMP00458,6,ACC884225,DEMO0007782,15700,2026-08-08 02:31:16.668451,Lucknow,False,,,
CMP00458,7,ACC124223,SYNTH0005122,15700,2026-08-08 02:54:16.668451,Jaipur,True,26.915603,75.770274,True
CMP00459,1,ACC453558,DEMO0009209,34000,2026-08-21 09:45:43.668462,Lucknow,False,,,
CMP00459,2,ACC448670,MOCK0005480,32000,2026-08-21 10:12:43.668462,Mumbai,False,,,
CMP00459,3,ACC654418,MOCK0004222,29500,2026-08-21 11:21:43.668462,Mumbai,False,,,
CMP00459,4,ACC577052,MOCK0009964,27200,2026-08-21 12:18:43.668462,Delhi,False,,,
CMP00459,5,ACC146675,FAKE0007673,26400,2026-08-21 12:57:43.668462,Kolkata,False,,,
CMP00459,6,ACC597567,DEMO0008594,24600,2026-08-21 14:14:43.668462,Bengaluru,False,,,
CMP00459,7,ACC975353,DEMO0005336,24600,2026-08-21 15:33:43.668462,Lucknow,True,26.866699,80.905792,True
CMP00460,1,ACC541531,SYNTH0001915,19400,2026-08-14 02:15:55.668473,Ahmedabad,False,,,
CMP00460,2,ACC829578,DEMO0001431,18300,2026-08-14 02:34:55.668473,Hyderabad,False,,,
CMP00460,3,ACC835473,MOCK0002208,18300,2026-08-14 03:30:55.668473,Hyderabad,True,17.386612,78.437313,True
CMP00461,1,ACC791309,FAKE0009719,279300,2026-08-05 04:05:10.668484,Patna,False,,,
CMP00461,2,ACC117538,TEST0009777,266200,2026-08-05 05:17:10.668484,Ahmedabad,False,,,
CMP00461,3,ACC952657,DEMO0003937,250500,2026-08-05 05:55:10.668484,Ahmedabad,False,,,
CMP00461,4,ACC256130,MOCK0009625,243800,2026-08-05 06:10:10.668484,Kolkata,False,,,
CMP00461,5,ACC933551,TEST0007652,234600,2026-08-05 06:44:10.668484,Pune,False,,,
CMP00461,6,ACC414546,FAKE0001519,234600,2026-08-05 07:44:10.668484,Hyderabad,True,17.410796,78.449561,True
CMP00462,1,ACC911131,TEST0008381,54800,2026-08-05 09:22:13.668495,Patna,False,,,
CMP00462,2,ACC679902,DEMO0004043,50600,2026-08-05 10:26:13.668495,Delhi,False,,,
CMP00462,3,ACC189856,TEST0005037,47400,2026-08-05 11:55:13.668495,Patna,False,,,
CMP00462,4,ACC261712,SYNTH0007383,45700,2026-08-05 12:06:13.668495,Delhi,False,,,
CMP00462,5,ACC195966,TEST0008286,45200,2026-08-05 12:48:13.668495,Delhi,False,,,
CMP00462,6,ACC238943,DEMO0008353,45200,2026-08-05 13:36:13.668495,Bengaluru,True,12.958668,77.629834,True
CMP00463,1,ACC309052,SYNTH0008153,29200,2026-08-26 03:58:03.668506,Lucknow,False,,,
CMP00463,2,ACC512119,MOCK0009237,28100,2026-08-26 04:47:03.668506,Jaipur,False,,,
CMP00463,3,ACC318755,SYNTH0002295,26000,2026-08-26 05:37:03.668506,Bengaluru,False,,,
CMP00463,4,ACC487909,FAKE0006440,25700,2026-08-26 06:01:03.668506,Delhi,False,,,
CMP00463,5,ACC632724,TEST0004037,25300,2026-08-26 07:22:03.668506,Jaipur,False,,,
CMP00463,6,ACC924733,MOCK0007247,25300,2026-08-26 08:15:03.668506,Lucknow,True,26.842623,80.927577,False
CMP00464,1,ACC962181,MOCK0008444,64800,2026-08-18 11:04:35.668517,Pune,False,,,
CMP00464,2,ACC890888,TEST0005458,60000,2026-08-18 11:25:35.668517,Pune,False,,,
CMP00464,3,ACC367861,DEMO0007978,60000,2026-08-18 11:32:35.668517,Pune,True,18.527739,73.822785,True
CMP00465,1,ACC552445,SYNTH0006016,48100,2026-08-26 02:18:52.668527,Delhi,False,,,
CMP00465,2,ACC695122,FAKE0005952,46200,2026-08-26 03:37:52.668527,Pune,False,,,
CMP00465,3,ACC575650,SYNTH0007313,45100,2026-08-26 05:01:52.668527,Hyderabad,False,,,
CMP00465,4,ACC974536,TEST0003406,44300,2026-08-26 05:20:52.668527,Delhi,False,,,
CMP00465,5,ACC530897,TEST0006252,41800,2026-08-26 05:54:52.668527,Delhi,False,,,
CMP00465,6,ACC812169,MOCK0001643,39900,2026-08-26 06:30:52.668527,Bengaluru,False,,,
CMP00465,7,ACC875846,DEMO0003416,39900,2026-08-26 07:40:52.668527,Bengaluru,True,12.980386,77.621354,True
CMP00466,1,ACC157349,FAKE0006463,44300,2026-08-15 11:37:11.668538,Mumbai,False,,,
CMP00466,2,ACC404691,TEST0001997,42100,2026-08-15 12:55:11.668538,Ahmedabad,False,,,
CMP00466,3,ACC875278,SYNTH0009458,39600,2026-08-15 13:12:11.668538,Kolkata,False,,,
CMP00466,4,ACC243028,SYNTH0005929,38600,2026-08-15 13:32:11.668538,Patna,False,,,
CMP00466,5,ACC106764,MOCK0004288,36000,2026-08-15 14:54:11.668538,Ahmedabad,False,,,
CMP00466,6,ACC260455,FAKE0009516,36000,2026-08-15 15:10:11.668538,Ahmedabad,True,23.052143,72.589374,True
CMP00467,1,ACC494329,MOCK0004061,87800,2026-09-02 10:42:57.668549,Kolkata,False,,,
CMP00467,2,ACC596393,MOCK0003612,81300,2026-09-02 11:17:57.668549,Bengaluru,False,,,
CMP00467,3,ACC247525,SYNTH0003987,81300,2026-09-02 11:47:57.668549,Lucknow,True,26.864171,80.956724,True
CMP00468,1,ACC942613,FAKE0003033,98800,2026-08-24 11:40:10.668560,Jaipur,False,,,
CMP00468,2,ACC728210,FAKE0008827,93100,2026-08-24 13:00:10.668560,Kolkata,False,,,
CMP00468,3,ACC500021,FAKE0006755,86400,2026-08-24 13:48:10.668560,Kolkata,False,,,
CMP00468,4,ACC182424,FAKE0004720,86400,2026-08-24 14:04:10.668560,Kolkata,True,22.568396,88.352098,True
CMP00469,1,ACC498930,DEMO0005640,33500,2026-08-12 22:13:54.668570,Pune,False,,,
CMP00469,2,ACC175434,DEMO0004206,32400,2026-08-12 23:03:54.668570,Kolkata,False,,,
CMP00469,3,ACC113457,TEST0009051,32400,2026-08-12 23:24:54.668570,Delhi,True,28.622172,77.229838,False
CMP00470,1,ACC501035,FAKE0004208,32500,2026-08-16 23:38:27.668581,Pune,False,,,
CMP00470,2,ACC304355,TEST0006381,32200,2026-08-17 00:36:27.668581,Bengaluru,False,,,
CMP00470,3,ACC627217,MOCK0005473,29800,2026-08-17 00:50:27.668581,Jaipur,False,,,
CMP00470,4,ACC517641,TEST0005492,29400,2026-08-17 00:56:27.668581,Kolkata,False,,,
CMP00470,5,ACC699975,DEMO0008446,27400,2026-08-17 02:18:27.668581,Bengaluru,False,,,
CMP00470,6,ACC886364,MOCK0002702,27400,2026-08-17 03:22:27.668581,Bengaluru,True,12.977217,77.617915,False
CMP00471,1,ACC934883,DEMO0005203,40200,2026-08-07 09:45:23.668592,Patna,False,,,
CMP00471,2,ACC641975,TEST0009426,40200,2026-08-07 10:56:23.668592,Delhi,True,28.5777,77.15403,False
CMP00472,1,ACC134701,FAKE0004933,14300,2026-09-01 08:34:25.668603,Mumbai,False,,,
CMP00472,2,ACC159578,SYNTH0007902,13500,2026-09-01 09:55:25.668603,Mumbai,False,,,
CMP00472,3,ACC394241,TEST0007250,13100,2026-09-01 10:21:25.668603,Jaipur,False,,,
CMP00472,4,ACC450232,DEMO0001096,12100,2026-09-01 11:43:25.668603,Jaipur,False,,,
CMP00472,5,ACC871526,SYNTH0005886,12100,2026-09-01 11:55:25.668603,Mumbai,True,19.061062,72.913259,False
CMP00473,1,ACC163182,FAKE0008734,14100,2026-08-04 22:30:01.668614,Ahmedabad,False,,,
CMP00473,2,ACC288724,DEMO0007135,13200,2026-08-04 22:36:01.668614,Bengaluru,False,,,
CMP00473,3,ACC495833,MOCK0003178,12700,2026-08-04 23:26:01.668614,Bengaluru,False,,,
CMP00473,4,ACC287143,DEMO0009664,11700,2026-08-05 00:51:01.668614,Mumbai,False,,,
CMP00473,5,ACC975373,FAKE0005888,11700,2026-08-05 01:09:01.668614,Pune,True,18.543857,73.843799,True
CMP00474,1,ACC200757,MOCK0004215,169400,2026-08-21 17:51:40.668628,Lucknow,False,,,
CMP00474,2,ACC999464,DEMO0004951,163700,2026-08-21 18:24:40.668628,Mumbai,False,,,
CMP00474,3,ACC338632,MOCK0001269,157100,2026-08-21 19:34:40.668628,Mumbai,False,,,
CMP00474,4,ACC692612,SYNTH0007729,145700,2026-08-21 21:04:40.668628,Mumbai,False,,,
CMP00474,5,ACC532390,FAKE0002681,138800,2026-08-21 21:11:40.668628,Mumbai,False,,,
CMP00474,6,ACC562716,SYNTH0004514,130400,2026-08-21 22:40:40.668628,Ahmedabad,False,,,
CMP00474,7,ACC138394,MOCK0007703,130400,2026-08-21 23:09:40.668628,Mumbai,True,19.077886,72.837651,True
CMP00475,1,ACC472724,FAKE0009248,216400,2026-08-11 07:57:50.668639,Pune,False,,,
CMP00475,2,ACC793715,SYNTH0007438,207200,2026-08-11 08:01:50.668639,Lucknow,False,,,
CMP00475,3,ACC838594,MOCK0008454,200800,2026-08-11 08:08:50.668639,Lucknow,False,,,
CMP00475,4,ACC947075,SYNTH0004458,195100,2026-08-11 09:35:50.668639,Lucknow,False,,,
CMP00475,5,ACC733395,FAKE0008107,195100,2026-08-11 10:00:50.668639,Lucknow,True,26.829496,81.002511,True
CMP00476,1,ACC767181,SYNTH0007604,42800,2026-08-14 19:56:30.668649,Patna,False,,,
CMP00476,2,ACC342189,SYNTH0009261,42100,2026-08-14 20:38:30.668649,Lucknow,False,,,
CMP00476,3,ACC983981,TEST0003605,39400,2026-08-14 20:55:30.668649,Lucknow,False,,,
CMP00476,4,ACC197795,FAKE0003507,38900,2026-08-14 21:38:30.668649,Patna,False,,,
CMP00476,5,ACC182598,FAKE0003138,37000,2026-08-14 21:43:30.668649,Ahmedabad,False,,,
CMP00476,6,ACC295617,SYNTH0005864,37000,2026-08-14 22:43:30.668649,Jaipur,True,26.912017,75.801782,True
CMP00477,1,ACC333210,MOCK0003440,83300,2026-08-10 01:21:26.668660,Hyderabad,False,,,
CMP00477,2,ACC146372,DEMO0009261,82200,2026-08-10 02:36:26.668660,Patna,False,,,
CMP00477,3,ACC513474,FAKE0008412,82200,2026-08-10 02:42:26.668660,Hyderabad,True,17.376959,78.538619,True
CMP00478,1,ACC862008,FAKE0006292,69600,2026-08-14 01:55:54.668671,Jaipur,False,,,
CMP00478,2,ACC503720,DEMO0007944,69600,2026-08-14 02:13:54.668671,Jaipur,True,26.913816,75.800542,True
CMP00479,1,ACC529954,MOCK0006675,494200,2026-08-06 02:51:57.668682,Pune,False,,,
CMP00479,2,ACC451291,DEMO0006038,489200,2026-08-06 04:14:57.668682,Delhi,False,,,
CMP00479,3,ACC349736,FAKE0003332,489200,2026-08-06 04:29:57.668682,Pune,True,18.559088,73.901597,True
CMP00480,1,ACC283061,FAKE0004847,140800,2026-08-19 23:42:58.668693,Patna,False,,,
CMP00480,2,ACC386402,MOCK0008859,136700,2026-08-20 00:42:58.668693,Ahmedabad,False,,,
CMP00480,3,ACC325942,DEMO0001489,134700,2026-08-20 00:52:58.668693,Bengaluru,False,,,
CMP00480,4,ACC532458,FAKE0001721,131700,2026-08-20 00:58:58.668693,Patna,False,,,
CMP00480,5,ACC906913,TEST0008850,122300,2026-08-20 02:24:58.668693,Kolkata,False,,,
CMP00480,6,ACC803848,SYNTH0004847,118700,2026-08-20 02:51:58.668693,Delhi,False,,,
CMP00480,7,ACC102043,FAKE0008132,118700,2026-08-20 04:21:58.668693,Kolkata,True,22.605025,88.363328,False
CMP00481,1,ACC533130,MOCK0001750,46200,2026-08-15 18:20:08.668704,Hyderabad,False,,,
CMP00481,2,ACC952095,FAKE0003076,46200,2026-08-15 18:23:08.668704,Pune,True,18.49428,73.807541,True
CMP00482,1,ACC943366,TEST0006851,22800,2026-09-03 13:07:41.668715,Jaipur,False,,,
CMP00482,2,ACC532027,MOCK0005807,21000,2026-09-03 14:03:41.668715,Jaipur,False,,,
CMP00482,3,ACC959206,DEMO0005885,21000,2026-09-03 14:08:41.668715,Pune,True,18.51464,73.833594,False
CMP00483,1,ACC379723,SYNTH0006423,14200,2026-08-24 16:38:43.668725,Bengaluru,False,,,
CMP00483,2,ACC137501,FAKE0009432,13200,2026-08-24 17:09:43.668725,Delhi,False,,,
CMP00483,3,ACC561941,TEST0009424,12600,2026-08-24 17:19:43.668725,Patna,False,,,
CMP00483,4,ACC280617,TEST0006889,12200,2026-08-24 17:29:43.668725,Lucknow,False,,,
CMP00483,5,ACC156085,SYNTH0009766,11400,2026-08-24 18:04:43.668725,Pune,False,,,
CMP00483,6,ACC732047,DEMO0002755,10800,2026-08-24 18:52:43.668725,Kolkata,False,,,
CMP00483,7,ACC352626,FAKE0003409,10800,2026-08-24 18:55:43.668725,Lucknow,True,26.853043,80.957892,True
CMP00484,1,ACC978936,SYNTH0007110,62700,2026-08-20 20:24:13.668736,Patna,False,,,
CMP00484,2,ACC276560,SYNTH0004570,58600,2026-08-20 20:44:13.668736,Patna,False,,,
CMP00484,3,ACC387458,TEST0004782,57000,2026-08-20 21:26:13.668736,Pune,False,,,
CMP00484,4,ACC125455,MOCK0004998,57000,2026-08-20 22:16:13.668736,Kolkata,True,22.581366,88.37613,True
CMP00485,1,ACC641671,TEST0005315,28100,2026-09-03 13:52:41.668747,Pune,False,,,
CMP00485,2,ACC633830,FAKE0002250,26800,2026-09-03 13:59:41.668747,Mumbai,False,,,
CMP00485,3,ACC606878,FAKE0003496,24700,2026-09-03 14:40:41.668747,Mumbai,False,,,
CMP00485,4,ACC992161,DEMO0009777,24400,2026-09-03 15:11:41.668747,Lucknow,False,,,
CMP00485,5,ACC758280,MOCK0002223,22900,2026-09-03 16:09:41.668747,Mumbai,False,,,
CMP00485,6,ACC572209,MOCK0001875,22900,2026-09-03 16:15:41.668747,Kolkata,True,22.57342,88.344938,True
CMP00486,1,ACC789738,SYNTH0002708,15400,2026-08-26 10:06:05.668758,Lucknow,False,,,
CMP00486,2,ACC660105,FAKE0009121,14600,2026-08-26 11:35:05.668758,Delhi,False,,,
CMP00486,3,ACC248990,FAKE0007035,13500,2026-08-26 12:44:05.668758,Bengaluru,False,,,
CMP00486,4,ACC684037,SYNTH0004426,13100,2026-08-26 13:56:05.668758,Lucknow,False,,,
CMP00486,5,ACC875028,DEMO0009281,13100,2026-08-26 14:44:05.668758,Pune,True,18.50059,73.849001,False
CMP00487,1,ACC510954,MOCK0008304,31000,2026-08-09 01:11:50.668769,Lucknow,False,,,
CMP00487,2,ACC448475,MOCK0002286,28900,2026-08-09 02:31:50.668769,Lucknow,False,,,
CMP00487,3,ACC952336,DEMO0002593,27000,2026-08-09 03:32:50.668769,Mumbai,False,,,
CMP00487,4,ACC775721,DEMO0008709,25400,2026-08-09 04:32:50.668769,Lucknow,False,,,
CMP00487,5,ACC746910,TEST0007423,25400,2026-08-09 05:03:50.668769,Bengaluru,True,12.977211,77.620777,True
CMP00488,1,ACC640869,MOCK0003776,20600,2026-08-07 18:42:26.668779,Ahmedabad,False,,,
CMP00488,2,ACC350878,SYNTH0002422,19400,2026-08-07 20:10:26.668779,Kolkata,False,,,
CMP00488,3,ACC802191,MOCK0004281,19400,2026-08-07 20:47:26.668779,Jaipur,True,26.920968,75.798719,True
CMP00489,1,ACC122484,FAKE0004214,213400,2026-08-15 15:36:45.668790,Pune,False,,,
CMP00489,2,ACC815067,FAKE0008899,201100,2026-08-15 16:46:45.668790,Patna,False,,,
CMP00489,3,ACC495552,DEMO0007993,189300,2026-08-15 16:54:45.668790,Mumbai,False,,,
CMP00489,4,ACC559226,MOCK0007024,185800,2026-08-15 18:06:45.668790,Mumbai,False,,,
CMP00489,5,ACC557729,SYNTH0004801,185800,2026-08-15 18:53:45.668790,Mumbai,True,19.066876,72.85672,False
CMP00490,1,ACC778117,SYNTH0008034,109000,2026-09-03 00:38:55.668802,Lucknow,False,,,
CMP00490,2,ACC857671,MOCK0005586,103700,2026-09-03 00:43:55.668802,Jaipur,False,,,
CMP00490,3,ACC406745,SYNTH0002616,95900,2026-09-03 01:06:55.668802,Kolkata,False,,,
CMP00490,4,ACC102608,SYNTH0004500,92400,2026-09-03 02:04:55.668802,Lucknow,False,,,
CMP00490,5,ACC489577,MOCK0002479,90900,2026-09-03 03:30:55.668802,Mumbai,False,,,
CMP00490,6,ACC409226,DEMO0006927,90900,2026-09-03 04:31:55.668802,Bengaluru,True,12.9756,77.607145,False
CMP00491,1,ACC398595,SYNTH0006288,53400,2026-08-19 17:16:31.668814,Kolkata,False,,,
CMP00491,2,ACC442399,TEST0003322,50800,2026-08-19 17:20:31.668814,Mumbai,False,,,
CMP00491,3,ACC676850,DEMO0006306,50200,2026-08-19 18:02:31.668814,Patna,False,,,
CMP00491,4,ACC742863,FAKE0005635,50200,2026-08-19 18:54:31.668814,Mumbai,True,19.105685,72.942439,False
CMP00492,1,ACC802382,MOCK0009570,179700,2026-08-07 02:45:30.668826,Hyderabad,False,,,
CMP00492,2,ACC553873,SYNTH0008895,169600,2026-08-07 04:15:30.668826,Mumbai,False,,,
CMP00492,3,ACC255875,MOCK0001894,157900,2026-08-07 05:01:30.668826,Patna,False,,,
CMP00492,4,ACC630126,DEMO0003709,146900,2026-08-07 05:04:30.668826,Bengaluru,False,,,
CMP00492,5,ACC352593,TEST0001824,142000,2026-08-07 05:15:30.668826,Jaipur,False,,,
CMP00492,6,ACC774567,SYNTH0002291,136800,2026-08-07 06:21:30.668826,Lucknow,False,,,
CMP00492,7,ACC700870,DEMO0008324,136800,2026-08-07 07:21:30.668826,Lucknow,True,26.861897,80.950865,True
CMP00493,1,ACC948875,FAKE0005033,56100,2026-08-20 21:35:28.668837,Pune,False,,,
CMP00493,2,ACC581827,SYNTH0004610,53100,2026-08-20 22:29:28.668837,Lucknow,False,,,
CMP00493,3,ACC350369,DEMO0007335,50100,2026-08-20 23:06:28.668837,Lucknow,False,,,
CMP00493,4,ACC205242,DEMO0008276,46600,2026-08-21 00:05:28.668837,Lucknow,False,,,
CMP00493,5,ACC503151,DEMO0001377,43400,2026-08-21 01:03:28.668837,Lucknow,False,,,
CMP00493,6,ACC806017,MOCK0006608,43400,2026-08-21 02:14:28.668837,Hyderabad,True,17.397848,78.49119,True
CMP00494,1,ACC752435,TEST0003521,25600,2026-09-02 22:10:04.668848,Lucknow,False,,,
CMP00494,2,ACC163714,TEST0001794,25000,2026-09-02 22:39:04.668848,Patna,False,,,
CMP00494,3,ACC334187,MOCK0005554,25000,2026-09-02 23:50:04.668848,Ahmedabad,True,23.006768,72.609743,True
CMP00495,1,ACC167077,MOCK0005044,187100,2026-08-12 13:32:56.668859,Kolkata,False,,,
CMP00495,2,ACC696879,DEMO0008580,173700,2026-08-12 14:41:56.668859,Bengaluru,False,,,
CMP00495,3,ACC195528,DEMO0006681,173700,2026-08-12 15:56:56.668859,Bengaluru,True,12.957663,77.560355,True
CMP00496,1,ACC234041,MOCK0005137,85000,2026-08-13 17:55:41.668870,Delhi,False,,,
CMP00496,2,ACC570267,FAKE0008145,80400,2026-08-13 19:08:41.668870,Lucknow,False,,,
CMP00496,3,ACC628345,SYNTH0005491,80400,2026-08-13 19:18:41.668870,Ahmedabad,True,23.023205,72.571172,False
CMP00497,1,ACC693677,SYNTH0007512,22500,2026-08-13 18:16:03.668881,Hyderabad,False,,,
CMP00497,2,ACC178628,MOCK0007293,22000,2026-08-13 19:21:03.668881,Ahmedabad,False,,,
CMP00497,3,ACC736714,SYNTH0001058,21400,2026-08-13 20:34:03.668881,Patna,False,,,
CMP00497,4,ACC929053,MOCK0009602,20400,2026-08-13 20:56:03.668881,Delhi,False,,,
CMP00497,5,ACC331039,TEST0002951,19800,2026-08-13 21:31:03.668881,Hyderabad,False,,,
CMP00497,6,ACC659484,FAKE0003427,19300,2026-08-13 21:54:03.668881,Hyderabad,False,,,
CMP00497,7,ACC929026,SYNTH0004440,19300,2026-08-13 22:31:03.668881,Jaipur,True,26.939547,75.799167,True
CMP00498,1,ACC156964,FAKE0001860,44200,2026-08-09 12:21:24.668894,Jaipur,False,,,
CMP00498,2,ACC416006,MOCK0004828,42300,2026-08-09 12:44:24.668894,Kolkata,False,,,
CMP00498,3,ACC597643,MOCK0008122,42300,2026-08-09 13:34:24.668894,Patna,True,25.580342,85.120809,True
CMP00499,1,ACC566679,MOCK0003613,25100,2026-08-19 20:41:17.668905,Pune,False,,,
CMP00499,2,ACC325767,DEMO0007108,25100,2026-08-19 20:55:17.668905,Lucknow,True,26.879628,80.943248,True
CMP00500,1,ACC950297,MOCK0002618,15800,2026-08-18 17:39:51.668915,Kolkata,False,,,
CMP00500,2,ACC786611,MOCK0009715,15300,2026-08-18 18:47:51.668915,Hyderabad,False,,,
CMP00500,3,ACC672922,TEST0006248,14500,2026-08-18 19:55:51.668915,Hyderabad,False,,,
CMP00500,4,ACC307661,DEMO0007623,14500,2026-08-18 20:14:51.668915,Hyderabad,True,17.380428,78.521072,True
CMP00501,1,ACC382894,MOCK0009887,113800,2026-08-10 03:27:40.668926,Mumbai,False,,,
CMP00501,2,ACC750594,FAKE0009433,113800,2026-08-10 04:42:40.668926,Bengaluru,True,12.997357,77.60057,False
CMP00502,1,ACC501557,MOCK0001669,268900,2026-08-10 04:13:49.668937,Mumbai,False,,,
CMP00502,2,ACC779658,FAKE0004354,255700,2026-08-10 05:01:49.668937,Kolkata,False,,,
CMP00502,3,ACC665847,DEMO0004437,251100,2026-08-10 05:20:49.668937,Hyderabad,False,,,
CMP00502,4,ACC380345,DEMO0005540,239700,2026-08-10 05:50:49.668937,Kolkata,False,,,
CMP00502,5,ACC461996,MOCK0009629,229700,2026-08-10 05:58:49.668937,Kolkata,False,,,
CMP00502,6,ACC811257,TEST0008405,214100,2026-08-10 06:15:49.668937,Ahmedabad,False,,,
CMP00502,7,ACC806013,FAKE0004085,214100,2026-08-10 07:36:49.668937,Kolkata,True,22.566124,88.358991,False
CMP00503,1,ACC302999,SYNTH0004493,15700,2026-08-17 21:59:23.668949,Bengaluru,False,,,
CMP00503,2,ACC903650,FAKE0005916,15000,2026-08-17 22:40:23.668949,Lucknow,False,,,
CMP00503,3,ACC804524,SYNTH0004144,14700,2026-08-18 00:00:23.668949,Jaipur,False,,,
CMP00503,4,ACC739760,TEST0009461,13900,2026-08-18 00:52:23.668949,Bengaluru,False,,,
CMP00503,5,ACC917632,SYNTH0005306,13100,2026-08-18 01:54:23.668949,Patna,False,,,
CMP00503,6,ACC488802,TEST0006798,12800,2026-08-18 02:56:23.668949,Pune,False,,,
CMP00503,7,ACC545957,DEMO0001092,12800,2026-08-18 03:38:23.668949,Jaipur,True,26.883152,75.715493,True
CMP00504,1,ACC911713,MOCK0002315,86700,2026-08-29 23:14:29.668960,Kolkata,False,,,
CMP00504,2,ACC361176,DEMO0004825,86700,2026-08-30 00:23:29.668960,Hyderabad,True,17.349401,78.480034,True
CMP00505,1,ACC248112,SYNTH0006093,29100,2026-08-25 07:56:45.668971,Ahmedabad,False,,,
CMP00505,2,ACC907940,FAKE0001581,27300,2026-08-25 09:06:45.668971,Pune,False,,,
CMP00505,3,ACC261196,MOCK0007607,26400,2026-08-25 09:41:45.668971,Pune,False,,,
CMP00505,4,ACC591018,SYNTH0006897,24500,2026-08-25 10:11:45.668971,Mumbai,False,,,
CMP00505,5,ACC901050,SYNTH0006527,24500,2026-08-25 11:09:45.668971,Pune,True,18.546801,73.862281,False
CMP00506,1,ACC476116,FAKE0007854,34600,2026-08-27 11:50:40.668985,Ahmedabad,False,,,
CMP00506,2,ACC669100,MOCK0003192,34100,2026-08-27 12:02:40.668985,Jaipur,False,,,
CMP00506,3,ACC258239,FAKE0002168,32300,2026-08-27 12:07:40.668985,Bengaluru,False,,,
CMP00506,4,ACC328973,MOCK0006205,32300,2026-08-27 12:50:40.668985,Lucknow,True,26.853334,80.931631,True
CMP00507,1,ACC543410,FAKE0003869,32400,2026-08-10 22:43:45.668996,Pune,False,,,
CMP00507,2,ACC528212,MOCK0001916,31500,2026-08-10 23:12:45.668996,Kolkata,False,,,
CMP00507,3,ACC431863,DEMO0005036,30000,2026-08-11 00:16:45.668996,Mumbai,False,,,
CMP00507,4,ACC480631,TEST0006049,28700,2026-08-11 00:53:45.668996,Hyderabad,False,,,
CMP00507,5,ACC982348,FAKE0004926,26900,2026-08-11 00:57:45.668996,Delhi,False,,,
CMP00507,6,ACC769986,TEST0002999,26900,2026-08-11 01:31:45.668996,Jaipur,True,26.942137,75.75661,False
CMP00508,1,ACC992562,FAKE0002166,25900,2026-08-06 19:42:17.669008,Ahmedabad,False,,,
CMP00508,2,ACC225636,DEMO0009680,24100,2026-08-06 20:44:17.669008,Kolkata,False,,,
CMP00508,3,ACC995735,SYNTH0006614,23600,2026-08-06 21:24:17.669008,Ahmedabad,False,,,
CMP00508,4,ACC250181,SYNTH0002324,23600,2026-08-06 22:18:17.669008,Patna,True,25.603317,85.127767,True
CMP00509,1,ACC395120,FAKE0002009,53700,2026-08-19 05:32:09.669019,Pune,False,,,
CMP00509,2,ACC749954,DEMO0002309,50300,2026-08-19 05:42:09.669019,Delhi,False,,,
CMP00509,3,ACC112581,FAKE0006216,46400,2026-08-19 07:10:09.669019,Patna,False,,,
CMP00509,4,ACC831985,FAKE0005299,46400,2026-08-19 08:27:09.669019,Jaipur,True,26.896311,75.813049,True
CMP00510,1,ACC394795,TEST0005052,25400,2026-08-13 14:19:24.669031,Bengaluru,False,,,
CMP00510,2,ACC596912,FAKE0009230,23900,2026-08-13 15:46:24.669031,Pune,False,,,
CMP00510,3,ACC996398,SYNTH0004758,22700,2026-08-13 17:06:24.669031,Bengaluru,False,,,
CMP00510,4,ACC140230,SYNTH0003395,22000,2026-08-13 17:23:24.669031,Bengaluru,False,,,
CMP00510,5,ACC309341,FAKE0007231,21600,2026-08-13 18:19:24.669031,Bengaluru,False,,,
CMP00510,6,ACC332548,DEMO0002005,20900,2026-08-13 19:13:24.669031,Pune,False,,,
CMP00510,7,ACC154164,TEST0006956,20900,2026-08-13 20:20:24.669031,Bengaluru,True,12.954898,77.619401,True
CMP00511,1,ACC263190,TEST0004704,64800,2026-08-13 10:38:27.669042,Delhi,False,,,
CMP00511,2,ACC413823,SYNTH0009788,62500,2026-08-13 11:40:27.669042,Patna,False,,,
CMP00511,3,ACC559876,DEMO0003651,59000,2026-08-13 12:16:27.669042,Patna,False,,,
CMP00511,4,ACC555040,SYNTH0002813,58400,2026-08-13 12:35:27.669042,Patna,False,,,
CMP00511,5,ACC240173,TEST0001517,58400,2026-08-13 13:01:27.669042,Patna,True,25.596146,85.135128,True
CMP00512,1,ACC164664,SYNTH0003141,49100,2026-08-06 04:49:48.669052,Pune,False,,,
CMP00512,2,ACC819622,FAKE0005240,49100,2026-08-06 05:16:48.669052,Lucknow,True,26.863164,80.996455,True
CMP00513,1,ACC827968,TEST0009397,41900,2026-08-10 07:25:37.669063,Kolkata,False,,,
CMP00513,2,ACC372144,FAKE0003394,41000,2026-08-10 08:40:37.669063,Jaipur,False,,,
CMP00513,3,ACC474745,TEST0006917,40100,2026-08-10 09:22:37.669063,Bengaluru,False,,,
CMP00513,4,ACC151081,MOCK0002258,38900,2026-08-10 10:17:37.669063,Lucknow,False,,,
CMP00513,5,ACC758537,FAKE0003738,38000,2026-08-10 11:24:37.669063,Jaipur,False,,,
CMP00513,6,ACC431570,TEST0005447,38000,2026-08-10 12:35:37.669063,Jaipur,True,26.927719,75.760965,False
CMP00514,1,ACC573469,TEST0002527,24000,2026-08-12 11:50:54.669075,Pune,False,,,
CMP00514,2,ACC679764,MOCK0009005,23500,2026-08-12 12:13:54.669075,Pune,False,,,
CMP00514,3,ACC172866,DEMO0005650,21800,2026-08-12 12:18:54.669075,Pune,False,,,
CMP00514,4,ACC791609,DEMO0001941,20800,2026-08-12 12:46:54.669075,Pune,False,,,
CMP00514,5,ACC442645,DEMO0007407,20800,2026-08-12 13:35:54.669075,Bengaluru,True,12.972695,77.590925,False
CMP00515,1,ACC505132,TEST0004633,31900,2026-09-01 04:23:08.669086,Mumbai,False,,,
CMP00515,2,ACC776541,FAKE0002686,30400,2026-09-01 05:51:08.669086,Delhi,False,,,
CMP00515,3,ACC909918,SYNTH0009372,28900,2026-09-01 06:41:08.669086,Jaipur,False,,,
CMP00515,4,ACC309414,FAKE0002874,26700,2026-09-01 06:54:08.669086,Delhi,False,,,
CMP00515,5,ACC728177,DEMO0005888,26700,2026-09-01 07:56:08.669086,Delhi,True,28.570755,77.192061,False
CMP00516,1,ACC211038,SYNTH0006437,103000,2026-08-31 04:36:09.669097,Pune,False,,,
CMP00516,2,ACC198657,SYNTH0002644,103000,2026-08-31 05:23:09.669097,Pune,True,18.569811,73.817594,True
CMP00517,1,ACC112884,DEMO0006963,81900,2026-08-06 02:31:51.669108,Ahmedabad,False,,,
CMP00517,2,ACC999138,DEMO0004678,80900,2026-08-06 03:22:51.669108,Bengaluru,False,,,
CMP00517,3,ACC855276,FAKE0007108,80900,2026-08-06 04:05:51.669108,Ahmedabad,True,23.001691,72.583185,True
CMP00518,1,ACC889185,MOCK0005909,23100,2026-08-12 11:23:09.669119,Lucknow,False,,,
CMP00518,2,ACC245893,TEST0007404,22600,2026-08-12 12:06:09.669119,Delhi,False,,,
CMP00518,3,ACC509611,DEMO0004085,22600,2026-08-12 12:56:09.669119,Lucknow,True,26.842068,80.942954,True
CMP00519,1,ACC114270,DEMO0002207,58600,2026-09-01 22:34:21.669130,Kolkata,False,,,
CMP00519,2,ACC236042,MOCK0008346,58600,2026-09-01 23:44:21.669130,Kolkata,True,22.583588,88.383373,True
CMP00520,1,ACC203782,MOCK0003800,98400,2026-08-25 19:12:09.669141,Bengaluru,False,,,
CMP00520,2,ACC649907,MOCK0009009,92000,2026-08-25 19:22:09.669141,Ahmedabad,False,,,
CMP00520,3,ACC554803,FAKE0009243,92000,2026-08-25 19:24:09.669141,Mumbai,True,19.060332,72.89926,True
CMP00521,1,ACC125225,TEST0007258,13900,2026-08-11 20:22:10.669152,Ahmedabad,False,,,
CMP00521,2,ACC204158,TEST0003359,13200,2026-08-11 20:56:10.669152,Ahmedabad,False,,,
CMP00521,3,ACC193982,DEMO0003772,12900,2026-08-11 21:21:10.669152,Ahmedabad,False,,,
CMP00521,4,ACC290272,FAKE0005882,12900,2026-08-11 21:30:10.669152,Jaipur,True,26.887838,75.781684,True
CMP00522,1,ACC892659,DEMO0001394,83500,2026-08-31 22:35:45.669164,Ahmedabad,False,,,
CMP00522,2,ACC989360,TEST0003261,82500,2026-08-31 23:17:45.669164,Lucknow,False,,,
CMP00522,3,ACC161533,MOCK0007923,80200,2026-08-31 23:36:45.669164,Kolkata,False,,,
CMP00522,4,ACC815961,FAKE0007670,75300,2026-08-31 23:47:45.669164,Patna,False,,,
CMP00522,5,ACC979688,FAKE0007589,74200,2026-09-01 00:39:45.669164,Bengaluru,False,,,
CMP00522,6,ACC300967,MOCK0003905,68600,2026-09-01 01:01:45.669164,Delhi,False,,,
CMP00522,7,ACC805590,MOCK0003617,68600,2026-09-01 02:08:45.669164,Mumbai,True,19.059107,72.878554,False
CMP00523,1,ACC598796,DEMO0009793,30000,2026-08-18 05:36:00.669175,Mumbai,False,,,
CMP00523,2,ACC732575,FAKE0006102,28000,2026-08-18 06:34:00.669175,Mumbai,False,,,
CMP00523,3,ACC234425,MOCK0006989,27100,2026-08-18 07:36:00.669175,Jaipur,False,,,
CMP00523,4,ACC600998,MOCK0004215,25900,2026-08-18 08:56:00.669175,Bengaluru,False,,,
CMP00523,5,ACC236113,SYNTH0004695,25900,2026-08-18 09:14:00.669175,Mumbai,True,19.075466,72.85902,False
CMP00524,1,ACC158114,DEMO0005518,86700,2026-08-26 13:55:18.669187,Kolkata,False,,,
CMP00524,2,ACC609153,SYNTH0005995,86700,2026-08-26 14:10:18.669187,Delhi,True,28.629785,77.178019,True
CMP00525,1,ACC879020,MOCK0007088,26800,2026-08-13 16:20:31.669197,Lucknow,False,,,
CMP00525,2,ACC712711,FAKE0003137,25800,2026-08-13 16:52:31.669197,Pune,False,,,
CMP00525,3,ACC143032,SYNTH0004160,24500,2026-08-13 18:14:31.669197,Mumbai,False,,,
CMP00525,4,ACC673129,TEST0008769,24500,2026-08-13 19:13:31.669197,Mumbai,True,19.089413,72.855238,True
CMP00526,1,ACC786128,DEMO0004961,14200,2026-08-09 13:07:18.669208,Pune,False,,,
CMP00526,2,ACC645209,SYNTH0006132,13700,2026-08-09 14:35:18.669208,Hyderabad,False,,,
CMP00526,3,ACC108887,FAKE0007737,12800,2026-08-09 15:47:18.669208,Kolkata,False,,,
CMP00526,4,ACC468591,TEST0005127,12800,2026-08-09 16:01:18.669208,Patna,True,25.60769,85.128335,True
CMP00527,1,ACC682324,TEST0001081,14000,2026-08-17 06:08:44.669219,Bengaluru,False,,,
CMP00527,2,ACC204766,DEMO0004481,13400,2026-08-17 07:11:44.669219,Bengaluru,False,,,
CMP00527,3,ACC840529,FAKE0007350,13000,2026-08-17 08:13:44.669219,Kolkata,False,,,
CMP00527,4,ACC240012,TEST0005639,12500,2026-08-17 08:31:44.669219,Bengaluru,False,,,
CMP00527,5,ACC725935,FAKE0006683,12000,2026-08-17 09:59:44.669219,Patna,False,,,
CMP00527,6,ACC332463,SYNTH0004852,11100,2026-08-17 11:03:44.669219,Delhi,False,,,
CMP00527,7,ACC625814,MOCK0007523,11100,2026-08-17 11:52:44.669219,Bengaluru,True,12.991059,77.58082,False
CMP00528,1,ACC698823,MOCK0005493,55100,2026-08-16 03:22:40.669230,Pune,False,,,
CMP00528,2,ACC362682,MOCK0001202,51500,2026-08-16 04:10:40.669230,Pune,False,,,
CMP00528,3,ACC792874,TEST0003929,51500,2026-08-16 04:27:40.669230,Pune,True,18.516222,73.863764,True
CMP00529,1,ACC886224,TEST0008449,66600,2026-08-05 21:11:47.669241,Jaipur,False,,,
CMP00529,2,ACC102593,FAKE0008511,61900,2026-08-05 22:15:47.669241,Jaipur,False,,,
CMP00529,3,ACC991401,MOCK0007516,61000,2026-08-05 23:38:47.669241,Lucknow,False,,,
CMP00529,4,ACC618746,TEST0006533,59200,2026-08-06 00:07:47.669241,Hyderabad,False,,,
CMP00529,5,ACC926596,FAKE0001752,57200,2026-08-06 01:19:47.669241,Kolkata,False,,,
CMP00529,6,ACC117072,SYNTH0008230,56100,2026-08-06 01:33:47.669241,Kolkata,False,,,
CMP00529,7,ACC548580,SYNTH0005945,56100,2026-08-06 02:33:47.669241,Jaipur,True,26.884332,75.79686,True
CMP00530,1,ACC374647,DEMO0001839,24800,2026-08-31 17:16:28.669252,Ahmedabad,False,,,
CMP00530,2,ACC668571,TEST0007809,23200,2026-08-31 18:08:28.669252,Mumbai,False,,,
CMP00530,3,ACC237755,DEMO0004831,21900,2026-08-31 18:42:28.669252,Kolkata,False,,,
CMP00530,4,ACC485606,FAKE0009510,21900,2026-08-31 19:35:28.669252,Mumbai,True,19.031535,72.885691,True
CMP00531,1,ACC975498,MOCK0006833,92000,2026-08-07 19:57:35.669262,Mumbai,False,,,
CMP00531,2,ACC182300,DEMO0001108,86700,2026-08-07 20:18:35.669262,Bengaluru,False,,,
CMP00531,3,ACC489227,DEMO0005501,82100,2026-08-07 21:29:35.669262,Kolkata,False,,,
CMP00531,4,ACC901387,TEST0007518,82100,2026-08-07 22:33:35.669262,Mumbai,True,19.080913,72.895425,False
CMP00532,1,ACC305415,DEMO0007736,13900,2026-08-22 16:22:16.669273,Ahmedabad,False,,,
CMP00532,2,ACC865435,TEST0005425,13400,2026-08-22 17:44:16.669273,Pune,False,,,
CMP00532,3,ACC564199,DEMO0003659,12700,2026-08-22 17:48:16.669273,Kolkata,False,,,
CMP00532,4,ACC246518,DEMO0003130,11900,2026-08-22 17:57:16.669273,Kolkata,False,,,
CMP00532,5,ACC120407,FAKE0009062,11900,2026-08-22 19:15:16.669273,Pune,True,18.515122,73.832021,True
CMP00533,1,ACC816211,MOCK0003742,50800,2026-08-18 17:49:21.669284,Bengaluru,False,,,
CMP00533,2,ACC742978,DEMO0009978,47000,2026-08-18 18:03:21.669284,Hyderabad,False,,,
CMP00533,3,ACC801188,TEST0005034,44700,2026-08-18 18:54:21.669284,Mumbai,False,,,
CMP00533,4,ACC957300,DEMO0001681,44700,2026-08-18 19:42:21.669284,Bengaluru,True,12.97212,77.5764,True
CMP00534,1,ACC386081,FAKE0008280,18500,2026-08-28 01:30:29.669295,Ahmedabad,False,,,
CMP00534,2,ACC566670,DEMO0003338,18000,2026-08-28 02:10:29.669295,Delhi,False,,,
CMP00534,3,ACC718938,TEST0002031,16600,2026-08-28 03:31:29.669295,Ahmedabad,False,,,
CMP00534,4,ACC607962,FAKE0008492,16600,2026-08-28 04:29:29.669295,Lucknow,True,26.833996,80.942505,True
CMP00535,1,ACC128673,MOCK0008111,30500,2026-08-15 22:11:12.669305,Pune,False,,,
CMP00535,2,ACC946616,DEMO0005709,30000,2026-08-15 23:07:12.669305,Delhi,False,,,
CMP00535,3,ACC372735,DEMO0008656,29400,2026-08-16 00:17:12.669305,Ahmedabad,False,,,
CMP00535,4,ACC115920,TEST0002401,29400,2026-08-16 00:49:12.669305,Pune,True,18.541912,73.842123,True
CMP00536,1,ACC969086,DEMO0009951,56400,2026-08-30 19:43:45.669316,Ahmedabad,False,,,
CMP00536,2,ACC587119,FAKE0004539,52300,2026-08-30 19:48:45.669316,Patna,False,,,
CMP00536,3,ACC303442,FAKE0006610,50100,2026-08-30 20:00:45.669316,Ahmedabad,False,,,
CMP00536,4,ACC134496,SYNTH0004418,48600,2026-08-30 21:29:45.669316,Ahmedabad,False,,,
CMP00536,5,ACC581126,TEST0007172,47500,2026-08-30 21:54:45.669316,Ahmedabad,False,,,
CMP00536,6,ACC218627,DEMO0003619,44200,2026-08-30 23:09:45.669316,Ahmedabad,False,,,
CMP00536,7,ACC565149,SYNTH0001087,44200,2026-08-31 00:23:45.669316,Ahmedabad,True,22.975837,72.596588,True
CMP00537,1,ACC135418,FAKE0007190,25700,2026-08-16 15:13:15.669327,Hyderabad,False,,,
CMP00537,2,ACC958045,TEST0002391,25700,2026-08-16 16:38:15.669327,Kolkata,True,22.567374,88.342637,False
CMP00538,1,ACC675547,FAKE0006885,36600,2026-08-09 08:25:29.669342,Bengaluru,False,,,
CMP00538,2,ACC346668,MOCK0007459,35100,2026-08-09 08:41:29.669342,Delhi,False,,,
CMP00538,3,ACC501384,DEMO0009931,33800,2026-08-09 10:03:29.669342,Bengaluru,False,,,
CMP00538,4,ACC245824,DEMO0006902,33800,2026-08-09 10:32:29.669342,Kolkata,True,22.588908,88.32449,True
CMP00539,1,ACC623676,DEMO0006246,121100,2026-08-10 05:13:07.669354,Lucknow,False,,,
CMP00539,2,ACC874368,MOCK0006427,121100,2026-08-10 05:34:07.669354,Lucknow,True,26.848666,80.896245,True
CMP00540,1,ACC961169,TEST0007909,32200,2026-08-17 07:47:38.669364,Delhi,False,,,
CMP00540,2,ACC815485,FAKE0008617,30700,2026-08-17 08:11:38.669364,Delhi,False,,,
CMP00540,3,ACC868260,DEMO0001200,30200,2026-08-17 08:23:38.669364,Delhi,False,,,
CMP00540,4,ACC702597,DEMO0001189,30200,2026-08-17 08:45:38.669364,Delhi,True,28.609645,77.197669,True
CMP00541,1,ACC539074,TEST0001887,108100,2026-08-24 13:23:53.669375,Bengaluru,False,,,
CMP00541,2,ACC450226,TEST0004750,102500,2026-08-24 13:38:53.669375,Bengaluru,False,,,
CMP00541,3,ACC808069,SYNTH0002940,102500,2026-08-24 13:46:53.669375,Bengaluru,True,13.023452,77.571615,True
CMP00542,1,ACC174094,DEMO0008977,20800,2026-08-25 13:58:54.669386,Patna,False,,,
CMP00542,2,ACC775414,MOCK0008020,20600,2026-08-25 15:12:54.669386,Delhi,False,,,
CMP00542,3,ACC673293,DEMO0008823,20600,2026-08-25 16:24:54.669386,Patna,True,25.610498,85.142468,True
CMP00543,1,ACC330120,DEMO0008675,84200,2026-08-27 09:05:35.669397,Bengaluru,False,,,
CMP00543,2,ACC825885,DEMO0008475,82600,2026-08-27 10:03:35.669397,Bengaluru,False,,,
CMP00543,3,ACC558793,SYNTH0008837,82600,2026-08-27 10:51:35.669397,Delhi,True,28.597447,77.201407,False
CMP00544,1,ACC165517,SYNTH0002720,172300,2026-08-29 23:52:47.669407,Pune,False,,,
CMP00544,2,ACC968296,MOCK0001810,172300,2026-08-30 01:10:47.669407,Pune,True,18.571008,73.822621,True
CMP00545,1,ACC194930,SYNTH0001003,14600,2026-08-09 09:11:49.669418,Delhi,False,,,
CMP00545,2,ACC657062,MOCK0008326,14200,2026-08-09 09:31:49.669418,Patna,False,,,
CMP00545,3,ACC431976,TEST0008122,13800,2026-08-09 09:58:49.669418,Kolkata,False,,,
CMP00545,4,ACC741194,DEMO0003089,13800,2026-08-09 10:44:49.669418,Delhi,True,28.609584,77.231091,False
CMP00546,1,ACC290357,TEST0007694,27400,2026-08-28 13:35:03.669429,Lucknow,False,,,
CMP00546,2,ACC443343,DEMO0009386,25700,2026-08-28 14:18:03.669429,Hyderabad,False,,,
CMP00546,3,ACC691947,TEST0007960,25700,2026-08-28 14:26:03.669429,Jaipur,True,26.898797,75.78323,False
CMP00547,1,ACC236305,FAKE0002953,88400,2026-08-27 10:02:00.669440,Mumbai,False,,,
CMP00547,2,ACC144002,TEST0007814,86100,2026-08-27 11:11:00.669440,Ahmedabad,False,,,
CMP00547,3,ACC177525,FAKE0008941,82500,2026-08-27 12:31:00.669440,Lucknow,False,,,
CMP00547,4,ACC727325,FAKE0005125,80800,2026-08-27 13:10:00.669440,Hyderabad,False,,,
CMP00547,5,ACC727234,FAKE0009093,78200,2026-08-27 14:40:00.669440,Lucknow,False,,,
CMP00547,6,ACC249007,DEMO0005170,78200,2026-08-27 14:55:00.669440,Lucknow,True,26.853264,80.95104,False
CMP00548,1,ACC942455,SYNTH0001297,45800,2026-08-26 21:07:01.669451,Bengaluru,False,,,
CMP00548,2,ACC265985,FAKE0009128,43200,2026-08-26 21:41:01.669451,Bengaluru,False,,,
CMP00548,3,ACC793771,TEST0002200,42500,2026-08-26 21:55:01.669451,Bengaluru,False,,,
CMP00548,4,ACC750436,MOCK0008436,42500,2026-08-26 22:22:01.669451,Patna,True,25.639113,85.168574,True
CMP00549,1,ACC694691,FAKE0008363,72800,2026-08-14 23:43:57.669462,Delhi,False,,,
CMP00549,2,ACC365356,TEST0009691,69100,2026-08-15 00:06:57.669462,Ahmedabad,False,,,
CMP00549,3,ACC220219,TEST0008035,67500,2026-08-15 00:53:57.669462,Delhi,False,,,
CMP00549,4,ACC176168,TEST0007094,65800,2026-08-15 01:18:57.669462,Delhi,False,,,
CMP00549,5,ACC110100,FAKE0006388,63700,2026-08-15 01:38:57.669462,Bengaluru,False,,,
CMP00549,6,ACC343949,DEMO0005646,63700,2026-08-15 02:07:57.669462,Lucknow,True,26.842376,80.988993,True
CMP00550,1,ACC476507,MOCK0007914,31900,2026-08-13 09:14:18.669473,Hyderabad,False,,,
CMP00550,2,ACC500327,SYNTH0007554,30100,2026-08-13 09:25:18.669473,Jaipur,False,,,
CMP00550,3,ACC366526,SYNTH0009780,28400,2026-08-13 10:25:18.669473,Hyderabad,False,,,
CMP00550,4,ACC868265,SYNTH0007097,27600,2026-08-13 10:53:18.669473,Hyderabad,False,,,
CMP00550,5,ACC734330,SYNTH0006183,27000,2026-08-13 12:07:18.669473,Ahmedabad,False,,,
CMP00550,6,ACC732928,TEST0003041,27000,2026-08-13 13:04:18.669473,Hyderabad,True,17.402703,78.510618,True
CMP00551,1,ACC972786,MOCK0008648,55800,2026-08-13 03:36:42.669484,Jaipur,False,,,
CMP00551,2,ACC605590,SYNTH0004987,52700,2026-08-13 03:59:42.669484,Mumbai,False,,,
CMP00551,3,ACC791792,FAKE0008125,52700,2026-08-13 04:28:42.669484,Pune,True,18.517619,73.834102,True
CMP00552,1,ACC876989,SYNTH0002651,46300,2026-08-23 07:15:57.669495,Hyderabad,False,,,
CMP00552,2,ACC771463,MOCK0003357,44900,2026-08-23 08:11:57.669495,Mumbai,False,,,
CMP00552,3,ACC785055,SYNTH0009850,44900,2026-08-23 08:43:57.669495,Jaipur,True,26.909042,75.80757,True
CMP00553,1,ACC854423,TEST0005253,137200,2026-08-25 11:47:20.669505,Patna,False,,,
CMP00553,2,ACC133544,FAKE0009066,131600,2026-08-25 12:45:20.669505,Jaipur,False,,,
CMP00553,3,ACC985548,MOCK0001811,129100,2026-08-25 12:59:20.669505,Hyderabad,False,,,
CMP00553,4,ACC775192,SYNTH0002077,129100,2026-08-25 13:46:20.669505,Jaipur,True,26.907467,75.783518,True
CMP00554,1,ACC114311,SYNTH0001852,63900,2026-08-13 12:35:03.669516,Ahmedabad,False,,,
CMP00554,2,ACC726090,DEMO0008867,60000,2026-08-13 14:03:03.669516,Lucknow,False,,,
CMP00554,3,ACC186627,SYNTH0003498,60000,2026-08-13 14:42:03.669516,Ahmedabad,True,23.029185,72.579442,False
CMP00555,1,ACC964776,MOCK0002765,68000,2026-08-16 09:18:13.669528,Pune,False,,,
CMP00555,2,ACC472200,DEMO0008368,62800,2026-08-16 09:25:13.669528,Pune,False,,,
CMP00555,3,ACC600281,SYNTH0009345,59100,2026-08-16 10:22:13.669528,Pune,False,,,
CMP00555,4,ACC108161,TEST0008430,56100,2026-08-16 10:34:13.669528,Pune,False,,,
CMP00555,5,ACC285306,MOCK0005576,53500,2026-08-16 11:24:13.669528,Pune,False,,,
CMP00555,6,ACC617255,MOCK0009481,51700,2026-08-16 11:38:13.669528,Pune,False,,,
CMP00555,7,ACC399113,TEST0003923,51700,2026-08-16 12:47:13.669528,Patna,True,25.580885,85.152259,True
CMP00556,1,ACC422328,DEMO0004957,36100,2026-08-14 14:23:32.669538,Pune,False,,,
CMP00556,2,ACC134261,SYNTH0007134,35700,2026-08-14 14:25:32.669538,Lucknow,False,,,
CMP00556,3,ACC451367,MOCK0008045,34900,2026-08-14 15:33:32.669538,Jaipur,False,,,
CMP00556,4,ACC302019,DEMO0001845,34900,2026-08-14 16:05:32.669538,Lucknow,True,26.809727,80.950784,True
CMP00557,1,ACC876459,SYNTH0003623,35300,2026-08-05 13:20:00.669549,Bengaluru,False,,,
CMP00557,2,ACC343118,SYNTH0004053,33000,2026-08-05 14:04:00.669549,Kolkata,False,,,
CMP00557,3,ACC130610,SYNTH0008365,31000,2026-08-05 15:27:00.669549,Patna,False,,,
CMP00557,4,ACC104666,SYNTH0005560,29200,2026-08-05 16:44:00.669549,Hyderabad,False,,,
CMP00557,5,ACC296041,SYNTH0008496,28200,2026-08-05 16:54:00.669549,Ahmedabad,False,,,
CMP00557,6,ACC613261,TEST0007367,26900,2026-08-05 17:10:00.669549,Hyderabad,False,,,
CMP00557,7,ACC219781,DEMO0003826,26900,2026-08-05 18:30:00.669549,Hyderabad,True,17.359896,78.467505,True
CMP00558,1,ACC527632,MOCK0002474,36100,2026-09-01 10:12:25.669560,Hyderabad,False,,,
CMP00558,2,ACC481924,SYNTH0005362,35100,2026-09-01 10:33:25.669560,Kolkata,False,,,
CMP00558,3,ACC362065,DEMO0001012,35100,2026-09-01 11:47:25.669560,Delhi,True,28.657372,77.233471,True
CMP00559,1,ACC464032,SYNTH0002467,73500,2026-08-08 00:51:50.669571,Pune,False,,,
CMP00559,2,ACC532227,TEST0001172,71400,2026-08-08 01:49:50.669571,Jaipur,False,,,
CMP00559,3,ACC460589,MOCK0001136,69300,2026-08-08 01:51:50.669571,Bengaluru,False,,,
CMP00559,4,ACC414164,DEMO0005799,68600,2026-08-08 03:21:50.669571,Kolkata,False,,,
CMP00559,5,ACC107568,SYNTH0007745,65300,2026-08-08 04:39:50.669571,Jaipur,False,,,
CMP00559,6,ACC362035,DEMO0007199,65300,2026-08-08 05:52:50.669571,Jaipur,True,26.901245,75.740061,True
CMP00560,1,ACC443660,SYNTH0005904,38000,2026-08-28 20:35:26.669582,Kolkata,False,,,
CMP00560,2,ACC519913,TEST0009698,37400,2026-08-28 21:04:26.669582,Hyderabad,False,,,
CMP00560,3,ACC894323,DEMO0002292,36000,2026-08-28 22:09:26.669582,Kolkata,False,,,
CMP00560,4,ACC855629,MOCK0005019,34100,2026-08-28 22:38:26.669582,Ahmedabad,False,,,
CMP00560,5,ACC937266,FAKE0006470,32300,2026-08-28 23:06:26.669582,Kolkata,False,,,
CMP00560,6,ACC887769,DEMO0002480,32300,2026-08-29 00:17:26.669582,Kolkata,True,22.54308,88.391758,False
CMP00561,1,ACC514861,MOCK0008131,68200,2026-08-27 03:42:24.669594,Kolkata,False,,,
CMP00561,2,ACC700200,DEMO0006071,65400,2026-08-27 04:47:24.669594,Mumbai,False,,,
CMP00561,3,ACC311084,TEST0007989,65400,2026-08-27 05:00:24.669594,Mumbai,True,19.087909,72.890337,True
CMP00562,1,ACC588148,SYNTH0006629,307500,2026-08-09 23:47:05.669611,Patna,False,,,
CMP00562,2,ACC927899,MOCK0003784,287300,2026-08-10 00:17:05.669611,Bengaluru,False,,,
CMP00562,3,ACC190674,MOCK0009015,276100,2026-08-10 01:32:05.669611,Hyderabad,False,,,
CMP00562,4,ACC392731,DEMO0005041,276100,2026-08-10 02:01:05.669611,Kolkata,True,22.563884,88.355169,True
CMP00563,1,ACC281150,DEMO0009652,111500,2026-08-30 10:50:48.669622,Lucknow,False,,,
CMP00563,2,ACC294968,TEST0001748,106100,2026-08-30 11:43:48.669622,Kolkata,False,,,
CMP00563,3,ACC362848,DEMO0007180,104000,2026-08-30 12:42:48.669622,Lucknow,False,,,
CMP00563,4,ACC601465,SYNTH0006542,96100,2026-08-30 14:11:48.669622,Lucknow,False,,,
CMP00563,5,ACC599004,SYNTH0006867,96100,2026-08-30 14:39:48.669622,Patna,True,25.646593,85.131424,True
CMP00564,1,ACC840807,TEST0007144,39900,2026-08-17 23:42:16.669633,Patna,False,,,
CMP00564,2,ACC770699,MOCK0007053,39900,2026-08-17 23:51:16.669633,Patna,True,25.635631,85.126173,True
CMP00565,1,ACC102288,MOCK0002840,146700,2026-09-01 07:42:07.669644,Lucknow,False,,,
CMP00565,2,ACC215530,DEMO0007654,146700,2026-09-01 09:00:07.669644,Patna,True,25.613685,85.131312,True
CMP00566,1,ACC425698,FAKE0002562,37600,2026-08-16 19:06:14.669655,Kolkata,False,,,
CMP00566,2,ACC613604,FAKE0003315,35700,2026-08-16 20:19:14.669655,Kolkata,False,,,
CMP00566,3,ACC648830,MOCK0004808,33500,2026-08-16 21:12:14.669655,Patna,False,,,
CMP00566,4,ACC531865,TEST0003467,32400,2026-08-16 21:21:14.669655,Pune,False,,,
CMP00566,5,ACC692772,FAKE0005393,32400,2026-08-16 21:27:14.669655,Kolkata,True,22.542703,88.375015,True
CMP00567,1,ACC279983,SYNTH0005976,14400,2026-08-30 23:53:24.669665,Lucknow,False,,,
CMP00567,2,ACC377636,MOCK0007121,13600,2026-08-31 00:40:24.669665,Kolkata,False,,,
CMP00567,3,ACC630228,DEMO0005937,12600,2026-08-31 00:44:24.669665,Delhi,False,,,
CMP00567,4,ACC619214,DEMO0001355,11600,2026-08-31 00:46:24.669665,Lucknow,False,,,
CMP00567,5,ACC110726,FAKE0003814,11600,2026-08-31 01:09:24.669665,Lucknow,True,26.797447,80.968515,True
CMP00568,1,ACC130885,DEMO0005658,23100,2026-09-02 13:55:35.669676,Mumbai,False,,,
CMP00568,2,ACC262241,DEMO0003466,22600,2026-09-02 14:28:35.669676,Hyderabad,False,,,
CMP00568,3,ACC589540,FAKE0007785,22600,2026-09-02 14:46:35.669676,Kolkata,True,22.560629,88.342331,True
CMP00569,1,ACC447907,DEMO0007347,14800,2026-08-18 16:20:33.669690,Bengaluru,False,,,
CMP00569,2,ACC597452,TEST0003998,14800,2026-08-18 17:14:33.669690,Mumbai,True,19.049197,72.804666,True
CMP00570,1,ACC944621,FAKE0003345,38300,2026-09-02 01:13:27.669704,Delhi,False,,,
CMP00570,2,ACC737859,SYNTH0004277,37200,2026-09-02 02:01:27.669704,Bengaluru,False,,,
CMP00570,3,ACC829928,SYNTH0002836,35300,2026-09-02 03:01:27.669704,Kolkata,False,,,
CMP00570,4,ACC511485,MOCK0009739,34800,2026-09-02 04:16:27.669704,Hyderabad,False,,,
CMP00570,5,ACC585981,DEMO0005837,33600,2026-09-02 05:13:27.669704,Bengaluru,False,,,
CMP00570,6,ACC950730,MOCK0003245,33600,2026-09-02 06:39:27.669704,Bengaluru,True,12.944307,77.584923,True
CMP00571,1,ACC976288,FAKE0003687,51900,2026-08-28 04:34:44.669716,Mumbai,False,,,
CMP00571,2,ACC580961,DEMO0005749,51900,2026-08-28 05:27:44.669716,Patna,True,25.609655,85.109129,True
CMP00572,1,ACC417915,FAKE0004470,211100,2026-08-05 01:06:05.669727,Jaipur,False,,,
CMP00572,2,ACC883159,DEMO0004974,194200,2026-08-05 01:32:05.669727,Mumbai,False,,,
CMP00572,3,ACC350956,TEST0007236,184800,2026-08-05 02:51:05.669727,Lucknow,False,,,
CMP00572,4,ACC423404,MOCK0009147,179600,2026-08-05 03:52:05.669727,Jaipur,False,,,
CMP00572,5,ACC857505,TEST0004328,179600,2026-08-05 04:53:05.669727,Patna,True,25.625494,85.115235,True
CMP00573,1,ACC276775,TEST0005428,68200,2026-09-03 00:51:34.669738,Delhi,False,,,
CMP00573,2,ACC940361,FAKE0006796,66400,2026-09-03 01:11:34.669738,Delhi,False,,,
CMP00573,3,ACC448256,MOCK0001287,66400,2026-09-03 02:20:34.669738,Hyderabad,True,17.357087,78.517595,True
CMP00574,1,ACC790491,MOCK0003308,44700,2026-08-27 15:39:52.669749,Hyderabad,False,,,
CMP00574,2,ACC178751,FAKE0006007,43600,2026-08-27 16:36:52.669749,Bengaluru,False,,,
CMP00574,3,ACC398133,TEST0009714,42700,2026-08-27 18:06:52.669749,Hyderabad,False,,,
CMP00574,4,ACC395074,MOCK0002833,40100,2026-08-27 18:35:52.669749,Mumbai,False,,,
CMP00574,5,ACC260876,DEMO0005549,37400,2026-08-27 18:48:52.669749,Kolkata,False,,,
CMP00574,6,ACC783344,SYNTH0002816,36600,2026-08-27 20:03:52.669749,Mumbai,False,,,
CMP00574,7,ACC329994,DEMO0007714,36600,2026-08-27 21:15:52.669749,Hyderabad,True,17.387216,78.491633,False
CMP00575,1,ACC416793,DEMO0007773,106000,2026-08-09 08:05:08.669761,Ahmedabad,False,,,
CMP00575,2,ACC266744,DEMO0002082,97700,2026-08-09 08:37:08.669761,Kolkata,False,,,
CMP00575,3,ACC827774,DEMO0006606,92700,2026-08-09 09:22:08.669761,Ahmedabad,False,,,
CMP00575,4,ACC794799,MOCK0008972,87400,2026-08-09 10:33:08.669761,Bengaluru,False,,,
CMP00575,5,ACC441183,DEMO0003886,83100,2026-08-09 10:49:08.669761,Patna,False,,,
CMP00575,6,ACC727320,MOCK0007208,83100,2026-08-09 11:30:08.669761,Mumbai,True,19.102967,72.876737,True
CMP00576,1,ACC589286,MOCK0006798,13800,2026-08-20 23:05:17.669773,Ahmedabad,False,,,
CMP00576,2,ACC888142,DEMO0003734,13400,2026-08-21 00:24:17.669773,Patna,False,,,
CMP00576,3,ACC943934,FAKE0007021,13200,2026-08-21 01:30:17.669773,Hyderabad,False,,,
CMP00576,4,ACC532446,TEST0007121,12700,2026-08-21 02:10:17.669773,Mumbai,False,,,
CMP00576,5,ACC308355,SYNTH0008135,11900,2026-08-21 02:15:17.669773,Mumbai,False,,,
CMP00576,6,ACC719110,SYNTH0005947,11900,2026-08-21 03:38:17.669773,Kolkata,True,22.600277,88.36089,False
CMP00577,1,ACC697339,MOCK0009791,65700,2026-08-29 01:06:13.669784,Delhi,False,,,
CMP00577,2,ACC576414,TEST0006744,61500,2026-08-29 01:43:13.669784,Ahmedabad,False,,,
CMP00577,3,ACC971532,TEST0009808,57300,2026-08-29 01:59:13.669784,Hyderabad,False,,,
CMP00577,4,ACC614808,TEST0004220,57300,2026-08-29 02:59:13.669784,Pune,True,18.489422,73.820012,True
CMP00578,1,ACC970893,DEMO0006603,104400,2026-08-14 13:53:07.669796,Bengaluru,False,,,
CMP00578,2,ACC466242,DEMO0008790,96500,2026-08-14 14:33:07.669796,Hyderabad,False,,,
CMP00578,3,ACC830532,MOCK0007375,96500,2026-08-14 15:43:07.669796,Bengaluru,True,12.937428,77.588981,True
CMP00579,1,ACC545441,SYNTH0004461,14900,2026-08-31 20:56:30.669807,Patna,False,,,
CMP00579,2,ACC775924,SYNTH0001364,14300,2026-08-31 21:01:30.669807,Patna,False,,,
CMP00579,3,ACC674612,SYNTH0004004,13200,2026-08-31 21:54:30.669807,Mumbai,False,,,
CMP00579,4,ACC999281,MOCK0005607,12600,2026-08-31 22:49:30.669807,Patna,False,,,
CMP00579,5,ACC574084,MOCK0008059,12000,2026-08-31 23:01:30.669807,Ahmedabad,False,,,
CMP00579,6,ACC896841,MOCK0001764,11600,2026-08-31 23:45:30.669807,Patna,False,,,
CMP00579,7,ACC700457,TEST0003771,11600,2026-09-01 00:36:30.669807,Hyderabad,True,17.393692,78.474519,True
CMP00580,1,ACC952878,SYNTH0003340,136300,2026-08-05 22:37:58.669819,Patna,False,,,
CMP00580,2,ACC739966,DEMO0006753,128700,2026-08-05 22:47:58.669819,Delhi,False,,,
CMP00580,3,ACC531709,DEMO0004559,121900,2026-08-05 23:16:58.669819,Bengaluru,False,,,
CMP00580,4,ACC888996,DEMO0006759,121900,2026-08-05 23:29:58.669819,Bengaluru,True,12.955657,77.581325,True
CMP00581,1,ACC155646,SYNTH0008772,71600,2026-08-09 22:28:40.669831,Jaipur,False,,,
CMP00581,2,ACC802695,FAKE0006966,66300,2026-08-09 23:33:40.669831,Delhi,False,,,
CMP00581,3,ACC363592,DEMO0001709,64100,2026-08-10 00:11:40.669831,Delhi,False,,,
CMP00581,4,ACC284431,FAKE0008947,62700,2026-08-10 00:26:40.669831,Ahmedabad,False,,,
CMP00581,5,ACC346729,MOCK0006340,62700,2026-08-10 01:33:40.669831,Delhi,True,28.574985,77.198297,False
CMP00582,1,ACC654020,FAKE0007652,36900,2026-08-27 22:42:18.669841,Mumbai,False,,,
CMP00582,2,ACC782248,TEST0003736,36400,2026-08-27 23:45:18.669841,Mumbai,False,,,
CMP00582,3,ACC648034,TEST0005052,35800,2026-08-27 23:47:18.669841,Ahmedabad,False,,,
CMP00582,4,ACC736169,DEMO0002913,35800,2026-08-27 23:58:18.669841,Kolkata,True,22.536504,88.306495,True
CMP00583,1,ACC876333,DEMO0008411,93200,2026-09-03 20:48:41.669853,Lucknow,False,,,
CMP00583,2,ACC256992,TEST0007612,88100,2026-09-03 22:08:41.669853,Lucknow,False,,,
CMP00583,3,ACC128208,SYNTH0005019,83400,2026-09-03 22:25:41.669853,Lucknow,False,,,
CMP00583,4,ACC418814,TEST0008115,77600,2026-09-03 23:11:41.669853,Lucknow,False,,,
CMP00583,5,ACC948302,FAKE0002802,77600,2026-09-03 23:52:41.669853,Lucknow,True,26.851882,80.947934,True
CMP00584,1,ACC356637,DEMO0003623,364200,2026-08-23 05:20:23.669865,Ahmedabad,False,,,
CMP00584,2,ACC461766,SYNTH0008727,359900,2026-08-23 05:48:23.669865,Kolkata,False,,,
CMP00584,3,ACC797467,SYNTH0006735,344800,2026-08-23 06:41:23.669865,Mumbai,False,,,
CMP00584,4,ACC883104,MOCK0005352,317900,2026-08-23 07:44:23.669865,Pune,False,,,
CMP00584,5,ACC262272,FAKE0006331,295500,2026-08-23 08:47:23.669865,Jaipur,False,,,
CMP00584,6,ACC956338,DEMO0007265,276500,2026-08-23 09:07:23.669865,Ahmedabad,False,,,
CMP00584,7,ACC511561,SYNTH0008201,276500,2026-08-23 10:33:23.669865,Mumbai,True,19.110812,72.871449,True
CMP00585,1,ACC676966,MOCK0006127,61100,2026-08-25 19:48:51.669875,Jaipur,False,,,
CMP00585,2,ACC275614,FAKE0007254,57500,2026-08-25 21:02:51.669875,Kolkata,False,,,
CMP00585,3,ACC886864,TEST0004872,52900,2026-08-25 22:15:51.669875,Delhi,False,,,
CMP00585,4,ACC170431,DEMO0003532,50300,2026-08-25 23:18:51.669875,Hyderabad,False,,,
CMP00585,5,ACC280751,TEST0006434,50300,2026-08-26 00:25:51.669875,Kolkata,True,22.596428,88.376727,False
CMP00586,1,ACC245303,MOCK0002319,64300,2026-08-17 09:52:01.669886,Hyderabad,False,,,
CMP00586,2,ACC123942,SYNTH0003727,62200,2026-08-17 11:10:01.669886,Lucknow,False,,,
CMP00586,3,ACC488283,MOCK0007378,61500,2026-08-17 12:24:01.669886,Mumbai,False,,,
CMP00586,4,ACC991613,DEMO0007046,57000,2026-08-17 13:36:01.669886,Hyderabad,False,,,
CMP00586,5,ACC847417,TEST0003173,57000,2026-08-17 14:08:01.669886,Kolkata,True,22.566938,88.339914,False
CMP00587,1,ACC957915,TEST0003555,36200,2026-08-08 11:59:57.669897,Kolkata,False,,,
CMP00587,2,ACC157187,MOCK0003419,35200,2026-08-08 12:11:57.669897,Kolkata,False,,,
CMP00587,3,ACC827497,TEST0008373,32900,2026-08-08 12:49:57.669897,Kolkata,False,,,
CMP00587,4,ACC319162,SYNTH0004339,30900,2026-08-08 13:51:57.669897,Kolkata,False,,,
CMP00587,5,ACC675458,SYNTH0001301,29500,2026-08-08 15:02:57.669897,Pune,False,,,
CMP00587,6,ACC145594,FAKE0005653,29500,2026-08-08 15:52:57.669897,Ahmedabad,True,23.023991,72.555227,True
CMP00588,1,ACC120337,MOCK0001362,26100,2026-08-08 01:17:01.669908,Jaipur,False,,,
CMP00588,2,ACC382271,DEMO0001134,25600,2026-08-08 01:42:01.669908,Pune,False,,,
CMP00588,3,ACC115440,TEST0007885,24500,2026-08-08 02:13:01.669908,Kolkata,False,,,
CMP00588,4,ACC489438,FAKE0006410,24500,2026-08-08 02:54:01.669908,Patna,True,25.554502,85.15661,True
CMP00589,1,ACC576133,MOCK0004153,106300,2026-08-12 03:14:13.669919,Delhi,False,,,
CMP00589,2,ACC724086,MOCK0004172,99900,2026-08-12 03:29:13.669919,Lucknow,False,,,
CMP00589,3,ACC633618,DEMO0008887,97100,2026-08-12 04:44:13.669919,Lucknow,False,,,
CMP00589,4,ACC354963,FAKE0001991,97100,2026-08-12 06:05:13.669919,Lucknow,True,26.811635,80.989939,True
CMP00590,1,ACC170015,MOCK0004703,25700,2026-08-16 19:59:19.669931,Bengaluru,False,,,
CMP00590,2,ACC387918,DEMO0006009,25700,2026-08-16 20:45:19.669931,Hyderabad,True,17.365378,78.502907,True
CMP00591,1,ACC767693,SYNTH0005963,56900,2026-08-17 14:10:22.669942,Jaipur,False,,,
CMP00591,2,ACC481851,MOCK0007649,53500,2026-08-17 14:30:22.669942,Jaipur,False,,,
CMP00591,3,ACC460934,MOCK0009209,50600,2026-08-17 15:33:22.669942,Hyderabad,False,,,
CMP00591,4,ACC608817,MOCK0008897,47800,2026-08-17 16:15:22.669942,Patna,False,,,
CMP00591,5,ACC114923,FAKE0006609,45100,2026-08-17 16:39:22.669942,Patna,False,,,
CMP00591,6,ACC335206,MOCK0002959,45100,2026-08-17 17:09:22.669942,Delhi,True,28.617422,77.164789,True
CMP00592,1,ACC682532,FAKE0005651,34300,2026-08-23 05:06:07.669953,Patna,False,,,
CMP00592,2,ACC645059,DEMO0007321,32700,2026-08-23 05:46:07.669953,Jaipur,False,,,
CMP00592,3,ACC251070,SYNTH0007931,31200,2026-08-23 07:03:07.669953,Kolkata,False,,,
CMP00592,4,ACC854304,DEMO0003452,28800,2026-08-23 08:02:07.669953,Kolkata,False,,,
CMP00592,5,ACC987056,SYNTH0007042,27500,2026-08-23 08:04:07.669953,Jaipur,False,,,
CMP00592,6,ACC172973,SYNTH0009902,27500,2026-08-23 08:42:07.669953,Jaipur,True,26.882559,75.810279,True
CMP00593,1,ACC324912,SYNTH0004630,81200,2026-08-18 18:33:18.669964,Delhi,False,,,
CMP00593,2,ACC313498,MOCK0001255,77600,2026-08-18 19:15:18.669964,Ahmedabad,False,,,
CMP00593,3,ACC822877,TEST0001077,76200,2026-08-18 19:22:18.669964,Hyderabad,False,,,
CMP00593,4,ACC285658,SYNTH0007091,70200,2026-08-18 19:54:18.669964,Jaipur,False,,,
CMP00593,5,ACC248551,MOCK0005230,66600,2026-08-18 20:47:18.669964,Ahmedabad,False,,,
CMP00593,6,ACC314828,TEST0007704,66600,2026-08-18 21:43:18.669964,Pune,True,18.508331,73.832867,False
CMP00594,1,ACC581633,FAKE0009587,69400,2026-08-17 19:33:33.669976,Delhi,False,,,
CMP00594,2,ACC796510,FAKE0006398,68500,2026-08-17 20:04:33.669976,Lucknow,False,,,
CMP00594,3,ACC680160,MOCK0002301,63200,2026-08-17 21:10:33.669976,Delhi,False,,,
CMP00594,4,ACC648351,TEST0003993,61500,2026-08-17 21:19:33.669976,Delhi,False,,,
CMP00594,5,ACC339431,DEMO0003907,57900,2026-08-17 22:49:33.669976,Pune,False,,,
CMP00594,6,ACC678788,SYNTH0002043,56200,2026-08-17 22:56:33.669976,Jaipur,False,,,
CMP00594,7,ACC317822,MOCK0008819,56200,2026-08-17 23:14:33.669976,Mumbai,True,19.084079,72.87401,True
CMP00595,1,ACC125780,TEST0006332,122900,2026-08-26 10:32:25.669991,Mumbai,False,,,
CMP00595,2,ACC138133,SYNTH0008927,121500,2026-08-26 11:57:25.669991,Delhi,False,,,
CMP00595,3,ACC234242,SYNTH0006239,121500,2026-08-26 13:26:25.669991,Jaipur,True,26.91243,75.766873,True
CMP00596,1,ACC185102,SYNTH0002941,33300,2026-08-26 01:33:53.670003,Patna,False,,,
CMP00596,2,ACC158591,MOCK0007038,32100,2026-08-26 02:28:53.670003,Ahmedabad,False,,,
CMP00596,3,ACC582874,FAKE0007277,29600,2026-08-26 03:23:53.670003,Lucknow,False,,,
CMP00596,4,ACC188198,DEMO0006931,28100,2026-08-26 03:54:53.670003,Bengaluru,False,,,
CMP00596,5,ACC709446,TEST0005923,28100,2026-08-26 04:42:53.670003,Patna,True,25.623823,85.155308,True
CMP00597,1,ACC810287,DEMO0006866,42400,2026-08-12 16:30:55.670014,Delhi,False,,,
CMP00597,2,ACC136118,MOCK0004541,39300,2026-08-12 16:54:55.670014,Mumbai,False,,,
CMP00597,3,ACC772149,FAKE0007399,39300,2026-08-12 17:52:55.670014,Ahmedabad,True,23.064443,72.55756,True
CMP00598,1,ACC480655,FAKE0008446,22900,2026-08-25 03:58:49.670025,Pune,False,,,
CMP00598,2,ACC723589,FAKE0002425,22300,2026-08-25 04:48:49.670025,Pune,False,,,
CMP00598,3,ACC835620,TEST0008447,20900,2026-08-25 05:06:49.670025,Pune,False,,,
CMP00598,4,ACC971405,DEMO0001240,20900,2026-08-25 06:28:49.670025,Ahmedabad,True,23.050651,72.570115,False
CMP00599,1,ACC182691,SYNTH0007386,37100,2026-09-01 22:14:36.670035,Jaipur,False,,,
CMP00599,2,ACC451572,MOCK0006546,35300,2026-09-01 23:04:36.670035,Hyderabad,False,,,
CMP00599,3,ACC270927,SYNTH0004055,33000,2026-09-02 00:17:36.670035,Hyderabad,False,,,
CMP00599,4,ACC722853,FAKE0005837,31200,2026-09-02 01:43:36.670035,Hyderabad,False,,,
CMP00599,5,ACC253868,SYNTH0008706,30800,2026-09-02 02:43:36.670035,Bengaluru,False,,,
CMP00599,6,ACC600597,TEST0005563,30800,2026-09-02 04:11:36.670035,Hyderabad,True,17.405974,78.471269,False
CMP00600,1,ACC825990,SYNTH0005439,74400,2026-08-09 22:36:07.670047,Kolkata,False,,,
CMP00600,2,ACC283027,FAKE0003949,70500,2026-08-09 23:44:07.670047,Hyderabad,False,,,
CMP00600,3,ACC757658,TEST0006699,65700,2026-08-10 00:49:07.670047,Mumbai,False,,,
CMP00600,4,ACC347085,MOCK0002567,64200,2026-08-10 01:44:07.670047,Pune,False,,,
CMP00600,5,ACC898100,MOCK0004592,64200,2026-08-10 03:05:07.670047,Pune,True,18.545307,73.844356,False
CMP00601,1,ACC216335,MOCK0009197,97300,2026-08-11 22:28:00.670062,Lucknow,False,,,
CMP00601,2,ACC303182,MOCK0003875,97300,2026-08-11 23:33:00.670062,Kolkata,True,22.578198,88.398004,True
CMP00602,1,ACC329465,TEST0006423,23500,2026-08-25 15:19:57.670075,Hyderabad,False,,,
CMP00602,2,ACC873040,MOCK0001652,22000,2026-08-25 15:33:57.670075,Delhi,False,,,
CMP00602,3,ACC979682,TEST0005002,20700,2026-08-25 16:57:57.670075,Patna,False,,,
CMP00602,4,ACC682783,MOCK0005149,19200,2026-08-25 16:59:57.670075,Ahmedabad,False,,,
CMP00602,5,ACC222314,DEMO0008275,18900,2026-08-25 17:32:57.670075,Delhi,False,,,
CMP00602,6,ACC395268,TEST0008479,17500,2026-08-25 18:02:57.670075,Mumbai,False,,,
CMP00602,7,ACC928327,DEMO0006296,17500,2026-08-25 18:46:57.670075,Ahmedabad,True,23.003178,72.581576,False
CMP00603,1,ACC766441,DEMO0003169,107200,2026-09-01 15:07:18.670086,Bengaluru,False,,,
CMP00603,2,ACC555898,DEMO0005868,101300,2026-09-01 15:13:18.670086,Ahmedabad,False,,,
CMP00603,3,ACC411271,TEST0003479,93800,2026-09-01 15:35:18.670086,Bengaluru,False,,,
CMP00603,4,ACC453195,FAKE0008937,87400,2026-09-01 15:44:18.670086,Hyderabad,False,,,
CMP00603,5,ACC939279,TEST0007564,85900,2026-09-01 16:40:18.670086,Jaipur,False,,,
CMP00603,6,ACC956114,TEST0007591,85900,2026-09-01 16:58:18.670086,Ahmedabad,True,23.012901,72.577655,True
CMP00604,1,ACC266102,DEMO0007196,165700,2026-08-28 21:32:36.670097,Pune,False,,,
CMP00604,2,ACC361487,MOCK0002346,160600,2026-08-28 22:26:36.670097,Pune,False,,,
CMP00604,3,ACC172024,DEMO0002254,160600,2026-08-28 23:16:36.670097,Jaipur,True,26.923362,75.78779,False
CMP00605,1,ACC485183,DEMO0007321,73800,2026-08-15 11:44:30.670108,Kolkata,False,,,
CMP00605,2,ACC255363,DEMO0002968,72900,2026-08-15 11:59:30.670108,Patna,False,,,
CMP00605,3,ACC708738,MOCK0008282,70600,2026-08-15 13:13:30.670108,Lucknow,False,,,
CMP00605,4,ACC246070,DEMO0005536,67600,2026-08-15 13:20:30.670108,Jaipur,False,,,
CMP00605,5,ACC624957,MOCK0004453,62900,2026-08-15 13:23:30.670108,Jaipur,False,,,
CMP00605,6,ACC509599,SYNTH0003480,60000,2026-08-15 14:09:30.670108,Ahmedabad,False,,,
CMP00605,7,ACC581801,SYNTH0005560,60000,2026-08-15 14:56:30.670108,Jaipur,True,26.904333,75.781029,False
CMP00606,1,ACC144146,MOCK0002615,257000,2026-08-18 11:41:40.670120,Patna,False,,,
CMP00606,2,ACC901144,MOCK0007911,250100,2026-08-18 12:56:40.670120,Lucknow,False,,,
CMP00606,3,ACC464175,DEMO0008548,236300,2026-08-18 13:48:40.670120,Delhi,False,,,
CMP00606,4,ACC518059,DEMO0001420,220500,2026-08-18 15:03:40.670120,Delhi,False,,,
CMP00606,5,ACC761149,FAKE0005788,203700,2026-08-18 15:32:40.670120,Delhi,False,,,
CMP00606,6,ACC990691,TEST0006636,203700,2026-08-18 16:26:40.670120,Kolkata,True,22.532222,88.393018,False
CMP00607,1,ACC119506,MOCK0004056,27000,2026-08-10 19:06:38.670130,Patna,False,,,
CMP00607,2,ACC380951,MOCK0008106,25000,2026-08-10 20:21:38.670130,Kolkata,False,,,
CMP00607,3,ACC647639,DEMO0003420,24400,2026-08-10 21:35:38.670130,Delhi,False,,,
CMP00607,4,ACC818596,DEMO0007721,22800,2026-08-10 22:07:38.670130,Patna,False,,,
CMP00607,5,ACC764721,DEMO0005373,22200,2026-08-10 22:49:38.670130,Mumbai,False,,,
CMP00607,6,ACC820219,DEMO0004907,21000,2026-08-10 23:27:38.670130,Pune,False,,,
CMP00607,7,ACC129049,TEST0008604,21000,2026-08-10 23:43:38.670130,Patna,True,25.602134,85.148148,True
CMP00608,1,ACC628503,TEST0005273,18000,2026-08-22 00:16:55.670141,Kolkata,False,,,
CMP00608,2,ACC952246,MOCK0009847,17600,2026-08-22 00:38:55.670141,Kolkata,False,,,
CMP00608,3,ACC647589,FAKE0003467,16300,2026-08-22 01:41:55.670141,Kolkata,False,,,
CMP00608,4,ACC625772,FAKE0006146,15400,2026-08-22 02:05:55.670141,Pune,False,,,
CMP00608,5,ACC555805,FAKE0001800,15400,2026-08-22 02:55:55.670141,Ahmedabad,True,22.987342,72.569322,True
CMP00609,1,ACC568019,SYNTH0002636,14800,2026-08-31 01:54:39.670152,Lucknow,False,,,
CMP00609,2,ACC857645,DEMO0005490,14200,2026-08-31 02:57:39.670152,Lucknow,False,,,
CMP00609,3,ACC800217,DEMO0005126,13200,2026-08-31 03:59:39.670152,Lucknow,False,,,
CMP00609,4,ACC248758,MOCK0007975,12400,2026-08-31 04:50:39.670152,Lucknow,False,,,
CMP00609,5,ACC903683,FAKE0003594,12100,2026-08-31 05:07:39.670152,Lucknow,False,,,
CMP00609,6,ACC381626,SYNTH0005431,12100,2026-08-31 06:33:39.670152,Ahmedabad,True,23.025147,72.58601,True
CMP00610,1,ACC789978,DEMO0005319,186000,2026-08-26 03:51:13.670163,Mumbai,False,,,
CMP00610,2,ACC455294,SYNTH0005615,173700,2026-08-26 04:21:13.670163,Ahmedabad,False,,,
CMP00610,3,ACC483394,TEST0009710,163900,2026-08-26 05:21:13.670163,Bengaluru,False,,,
CMP00610,4,ACC373407,FAKE0004946,151400,2026-08-26 05:53:13.670163,Ahmedabad,False,,,
CMP00610,5,ACC974988,MOCK0009183,146000,2026-08-26 06:04:13.670163,Ahmedabad,False,,,
CMP00610,6,ACC853682,DEMO0007396,141800,2026-08-26 06:57:13.670163,Ahmedabad,False,,,
CMP00610,7,ACC623637,DEMO0007576,141800,2026-08-26 08:27:13.670163,Pune,True,18.519737,73.834653,True
CMP00611,1,ACC395590,TEST0003099,92700,2026-08-19 07:36:44.670174,Ahmedabad,False,,,
CMP00611,2,ACC166191,TEST0007832,91700,2026-08-19 08:25:44.670174,Kolkata,False,,,
CMP00611,3,ACC442046,TEST0008801,86400,2026-08-19 08:58:44.670174,Pune,False,,,
CMP00611,4,ACC832251,SYNTH0006272,84400,2026-08-19 09:35:44.670174,Lucknow,False,,,
CMP00611,5,ACC842501,SYNTH0005081,80100,2026-08-19 10:57:44.670174,Hyderabad,False,,,
CMP00611,6,ACC428686,FAKE0007293,80100,2026-08-19 12:01:44.670174,Delhi,True,28.614505,77.244306,True
CMP00612,1,ACC256747,SYNTH0006254,51600,2026-08-18 23:49:47.670185,Patna,False,,,
CMP00612,2,ACC471942,DEMO0001261,48900,2026-08-19 00:28:47.670185,Bengaluru,False,,,
CMP00612,3,ACC277272,TEST0004146,48900,2026-08-19 01:49:47.670185,Patna,True,25.640932,85.164601,True
CMP00613,1,ACC554894,DEMO0005014,64400,2026-08-13 07:27:16.670196,Pune,False,,,
CMP00613,2,ACC515912,MOCK0003826,61600,2026-08-13 07:33:16.670196,Pune,False,,,
CMP00613,3,ACC915509,DEMO0005509,59000,2026-08-13 08:58:16.670196,Mumbai,False,,,
CMP00613,4,ACC112166,FAKE0002999,57900,2026-08-13 10:20:16.670196,Lucknow,False,,,
CMP00613,5,ACC335861,MOCK0008856,57200,2026-08-13 11:24:16.670196,Ahmedabad,False,,,
CMP00613,6,ACC932929,DEMO0008932,57200,2026-08-13 12:01:16.670196,Mumbai,True,19.133983,72.887533,True
CMP00614,1,ACC445975,FAKE0002496,20300,2026-08-26 20:38:44.670207,Jaipur,False,,,
CMP00614,2,ACC719639,MOCK0009137,20300,2026-08-26 21:53:44.670207,Hyderabad,True,17.309512,78.491296,True
CMP00615,1,ACC949566,SYNTH0004687,425100,2026-08-13 05:27:25.670223,Jaipur,False,,,
CMP00615,2,ACC998397,DEMO0005900,406300,2026-08-13 05:35:25.670223,Bengaluru,False,,,
CMP00615,3,ACC122613,TEST0007921,386700,2026-08-13 07:01:25.670223,Bengaluru,False,,,
CMP00615,4,ACC894520,FAKE0009648,372200,2026-08-13 08:29:25.670223,Lucknow,False,,,
CMP00615,5,ACC304568,MOCK0007451,350200,2026-08-13 09:07:25.670223,Jaipur,False,,,
CMP00615,6,ACC888808,FAKE0005981,327300,2026-08-13 09:21:25.670223,Jaipur,False,,,
CMP00615,7,ACC563348,TEST0003372,327300,2026-08-13 10:21:25.670223,Bengaluru,True,12.944292,77.58669,True
CMP00616,1,ACC689849,SYNTH0001265,57100,2026-08-05 01:54:48.670244,Jaipur,False,,,
CMP00616,2,ACC409531,TEST0004768,55900,2026-08-05 02:29:48.670244,Patna,False,,,
CMP00616,3,ACC623555,TEST0005216,53200,2026-08-05 03:19:48.670244,Hyderabad,False,,,
CMP00616,4,ACC583214,TEST0003773,53200,2026-08-05 04:23:48.670244,Kolkata,True,22.567928,88.352907,True
CMP00617,1,ACC693054,DEMO0008366,57200,2026-09-01 03:22:25.670259,Pune,False,,,
CMP00617,2,ACC166594,MOCK0008195,57200,2026-09-01 03:27:25.670259,Bengaluru,True,12.988584,77.56588,True
CMP00618,1,ACC624235,SYNTH0005946,99500,2026-08-17 07:40:45.670271,Lucknow,False,,,
CMP00618,2,ACC502722,DEMO0003469,99500,2026-08-17 08:37:45.670271,Lucknow,True,26.826245,80.946116,True
CMP00619,1,ACC691042,FAKE0006896,80900,2026-09-02 09:50:09.670282,Mumbai,False,,,
CMP00619,2,ACC298866,SYNTH0008848,75300,2026-09-02 10:47:09.670282,Pune,False,,,
CMP00619,3,ACC320550,DEMO0005736,71600,2026-09-02 11:16:09.670282,Hyderabad,False,,,
CMP00619,4,ACC687906,TEST0004933,71600,2026-09-02 11:51:09.670282,Bengaluru,True,12.971777,77.578092,False
CMP00620,1,ACC435377,SYNTH0001669,61700,2026-08-13 15:49:32.670294,Hyderabad,False,,,
CMP00620,2,ACC880931,TEST0008734,59700,2026-08-13 15:51:32.670294,Ahmedabad,False,,,
CMP00620,3,ACC551839,DEMO0006956,58300,2026-08-13 16:28:32.670294,Mumbai,False,,,
CMP00620,4,ACC201593,MOCK0003134,58300,2026-08-13 17:12:32.670294,Ahmedabad,True,23.018126,72.552506,True
CMP00621,1,ACC392056,MOCK0001262,27400,2026-08-31 15:27:05.670305,Bengaluru,False,,,
CMP00621,2,ACC600124,TEST0008001,26100,2026-08-31 15:33:05.670305,Pune,False,,,
CMP00621,3,ACC987546,DEMO0002537,26100,2026-08-31 15:41:05.670305,Bengaluru,True,12.988605,77.624413,True
CMP00622,1,ACC587339,FAKE0009021,79700,2026-08-17 08:37:53.670317,Jaipur,False,,,
CMP00622,2,ACC728441,TEST0007974,75100,2026-08-17 09:37:53.670317,Jaipur,False,,,
CMP00622,3,ACC669113,TEST0006847,72900,2026-08-17 10:22:53.670317,Delhi,False,,,
CMP00622,4,ACC440401,FAKE0002829,70700,2026-08-17 11:17:53.670317,Jaipur,False,,,
CMP00622,5,ACC874562,SYNTH0002377,68000,2026-08-17 12:04:53.670317,Ahmedabad,False,,,
CMP00622,6,ACC862091,DEMO0008063,68000,2026-08-17 13:14:53.670317,Jaipur,True,26.91461,75.824238,True
CMP00623,1,ACC287949,FAKE0004427,264700,2026-09-02 07:59:09.670328,Ahmedabad,False,,,
CMP00623,2,ACC563824,FAKE0007150,251500,2026-09-02 08:32:09.670328,Pune,False,,,
CMP00623,3,ACC324179,TEST0008660,247300,2026-09-02 09:07:09.670328,Jaipur,False,,,
CMP00623,4,ACC857786,MOCK0002309,236900,2026-09-02 10:23:09.670328,Ahmedabad,False,,,
CMP00623,5,ACC517186,TEST0007629,227300,2026-09-02 11:47:09.670328,Kolkata,False,,,
CMP00623,6,ACC446132,FAKE0004851,227300,2026-09-02 13:03:09.670328,Ahmedabad,True,23.04476,72.58578,True
CMP00624,1,ACC639926,SYNTH0001051,165900,2026-08-13 02:43:10.670339,Kolkata,False,,,
CMP00624,2,ACC117438,FAKE0006333,156900,2026-08-13 04:06:10.670339,Lucknow,False,,,
CMP00624,3,ACC736237,MOCK0002333,150000,2026-08-13 05:34:10.670339,Bengaluru,False,,,
CMP00624,4,ACC599250,FAKE0007305,138100,2026-08-13 06:20:10.670339,Bengaluru,False,,,
CMP00624,5,ACC645316,MOCK0001520,138100,2026-08-13 06:59:10.670339,Hyderabad,True,17.389234,78.451357,False
CMP00625,1,ACC169163,FAKE0006944,206100,2026-08-13 08:36:26.670350,Patna,False,,,
CMP00625,2,ACC936865,FAKE0002604,200800,2026-08-13 09:20:26.670350,Bengaluru,False,,,
CMP00625,3,ACC497024,FAKE0003879,185400,2026-08-13 10:10:26.670350,Hyderabad,False,,,
CMP00625,4,ACC717429,DEMO0002565,172900,2026-08-13 11:19:26.670350,Pune,False,,,
CMP00625,5,ACC699951,MOCK0005440,160700,2026-08-13 12:28:26.670350,Jaipur,False,,,
CMP00625,6,ACC150293,DEMO0003960,160700,2026-08-13 13:47:26.670350,Jaipur,True,26.89275,75.754019,True
CMP00626,1,ACC916373,SYNTH0001283,33800,2026-08-28 06:01:27.670361,Ahmedabad,False,,,
CMP00626,2,ACC201807,MOCK0004138,32100,2026-08-28 06:48:27.670361,Ahmedabad,False,,,
CMP00626,3,ACC552977,FAKE0009235,30800,2026-08-28 07:46:27.670361,Pune,False,,,
CMP00626,4,ACC785378,DEMO0003654,30200,2026-08-28 08:49:27.670361,Delhi,False,,,
CMP00626,5,ACC132747,SYNTH0008007,29700,2026-08-28 09:44:27.670361,Delhi,False,,,
CMP00626,6,ACC149917,TEST0005964,28900,2026-08-28 10:33:27.670361,Mumbai,False,,,
CMP00626,7,ACC724223,DEMO0008929,28900,2026-08-28 11:07:27.670361,Ahmedabad,True,23.039262,72.544604,False
CMP00627,1,ACC334903,TEST0005118,22100,2026-08-15 15:00:27.670372,Jaipur,False,,,
CMP00627,2,ACC265531,FAKE0009755,20400,2026-08-15 15:51:27.670372,Mumbai,False,,,
CMP00627,3,ACC642910,MOCK0006115,18900,2026-08-15 17:06:27.670372,Jaipur,False,,,
CMP00627,4,ACC831400,MOCK0008716,17500,2026-08-15 17:59:27.670372,Ahmedabad,False,,,
CMP00627,5,ACC454466,SYNTH0006481,16800,2026-08-15 18:34:27.670372,Delhi,False,,,
CMP00627,6,ACC673662,TEST0002021,16800,2026-08-15 18:43:27.670372,Jaipur,True,26.950612,75.799996,False
CMP00628,1,ACC620580,DEMO0009491,48100,2026-08-22 18:53:55.670383,Pune,False,,,
CMP00628,2,ACC482820,DEMO0009857,45000,2026-08-22 19:13:55.670383,Delhi,False,,,
CMP00628,3,ACC981517,SYNTH0006722,44000,2026-08-22 19:33:55.670383,Pune,False,,,
CMP00628,4,ACC512464,TEST0001243,41500,2026-08-22 20:16:55.670383,Mumbai,False,,,
CMP00628,5,ACC209996,DEMO0003463,41500,2026-08-22 21:00:55.670383,Kolkata,True,22.54534,88.399173,True
CMP00629,1,ACC244810,DEMO0003662,56400,2026-08-25 20:56:20.670394,Ahmedabad,False,,,
CMP00629,2,ACC677974,TEST0009792,55000,2026-08-25 20:58:20.670394,Delhi,False,,,
CMP00629,3,ACC241841,SYNTH0001969,51900,2026-08-25 21:16:20.670394,Pune,False,,,
CMP00629,4,ACC392284,TEST0004463,51900,2026-08-25 21:50:20.670394,Delhi,True,28.632027,77.221904,True
CMP00630,1,ACC109301,TEST0008867,133500,2026-08-16 03:42:40.670405,Kolkata,False,,,
CMP00630,2,ACC528459,FAKE0005529,131600,2026-08-16 05:05:40.670405,Hyderabad,False,,,
CMP00630,3,ACC561834,TEST0005252,128600,2026-08-16 06:25:40.670405,Mumbai,False,,,
CMP00630,4,ACC760957,MOCK0001812,125700,2026-08-16 07:30:40.670405,Kolkata,False,,,
CMP00630,5,ACC140372,MOCK0008214,125700,2026-08-16 08:01:40.670405,Kolkata,True,22.566383,88.404084,True
CMP00631,1,ACC600052,MOCK0009660,13900,2026-08-22 05:19:32.670416,Mumbai,False,,,
CMP00631,2,ACC322256,TEST0003033,13500,2026-08-22 05:38:32.670416,Mumbai,False,,,
CMP00631,3,ACC488563,FAKE0001778,13500,2026-08-22 05:46:32.670416,Mumbai,True,19.030922,72.838097,True
CMP00632,1,ACC946729,DEMO0006150,194200,2026-08-24 12:44:29.670427,Ahmedabad,False,,,
CMP00632,2,ACC843814,FAKE0009432,183500,2026-08-24 13:17:29.670427,Patna,False,,,
CMP00632,3,ACC490477,DEMO0008954,174000,2026-08-24 14:33:29.670427,Patna,False,,,
CMP00632,4,ACC722977,MOCK0005933,164300,2026-08-24 14:35:29.670427,Patna,False,,,
CMP00632,5,ACC708555,FAKE0005805,159800,2026-08-24 14:54:29.670427,Patna,False,,,
CMP00632,6,ACC923674,MOCK0008125,159800,2026-08-24 15:44:29.670427,Pune,True,18.470918,73.875398,False
CMP00633,1,ACC651380,DEMO0009096,46200,2026-08-11 01:33:40.670440,Pune,False,,,
CMP00633,2,ACC313013,TEST0005717,45100,2026-08-11 01:50:40.670440,Pune,False,,,
CMP00633,3,ACC552259,MOCK0004531,41900,2026-08-11 02:55:40.670440,Pune,False,,,
CMP00633,4,ACC538651,SYNTH0001471,41000,2026-08-11 03:33:40.670440,Hyderabad,False,,,
CMP00633,5,ACC747684,SYNTH0007056,39300,2026-08-11 04:12:40.670440,Hyderabad,False,,,
CMP00633,6,ACC189903,SYNTH0006296,39300,2026-08-11 05:28:40.670440,Kolkata,True,22.568849,88.367039,True
CMP00634,1,ACC542435,DEMO0007131,36400,2026-08-28 08:52:56.670453,Mumbai,False,,,
CMP00634,2,ACC140495,SYNTH0002914,35100,2026-08-28 09:15:56.670453,Mumbai,False,,,
CMP00634,3,ACC600890,DEMO0003920,34400,2026-08-28 09:58:56.670453,Patna,False,,,
CMP00634,4,ACC230950,TEST0004865,34400,2026-08-28 10:23:56.670453,Hyderabad,True,17.346156,78.507147,True
CMP00635,1,ACC917208,SYNTH0006313,22400,2026-08-26 12:59:29.670464,Pune,False,,,
CMP00635,2,ACC252199,SYNTH0003502,21800,2026-08-26 13:57:29.670464,Bengaluru,False,,,
CMP00635,3,ACC117707,MOCK0005784,20600,2026-08-26 14:17:29.670464,Ahmedabad,False,,,
CMP00635,4,ACC687426,MOCK0003527,19000,2026-08-26 14:51:29.670464,Jaipur,False,,,
CMP00635,5,ACC287315,TEST0007635,17800,2026-08-26 16:18:29.670464,Bengaluru,False,,,
CMP00635,6,ACC960936,TEST0004458,16500,2026-08-26 16:27:29.670464,Patna,False,,,
CMP00635,7,ACC354010,DEMO0005008,16500,2026-08-26 17:16:29.670464,Lucknow,True,26.840087,80.896103,False
CMP00636,1,ACC654943,MOCK0005358,14300,2026-08-19 10:34:14.670475,Mumbai,False,,,
CMP00636,2,ACC915197,TEST0003344,14000,2026-08-19 10:44:14.670475,Mumbai,False,,,
CMP00636,3,ACC596759,FAKE0006361,14000,2026-08-19 11:32:14.670475,Delhi,True,28.611909,77.220309,True
CMP00637,1,ACC324319,MOCK0005162,106700,2026-08-08 05:29:27.670487,Ahmedabad,False,,,
CMP00637,2,ACC516379,FAKE0005660,105600,2026-08-08 06:17:27.670487,Kolkata,False,,,
CMP00637,3,ACC241647,TEST0001107,97200,2026-08-08 07:35:27.670487,Mumbai,False,,,
CMP00637,4,ACC997287,TEST0009376,94100,2026-08-08 08:15:27.670487,Pune,False,,,
CMP00637,5,ACC198867,TEST0003557,92900,2026-08-08 09:28:27.670487,Hyderabad,False,,,
CMP00637,6,ACC710434,TEST0005920,90300,2026-08-08 09:47:27.670487,Mumbai,False,,,
CMP00637,7,ACC869933,TEST0008905,90300,2026-08-08 10:00:27.670487,Pune,True,18.495359,73.849672,True
CMP00638,1,ACC897460,MOCK0002189,57600,2026-08-20 08:23:33.670497,Bengaluru,False,,,
CMP00638,2,ACC757395,TEST0004692,54000,2026-08-20 09:37:33.670497,Pune,False,,,
CMP00638,3,ACC888918,TEST0007465,51800,2026-08-20 10:12:33.670497,Pune,False,,,
CMP00638,4,ACC861785,DEMO0008369,47900,2026-08-20 10:17:33.670497,Pune,False,,,
CMP00638,5,ACC884972,DEMO0009348,44400,2026-08-20 11:36:33.670497,Hyderabad,False,,,
CMP00638,6,ACC353063,TEST0009145,42100,2026-08-20 12:30:33.670497,Bengaluru,False,,,
CMP00638,7,ACC132415,MOCK0002390,42100,2026-08-20 12:41:33.670497,Pune,True,18.508785,73.861729,True
CMP00639,1,ACC667759,MOCK0001205,17700,2026-08-17 09:18:54.670508,Lucknow,False,,,
CMP00639,2,ACC463191,SYNTH0008568,16500,2026-08-17 10:03:54.670508,Bengaluru,False,,,
CMP00639,3,ACC831618,DEMO0005189,16100,2026-08-17 11:08:54.670508,Bengaluru,False,,,
CMP00639,4,ACC993692,FAKE0008971,15300,2026-08-17 12:01:54.670508,Bengaluru,False,,,
CMP00639,5,ACC317633,MOCK0007048,14300,2026-08-17 13:14:54.670508,Mumbai,False,,,
CMP00639,6,ACC430655,DEMO0001484,14300,2026-08-17 13:54:54.670508,Bengaluru,True,13.009436,77.61037,True
CMP00640,1,ACC675014,TEST0009388,17500,2026-08-29 00:20:11.670519,Pune,False,,,
CMP00640,2,ACC524361,DEMO0008364,17000,2026-08-29 00:50:11.670519,Pune,False,,,
CMP00640,3,ACC343844,MOCK0001204,16000,2026-08-29 00:53:11.670519,Mumbai,False,,,
CMP00640,4,ACC302376,DEMO0001379,15300,2026-08-29 02:14:11.670519,Lucknow,False,,,
CMP00640,5,ACC239712,SYNTH0001647,14800,2026-08-29 02:39:11.670519,Patna,False,,,
CMP00640,6,ACC988544,SYNTH0002392,14800,2026-08-29 03:14:11.670519,Hyderabad,True,17.389334,78.492799,True
CMP00641,1,ACC354832,FAKE0002614,40500,2026-08-23 10:57:59.670530,Ahmedabad,False,,,
CMP00641,2,ACC864624,FAKE0009978,37900,2026-08-23 11:16:59.670530,Patna,False,,,
CMP00641,3,ACC146625,MOCK0009010,36800,2026-08-23 11:42:59.670530,Bengaluru,False,,,
CMP00641,4,ACC643816,MOCK0008182,35100,2026-08-23 13:01:59.670530,Kolkata,False,,,
CMP00641,5,ACC799764,SYNTH0004879,33500,2026-08-23 13:47:59.670530,Lucknow,False,,,
CMP00641,6,ACC937489,FAKE0004309,33500,2026-08-23 15:10:59.670530,Delhi,True,28.639714,77.237168,False
CMP00642,1,ACC692332,FAKE0005651,218100,2026-08-17 10:26:33.670541,Lucknow,False,,,
CMP00642,2,ACC493514,SYNTH0007200,201900,2026-08-17 11:39:33.670541,Pune,False,,,
CMP00642,3,ACC201690,SYNTH0002812,201900,2026-08-17 12:58:33.670541,Bengaluru,True,12.945995,77.640952,True
CMP00643,1,ACC847960,SYNTH0003156,43200,2026-08-17 00:34:17.670552,Ahmedabad,False,,,
CMP00643,2,ACC986888,DEMO0002021,43200,2026-08-17 00:46:17.670552,Ahmedabad,True,22.987041,72.52738,True
CMP00644,1,ACC392779,DEMO0002435,14200,2026-08-28 15:25:23.670563,Kolkata,False,,,
CMP00644,2,ACC497305,MOCK0007512,13100,2026-08-28 16:28:23.670563,Kolkata,False,,,
CMP00644,3,ACC335388,DEMO0003237,12800,2026-08-28 17:45:23.670563,Pune,False,,,
CMP00644,4,ACC494338,DEMO0005292,12100,2026-08-28 19:02:23.670563,Pune,False,,,
CMP00644,5,ACC716082,FAKE0001605,11500,2026-08-28 19:47:23.670563,Kolkata,False,,,
CMP00644,6,ACC724508,DEMO0004733,10900,2026-08-28 20:03:23.670563,Kolkata,False,,,
CMP00644,7,ACC345317,TEST0003682,10900,2026-08-28 21:18:23.670563,Kolkata,True,22.573623,88.338845,False
CMP00645,1,ACC162715,DEMO0003735,43700,2026-08-31 18:05:55.670574,Delhi,False,,,
CMP00645,2,ACC914817,TEST0001671,41700,2026-08-31 19:20:55.670574,Delhi,False,,,
CMP00645,3,ACC503763,SYNTH0006952,41200,2026-08-31 20:20:55.670574,Ahmedabad,False,,,
CMP00645,4,ACC134882,FAKE0004733,41200,2026-08-31 21:14:55.670574,Patna,True,25.581496,85.135562,True
CMP00646,1,ACC146852,MOCK0006074,41900,2026-08-11 17:04:56.670585,Lucknow,False,,,
CMP00646,2,ACC919304,MOCK0003175,41900,2026-08-11 18:18:56.670585,Jaipur,True,26.887685,75.75971,True
CMP00647,1,ACC117062,FAKE0007800,14800,2026-08-15 00:39:34.670596,Lucknow,False,,,
CMP00647,2,ACC890303,FAKE0006131,14300,2026-08-15 01:19:34.670596,Lucknow,False,,,
CMP00647,3,ACC412941,DEMO0009082,13500,2026-08-15 02:24:34.670596,Patna,False,,,
CMP00647,4,ACC984028,MOCK0002683,13000,2026-08-15 03:48:34.670596,Mumbai,False,,,
CMP00647,5,ACC965553,FAKE0006289,12900,2026-08-15 03:53:34.670596,Lucknow,False,,,
CMP00647,6,ACC278458,TEST0009807,12900,2026-08-15 05:23:34.670596,Hyderabad,True,17.421779,78.481467,True
CMP00648,1,ACC452908,FAKE0003734,49900,2026-08-28 19:45:04.670606,Mumbai,False,,,
CMP00648,2,ACC705125,TEST0003421,49200,2026-08-28 20:00:04.670606,Mumbai,False,,,
CMP00648,3,ACC713627,TEST0002465,48000,2026-08-28 21:13:04.670606,Patna,False,,,
CMP00648,4,ACC880679,FAKE0008613,45800,2026-08-28 22:35:04.670606,Lucknow,False,,,
CMP00648,5,ACC304638,DEMO0001327,44900,2026-08-28 22:38:04.670606,Lucknow,False,,,
CMP00648,6,ACC352844,FAKE0001170,44900,2026-08-28 22:55:04.670606,Mumbai,True,19.075518,72.871128,False
CMP00649,1,ACC860448,SYNTH0001420,42100,2026-08-13 01:20:33.670617,Patna,False,,,
CMP00649,2,ACC656405,SYNTH0007036,42100,2026-08-13 02:39:33.670617,Mumbai,True,19.089469,72.854683,True
CMP00650,1,ACC594258,TEST0006296,98300,2026-08-18 04:22:43.670628,Lucknow,False,,,
CMP00650,2,ACC361093,FAKE0003096,96100,2026-08-18 04:29:43.670628,Kolkata,False,,,
CMP00650,3,ACC828833,FAKE0002002,92000,2026-08-18 05:37:43.670628,Kolkata,False,,,
CMP00650,4,ACC489759,SYNTH0007868,87100,2026-08-18 06:55:43.670628,Pune,False,,,
CMP00650,5,ACC643791,SYNTH0006981,80300,2026-08-18 07:19:43.670628,Kolkata,False,,,
CMP00650,6,ACC621724,DEMO0007114,78300,2026-08-18 07:35:43.670628,Delhi,False,,,
CMP00650,7,ACC921316,FAKE0008708,78300,2026-08-18 08:10:43.670628,Delhi,True,28.63674,77.188921,True
CMP00651,1,ACC668458,DEMO0001621,256400,2026-08-06 09:10:49.670639,Patna,False,,,
CMP00651,2,ACC730889,MOCK0008831,249900,2026-08-06 09:23:49.670639,Kolkata,False,,,
CMP00651,3,ACC743966,SYNTH0006582,243900,2026-08-06 09:25:49.670639,Kolkata,False,,,
CMP00651,4,ACC162448,MOCK0003320,241100,2026-08-06 09:49:49.670639,Jaipur,False,,,
CMP00651,5,ACC176054,DEMO0002655,232400,2026-08-06 10:05:49.670639,Jaipur,False,,,
CMP00651,6,ACC243079,DEMO0008982,232400,2026-08-06 10:50:49.670639,Kolkata,True,22.55966,88.369495,False
CMP00652,1,ACC121722,FAKE0001716,140800,2026-08-13 21:45:50.670650,Bengaluru,False,,,
CMP00652,2,ACC187656,MOCK0001221,136800,2026-08-13 22:03:50.670650,Bengaluru,False,,,
CMP00652,3,ACC668716,TEST0002392,128400,2026-08-13 22:06:50.670650,Mumbai,False,,,
CMP00652,4,ACC896573,DEMO0003672,122100,2026-08-13 22:33:50.670650,Bengaluru,False,,,
CMP00652,5,ACC262018,MOCK0005382,118800,2026-08-13 23:14:50.670650,Bengaluru,False,,,
CMP00652,6,ACC964996,MOCK0005861,118800,2026-08-14 00:36:50.670650,Delhi,True,28.614159,77.176204,True
CMP00653,1,ACC439035,SYNTH0006484,41400,2026-08-28 21:09:33.670661,Kolkata,False,,,
CMP00653,2,ACC529491,FAKE0007116,41400,2026-08-28 22:19:33.670661,Jaipur,True,26.929222,75.802095,False
CMP00654,1,ACC270651,MOCK0006429,21200,2026-08-20 04:13:12.670671,Bengaluru,False,,,
CMP00654,2,ACC262315,FAKE0004262,19600,2026-08-20 05:09:12.670671,Bengaluru,False,,,
CMP00654,3,ACC506117,SYNTH0007172,19600,2026-08-20 06:12:12.670671,Delhi,True,28.638858,77.198209,False
CMP00655,1,ACC488438,DEMO0006135,468100,2026-08-19 06:20:25.670683,Kolkata,False,,,
CMP00655,2,ACC339192,FAKE0006781,444200,2026-08-19 07:31:25.670683,Pune,False,,,
CMP00655,3,ACC440124,DEMO0008596,411000,2026-08-19 08:25:25.670683,Kolkata,False,,,
CMP00655,4,ACC873701,DEMO0001401,385300,2026-08-19 09:26:25.670683,Hyderabad,False,,,
CMP00655,5,ACC762902,TEST0001228,377400,2026-08-19 09:45:25.670683,Patna,False,,,
CMP00655,6,ACC258375,SYNTH0004555,358000,2026-08-19 10:42:25.670683,Hyderabad,False,,,
CMP00655,7,ACC595230,TEST0004240,358000,2026-08-19 10:56:25.670683,Bengaluru,True,12.963231,77.584509,True
CMP00656,1,ACC681409,DEMO0004129,57100,2026-08-09 17:39:27.670694,Bengaluru,False,,,
CMP00656,2,ACC761249,DEMO0002390,53800,2026-08-09 18:19:27.670694,Mumbai,False,,,
CMP00656,3,ACC298667,SYNTH0001415,52700,2026-08-09 19:41:27.670694,Jaipur,False,,,
CMP00656,4,ACC507652,MOCK0006041,51900,2026-08-09 20:58:27.670694,Jaipur,False,,,
CMP00656,5,ACC117215,FAKE0006533,51900,2026-08-09 22:03:27.670694,Kolkata,True,22.540233,88.392921,True
CMP00657,1,ACC569226,MOCK0005861,54900,2026-08-22 17:52:28.670706,Mumbai,False,,,
CMP00657,2,ACC151573,SYNTH0006292,51600,2026-08-22 18:33:28.670706,Mumbai,False,,,
CMP00657,3,ACC514804,FAKE0002548,50000,2026-08-22 18:41:28.670706,Mumbai,False,,,
CMP00657,4,ACC155469,SYNTH0005098,48700,2026-08-22 19:38:28.670706,Mumbai,False,,,
CMP00657,5,ACC660130,SYNTH0008589,48700,2026-08-22 19:53:28.670706,Mumbai,True,19.070379,72.86145,True
CMP00658,1,ACC154582,FAKE0001065,52800,2026-08-21 14:32:31.670717,Kolkata,False,,,
CMP00658,2,ACC592016,DEMO0009879,49300,2026-08-21 14:47:31.670717,Delhi,False,,,
CMP00658,3,ACC719555,SYNTH0002343,45600,2026-08-21 15:02:31.670717,Kolkata,False,,,
CMP00658,4,ACC779986,FAKE0001275,42200,2026-08-21 15:46:31.670717,Kolkata,False,,,
CMP00658,5,ACC842561,MOCK0004909,41400,2026-08-21 16:48:31.670717,Kolkata,False,,,
CMP00658,6,ACC648379,MOCK0004072,38500,2026-08-21 17:42:31.670717,Kolkata,False,,,
CMP00658,7,ACC550597,DEMO0004153,38500,2026-08-21 18:47:31.670717,Delhi,True,28.597548,77.163234,True
CMP00659,1,ACC772985,MOCK0001554,60100,2026-08-05 02:53:24.670728,Ahmedabad,False,,,
CMP00659,2,ACC901467,SYNTH0004791,59500,2026-08-05 03:04:24.670728,Delhi,False,,,
CMP00659,3,ACC329344,TEST0001990,59500,2026-08-05 03:14:24.670728,Delhi,True,28.650074,77.213914,True
CMP00660,1,ACC576719,TEST0009017,47700,2026-08-10 12:38:38.670738,Mumbai,False,,,
CMP00660,2,ACC241147,FAKE0002117,47100,2026-08-10 13:43:38.670738,Mumbai,False,,,
CMP00660,3,ACC501219,TEST0003502,44600,2026-08-10 14:48:38.670738,Hyderabad,False,,,
CMP00660,4,ACC897097,MOCK0009064,43900,2026-08-10 15:28:38.670738,Bengaluru,False,,,
CMP00660,5,ACC794255,MOCK0005287,41900,2026-08-10 16:29:38.670738,Mumbai,False,,,
CMP00660,6,ACC666785,FAKE0008051,41900,2026-08-10 17:40:38.670738,Mumbai,True,19.103638,72.907376,True
CMP00661,1,ACC783238,FAKE0001145,32500,2026-08-06 17:33:55.670751,Pune,False,,,
CMP00661,2,ACC730343,SYNTH0005135,30400,2026-08-06 18:35:55.670751,Bengaluru,False,,,
CMP00661,3,ACC847362,TEST0007943,28000,2026-08-06 19:54:55.670751,Pune,False,,,
CMP00661,4,ACC364239,TEST0009530,27300,2026-08-06 20:44:55.670751,Patna,False,,,
CMP00661,5,ACC207282,TEST0005631,27000,2026-08-06 22:05:55.670751,Ahmedabad,False,,,
CMP00661,6,ACC166938,TEST0006327,26100,2026-08-06 22:45:55.670751,Patna,False,,,
CMP00661,7,ACC845635,TEST0004086,26100,2026-08-06 23:22:55.670751,Ahmedabad,True,23.057054,72.587618,False
CMP00662,1,ACC909859,MOCK0003469,32600,2026-08-05 13:20:46.670762,Bengaluru,False,,,
CMP00662,2,ACC209627,FAKE0002901,31600,2026-08-05 14:06:46.670762,Kolkata,False,,,
CMP00662,3,ACC459731,SYNTH0009537,30300,2026-08-05 14:26:46.670762,Bengaluru,False,,,
CMP00662,4,ACC202365,DEMO0006225,29100,2026-08-05 15:29:46.670762,Bengaluru,False,,,
CMP00662,5,ACC949541,FAKE0006620,29100,2026-08-05 15:39:46.670762,Bengaluru,True,12.937989,77.571634,False
CMP00663,1,ACC657656,SYNTH0004222,50400,2026-09-01 22:37:21.670773,Delhi,False,,,
CMP00663,2,ACC166609,FAKE0006553,48900,2026-09-01 22:49:21.670773,Ahmedabad,False,,,
CMP00663,3,ACC931177,DEMO0007687,46700,2026-09-01 23:22:21.670773,Lucknow,False,,,
CMP00663,4,ACC360253,MOCK0007159,46700,2026-09-01 23:40:21.670773,Bengaluru,True,12.957642,77.567096,True
CMP00664,1,ACC596876,SYNTH0001045,32800,2026-09-01 16:54:02.670784,Bengaluru,False,,,
CMP00664,2,ACC205386,DEMO0006459,30300,2026-09-01 17:53:02.670784,Patna,False,,,
CMP00664,3,ACC901616,TEST0001110,28600,2026-09-01 18:56:02.670784,Mumbai,False,,,
CMP00664,4,ACC422283,FAKE0003676,27300,2026-09-01 19:37:02.670784,Mumbai,False,,,
CMP00664,5,ACC176066,DEMO0006173,25800,2026-09-01 20:19:02.670784,Mumbai,False,,,
CMP00664,6,ACC154347,DEMO0004218,25800,2026-09-01 21:12:02.670784,Mumbai,True,19.125892,72.955448,True
CMP00665,1,ACC793182,MOCK0007324,29200,2026-08-24 16:57:28.670798,Ahmedabad,False,,,
CMP00665,2,ACC714807,SYNTH0001998,27800,2026-08-24 18:18:28.670798,Patna,False,,,
CMP00665,3,ACC604617,SYNTH0008853,26400,2026-08-24 18:59:28.670798,Lucknow,False,,,
CMP00665,4,ACC571244,TEST0007174,24900,2026-08-24 19:14:28.670798,Pune,False,,,
CMP00665,5,ACC193891,MOCK0009854,23100,2026-08-24 19:45:28.670798,Pune,False,,,
CMP00665,6,ACC238622,MOCK0004709,23100,2026-08-24 20:35:28.670798,Bengaluru,True,12.998745,77.59705,False
CMP00666,1,ACC822196,FAKE0007935,55400,2026-09-02 11:31:54.670809,Lucknow,False,,,
CMP00666,2,ACC898118,MOCK0005569,55400,2026-09-02 12:51:54.670809,Lucknow,True,26.859,80.933049,False
CMP00667,1,ACC732984,TEST0006792,42100,2026-08-20 20:35:32.670820,Kolkata,False,,,
CMP00667,2,ACC680607,SYNTH0003815,40000,2026-08-20 21:07:32.670820,Kolkata,False,,,
CMP00667,3,ACC746233,SYNTH0002493,40000,2026-08-20 21:58:32.670820,Kolkata,True,22.547592,88.346956,True
CMP00668,1,ACC987729,FAKE0005644,193500,2026-08-23 01:36:50.670831,Patna,False,,,
CMP00668,2,ACC471048,DEMO0009670,193500,2026-08-23 01:49:50.670831,Patna,True,25.580382,85.139921,True
CMP00669,1,ACC502692,MOCK0002167,14300,2026-08-12 22:04:01.670842,Lucknow,False,,,
CMP00669,2,ACC503519,SYNTH0004182,13200,2026-08-12 22:58:01.670842,Mumbai,False,,,
CMP00669,3,ACC634363,TEST0001945,12400,2026-08-12 23:55:01.670842,Lucknow,False,,,
CMP00669,4,ACC544638,SYNTH0008827,11600,2026-08-13 01:20:01.670842,Pune,False,,,
CMP00669,5,ACC761601,FAKE0003422,11600,2026-08-13 01:26:01.670842,Lucknow,True,26.796857,80.955551,False
CMP00670,1,ACC412837,TEST0007497,135900,2026-08-27 05:58:25.670852,Ahmedabad,False,,,
CMP00670,2,ACC175999,MOCK0007078,135900,2026-08-27 06:49:25.670852,Delhi,True,28.59334,77.237026,True
CMP00671,1,ACC166595,DEMO0008755,154000,2026-08-11 10:37:26.670863,Lucknow,False,,,
CMP00671,2,ACC570103,FAKE0003643,144900,2026-08-11 10:53:26.670863,Jaipur,False,,,
CMP00671,3,ACC460550,MOCK0004599,139000,2026-08-11 11:31:26.670863,Kolkata,False,,,
CMP00671,4,ACC731347,DEMO0003148,129300,2026-08-11 12:48:26.670863,Jaipur,False,,,
CMP00671,5,ACC537110,TEST0008738,129300,2026-08-11 13:27:26.670863,Patna,True,25.559361,85.096465,False
CMP00672,1,ACC875584,SYNTH0004372,14200,2026-08-18 10:05:51.670874,Hyderabad,False,,,
CMP00672,2,ACC388851,FAKE0002921,13300,2026-08-18 11:03:51.670874,Hyderabad,False,,,
CMP00672,3,ACC207596,MOCK0008718,13300,2026-08-18 12:11:51.670874,Hyderabad,True,17.404857,78.455343,False
CMP00673,1,ACC266786,TEST0004725,40400,2026-08-19 17:35:56.670884,Kolkata,False,,,
CMP00673,2,ACC816724,FAKE0004694,38400,2026-08-19 18:07:56.670884,Bengaluru,False,,,
CMP00673,3,ACC329639,SYNTH0003255,36000,2026-08-19 19:10:56.670884,Bengaluru,False,,,
CMP00673,4,ACC506349,DEMO0001315,33700,2026-08-19 20:16:56.670884,Bengaluru,False,,,
CMP00673,5,ACC124655,DEMO0002113,31800,2026-08-19 21:23:56.670884,Kolkata,False,,,
CMP00673,6,ACC137754,MOCK0009052,31800,2026-08-19 21:30:56.670884,Bengaluru,True,12.97646,77.585771,True
CMP00674,1,ACC912002,MOCK0002179,38600,2026-08-15 13:20:44.670897,Lucknow,False,,,
CMP00674,2,ACC865436,MOCK0009129,38600,2026-08-15 14:05:44.670897,Jaipur,True,26.896312,75.810496,False
CMP00675,1,ACC341238,TEST0004731,15500,2026-08-09 22:01:19.670908,Lucknow,False,,,
CMP00675,2,ACC532637,DEMO0004615,14400,2026-08-09 22:15:19.670908,Jaipur,False,,,
CMP00675,3,ACC156978,SYNTH0004541,13400,2026-08-09 22:26:19.670908,Kolkata,False,,,
CMP00675,4,ACC491627,SYNTH0006875,13100,2026-08-09 23:46:19.670908,Patna,False,,,
CMP00675,5,ACC233391,MOCK0001977,13100,2026-08-10 00:22:19.670908,Jaipur,True,26.949919,75.808556,True
CMP00676,1,ACC921752,TEST0008941,27600,2026-08-19 11:07:13.670918,Hyderabad,False,,,
CMP00676,2,ACC309776,SYNTH0002972,25700,2026-08-19 11:49:13.670918,Ahmedabad,False,,,
CMP00676,3,ACC648931,TEST0005066,24000,2026-08-19 12:28:13.670918,Pune,False,,,
CMP00676,4,ACC958350,TEST0005276,24000,2026-08-19 13:18:13.670918,Mumbai,True,19.04944,72.888408,False
CMP00677,1,ACC687429,SYNTH0009034,20400,2026-08-28 22:55:08.670929,Patna,False,,,
CMP00677,2,ACC249642,SYNTH0007917,20400,2026-08-28 23:24:08.670929,Patna,True,25.585249,85.12326,True
CMP00678,1,ACC196118,SYNTH0004854,235400,2026-08-22 20:49:15.670940,Kolkata,False,,,
CMP00678,2,ACC509464,MOCK0004059,225200,2026-08-22 22:00:15.670940,Patna,False,,,
CMP00678,3,ACC388253,FAKE0002040,217000,2026-08-22 22:05:15.670940,Kolkata,False,,,
CMP00678,4,ACC618938,DEMO0007299,205600,2026-08-22 23:27:15.670940,Kolkata,False,,,
CMP00678,5,ACC753935,DEMO0009287,205600,2026-08-23 00:38:15.670940,Patna,True,25.611805,85.14343,True
CMP00679,1,ACC273838,MOCK0003110,112400,2026-09-01 11:45:29.670951,Mumbai,False,,,
CMP00679,2,ACC517495,DEMO0007687,110700,2026-09-01 11:48:29.670951,Mumbai,False,,,
CMP00679,3,ACC461499,MOCK0003528,106700,2026-09-01 12:12:29.670951,Mumbai,False,,,
CMP00679,4,ACC359992,MOCK0008822,104000,2026-09-01 13:29:29.670951,Ahmedabad,False,,,
CMP00679,5,ACC844610,MOCK0004068,99400,2026-09-01 14:22:29.670951,Kolkata,False,,,
CMP00679,6,ACC112957,SYNTH0005174,99400,2026-09-01 15:11:29.670951,Patna,True,25.610361,85.100023,True
CMP00680,1,ACC619696,TEST0007244,159900,2026-08-05 02:04:02.670962,Lucknow,False,,,
CMP00680,2,ACC536548,TEST0007167,153700,2026-08-05 03:13:02.670962,Lucknow,False,,,
CMP00680,3,ACC352673,TEST0003365,143000,2026-08-05 03:38:02.670962,Kolkata,False,,,
CMP00680,4,ACC532723,MOCK0009683,131900,2026-08-05 04:39:02.670962,Ahmedabad,False,,,
CMP00680,5,ACC367382,FAKE0008369,128700,2026-08-05 04:58:02.670962,Lucknow,False,,,
CMP00680,6,ACC859782,FAKE0005398,119900,2026-08-05 05:47:02.670962,Lucknow,False,,,
CMP00680,7,ACC176319,MOCK0004555,119900,2026-08-05 06:37:02.670962,Delhi,True,28.619453,77.197031,True
CMP00681,1,ACC395376,DEMO0005063,97600,2026-08-27 04:22:14.670974,Hyderabad,False,,,
CMP00681,2,ACC406351,TEST0005217,91500,2026-08-27 05:02:14.670974,Jaipur,False,,,
CMP00681,3,ACC741714,MOCK0005007,89800,2026-08-27 05:13:14.670974,Jaipur,False,,,
CMP00681,4,ACC839966,TEST0005518,83000,2026-08-27 06:32:14.670974,Hyderabad,False,,,
CMP00681,5,ACC702847,DEMO0005322,77100,2026-08-27 07:48:14.670974,Pune,False,,,
CMP00681,6,ACC279660,FAKE0006377,77100,2026-08-27 07:52:14.670974,Ahmedabad,True,23.03231,72.558676,True
CMP00682,1,ACC636565,SYNTH0009137,20800,2026-08-19 18:27:41.670985,Delhi,False,,,
CMP00682,2,ACC258932,SYNTH0004850,20400,2026-08-19 18:37:41.670985,Bengaluru,False,,,
CMP00682,3,ACC454584,TEST0002139,20100,2026-08-19 18:50:41.670985,Jaipur,False,,,
CMP00682,4,ACC165169,DEMO0003539,20100,2026-08-19 19:55:41.670985,Ahmedabad,True,23.036991,72.579545,True
CMP00683,1,ACC755520,FAKE0008014,34000,2026-08-10 18:18:45.670996,Bengaluru,False,,,
CMP00683,2,ACC468332,SYNTH0005056,33500,2026-08-10 19:04:45.670996,Patna,False,,,
CMP00683,3,ACC821411,TEST0002875,33000,2026-08-10 19:36:45.670996,Mumbai,False,,,
CMP00683,4,ACC664570,DEMO0007921,31900,2026-08-10 20:21:45.670996,Bengaluru,False,,,
CMP00683,5,ACC379570,DEMO0001364,31500,2026-08-10 21:35:45.670996,Patna,False,,,
CMP00683,6,ACC509260,FAKE0009001,30500,2026-08-10 22:17:45.670996,Bengaluru,False,,,
CMP00683,7,ACC452287,TEST0003730,30500,2026-08-10 22:31:45.670996,Pune,True,18.527966,73.837843,True
CMP00684,1,ACC696487,MOCK0009837,78600,2026-08-10 17:19:13.671007,Mumbai,False,,,
CMP00684,2,ACC995852,FAKE0007412,77000,2026-08-10 18:34:13.671007,Ahmedabad,False,,,
CMP00684,3,ACC746908,TEST0006250,72600,2026-08-10 19:09:13.671007,Lucknow,False,,,
CMP00684,4,ACC147310,TEST0006715,72600,2026-08-10 19:18:13.671007,Patna,True,25.634936,85.108941,True
CMP00685,1,ACC831411,SYNTH0005184,19200,2026-09-02 19:41:54.671018,Patna,False,,,
CMP00685,2,ACC420809,MOCK0009789,18400,2026-09-02 20:56:54.671018,Lucknow,False,,,
CMP00685,3,ACC889617,MOCK0008018,17300,2026-09-02 21:32:54.671018,Patna,False,,,
CMP00685,4,ACC382422,DEMO0004158,16400,2026-09-02 23:01:54.671018,Patna,False,,,
CMP00685,5,ACC997912,DEMO0003525,16400,2026-09-03 00:29:54.671018,Delhi,True,28.604668,77.212585,True
CMP00686,1,ACC182423,FAKE0002273,96800,2026-08-10 08:58:55.671028,Lucknow,False,,,
CMP00686,2,ACC144582,FAKE0009412,94500,2026-08-10 09:02:55.671028,Patna,False,,,
CMP00686,3,ACC224698,FAKE0002085,87500,2026-08-10 10:19:55.671028,Lucknow,False,,,
CMP00686,4,ACC920375,MOCK0004365,87500,2026-08-10 10:59:55.671028,Mumbai,True,19.071233,72.883136,True
CMP00687,1,ACC757027,TEST0009944,43200,2026-08-24 11:37:21.671039,Patna,False,,,
CMP00687,2,ACC747397,SYNTH0007485,40300,2026-08-24 12:33:21.671039,Ahmedabad,False,,,
CMP00687,3,ACC631337,TEST0002479,40300,2026-08-24 13:54:21.671039,Jaipur,True,26.892705,75.771779,True
CMP00688,1,ACC946703,MOCK0005047,38900,2026-09-01 13:16:35.671050,Jaipur,False,,,
CMP00688,2,ACC732419,SYNTH0002386,37100,2026-09-01 13:30:35.671050,Jaipur,False,,,
CMP00688,3,ACC110321,FAKE0005744,36700,2026-09-01 13:51:35.671050,Patna,False,,,
CMP00688,4,ACC790198,DEMO0003405,34500,2026-09-01 14:31:35.671050,Jaipur,False,,,
CMP00688,5,ACC930901,SYNTH0001553,33400,2026-09-01 15:51:35.671050,Mumbai,False,,,
CMP00688,6,ACC328303,FAKE0004344,33400,2026-09-01 16:29:35.671050,Mumbai,True,19.102299,72.852748,True
CMP00689,1,ACC647312,MOCK0009605,95000,2026-08-10 22:13:26.671060,Mumbai,False,,,
CMP00689,2,ACC349641,TEST0006395,95000,2026-08-10 22:47:26.671060,Mumbai,True,19.069896,72.901802,True
CMP00690,1,ACC953939,TEST0009629,75200,2026-08-21 01:13:47.671071,Ahmedabad,False,,,
CMP00690,2,ACC815759,MOCK0005018,73000,2026-08-21 01:34:47.671071,Ahmedabad,False,,,
CMP00690,3,ACC606877,MOCK0005924,70900,2026-08-21 02:04:47.671071,Lucknow,False,,,
CMP00690,4,ACC153777,TEST0005221,65500,2026-08-21 03:09:47.671071,Lucknow,False,,,
CMP00690,5,ACC334488,SYNTH0005075,65500,2026-08-21 03:24:47.671071,Ahmedabad,True,23.035328,72.564911,False
CMP00691,1,ACC786913,SYNTH0008205,39600,2026-08-29 16:26:27.671084,Jaipur,False,,,
CMP00691,2,ACC501415,FAKE0002754,36900,2026-08-29 17:21:27.671084,Jaipur,False,,,
CMP00691,3,ACC348090,DEMO0004358,36500,2026-08-29 18:42:27.671084,Delhi,False,,,
CMP00691,4,ACC372077,MOCK0007911,35500,2026-08-29 19:23:27.671084,Hyderabad,False,,,
CMP00691,5,ACC660734,TEST0002663,35500,2026-08-29 19:35:27.671084,Patna,True,25.589349,85.128664,True
CMP00692,1,ACC775312,SYNTH0001642,142500,2026-08-22 01:55:03.671096,Bengaluru,False,,,
CMP00692,2,ACC187939,MOCK0009272,131900,2026-08-22 02:49:03.671096,Mumbai,False,,,
CMP00692,3,ACC508253,MOCK0007671,129700,2026-08-22 03:54:03.671096,Lucknow,False,,,
CMP00692,4,ACC108789,SYNTH0004419,128300,2026-08-22 05:06:03.671096,Ahmedabad,False,,,
CMP00692,5,ACC714560,DEMO0002835,128300,2026-08-22 05:11:03.671096,Delhi,True,28.61923,77.190201,True
CMP00693,1,ACC773003,SYNTH0001601,20900,2026-08-17 04:01:10.671107,Lucknow,False,,,
CMP00693,2,ACC664080,DEMO0006683,19900,2026-08-17 05:17:10.671107,Lucknow,False,,,
CMP00693,3,ACC317523,MOCK0005406,19200,2026-08-17 06:41:10.671107,Pune,False,,,
CMP00693,4,ACC370756,TEST0001515,18700,2026-08-17 06:54:10.671107,Hyderabad,False,,,
CMP00693,5,ACC598293,MOCK0006291,18300,2026-08-17 07:10:10.671107,Bengaluru,False,,,
CMP00693,6,ACC438031,TEST0001129,18300,2026-08-17 07:59:10.671107,Delhi,True,28.652453,77.259152,False
CMP00694,1,ACC981223,MOCK0009958,86200,2026-09-01 10:50:52.671117,Pune,False,,,
CMP00694,2,ACC851671,DEMO0005075,81900,2026-09-01 11:10:52.671117,Lucknow,False,,,
CMP00694,3,ACC846900,SYNTH0004237,81900,2026-09-01 12:18:52.671117,Lucknow,True,26.825939,80.959263,True
CMP00695,1,ACC386270,DEMO0001637,83900,2026-08-25 11:41:39.671128,Lucknow,False,,,
CMP00695,2,ACC716862,TEST0005908,79800,2026-08-25 12:37:39.671128,Kolkata,False,,,
CMP00695,3,ACC418389,TEST0004733,79800,2026-08-25 13:48:39.671128,Ahmedabad,True,23.021128,72.578539,False
CMP00696,1,ACC638177,MOCK0009265,39500,2026-08-20 22:02:19.671141,Pune,False,,,
CMP00696,2,ACC275113,SYNTH0003167,39500,2026-08-20 22:11:19.671141,Kolkata,True,22.589414,88.411397,True
CMP00697,1,ACC336845,TEST0008011,69100,2026-08-10 11:22:02.671153,Kolkata,False,,,
CMP00697,2,ACC812120,FAKE0009055,66600,2026-08-10 11:48:02.671153,Kolkata,False,,,
CMP00697,3,ACC559337,FAKE0002953,63500,2026-08-10 13:16:02.671153,Lucknow,False,,,
CMP00697,4,ACC828799,FAKE0003764,60200,2026-08-10 13:36:02.671153,Lucknow,False,,,
CMP00697,5,ACC308757,MOCK0007623,60200,2026-08-10 13:46:02.671153,Lucknow,True,26.906785,80.94476,True
CMP00698,1,ACC481901,SYNTH0006653,18600,2026-08-21 08:08:09.671164,Delhi,False,,,
CMP00698,2,ACC981979,TEST0007382,17300,2026-08-21 08:18:09.671164,Kolkata,False,,,
CMP00698,3,ACC790308,TEST0008366,16000,2026-08-21 08:43:09.671164,Patna,False,,,
CMP00698,4,ACC790387,MOCK0004014,15500,2026-08-21 09:02:09.671164,Lucknow,False,,,
CMP00698,5,ACC362773,DEMO0006481,14900,2026-08-21 09:04:09.671164,Bengaluru,False,,,
CMP00698,6,ACC247158,MOCK0009115,14500,2026-08-21 09:24:09.671164,Kolkata,False,,,
CMP00698,7,ACC538168,FAKE0006910,14500,2026-08-21 10:01:09.671164,Bengaluru,True,12.971115,77.587021,True
CMP00699,1,ACC583895,FAKE0008396,118600,2026-08-29 04:09:33.671175,Ahmedabad,False,,,
CMP00699,2,ACC214459,DEMO0001675,118600,2026-08-29 04:32:33.671175,Ahmedabad,True,23.018104,72.612937,True
CMP00700,1,ACC313442,MOCK0004777,43500,2026-08-15 19:59:11.671185,Bengaluru,False,,,
CMP00700,2,ACC228710,SYNTH0001587,41900,2026-08-15 20:40:11.671185,Pune,False,,,
CMP00700,3,ACC219787,FAKE0005428,41400,2026-08-15 21:12:11.671185,Kolkata,False,,,
CMP00700,4,ACC967359,FAKE0005572,38200,2026-08-15 21:49:11.671185,Jaipur,False,,,
CMP00700,5,ACC119764,DEMO0008274,38200,2026-08-15 23:09:11.671185,Mumbai,True,19.070469,72.87078,False
CMP00701,1,ACC651273,DEMO0009859,33000,2026-08-07 20:53:46.671196,Jaipur,False,,,
CMP00701,2,ACC819678,DEMO0002972,30900,2026-08-07 20:59:46.671196,Patna,False,,,
CMP00701,3,ACC112394,DEMO0002650,30900,2026-08-07 22:07:46.671196,Delhi,True,28.611657,77.245003,True
CMP00702,1,ACC548165,FAKE0006942,132100,2026-08-25 05:51:53.671207,Bengaluru,False,,,
CMP00702,2,ACC155826,SYNTH0004270,123200,2026-08-25 06:22:53.671207,Kolkata,False,,,
CMP00702,3,ACC174323,MOCK0006143,115000,2026-08-25 06:29:53.671207,Bengaluru,False,,,
CMP00702,4,ACC607371,FAKE0009260,111800,2026-08-25 07:58:53.671207,Bengaluru,False,,,
CMP00702,5,ACC845932,TEST0004719,108100,2026-08-25 09:13:53.671207,Ahmedabad,False,,,
CMP00702,6,ACC695053,DEMO0004495,103100,2026-08-25 10:37:53.671207,Bengaluru,False,,,
CMP00702,7,ACC724089,DEMO0002893,103100,2026-08-25 11:31:53.671207,Bengaluru,True,12.918208,77.673044,True
CMP00703,1,ACC373951,MOCK0006091,28000,2026-08-15 10:48:03.671218,Mumbai,False,,,
CMP00703,2,ACC943453,SYNTH0005096,26600,2026-08-15 11:12:03.671218,Jaipur,False,,,
CMP00703,3,ACC309215,FAKE0005871,25800,2026-08-15 11:31:03.671218,Kolkata,False,,,
CMP00703,4,ACC672344,DEMO0002573,25200,2026-08-15 12:45:03.671218,Patna,False,,,
CMP00703,5,ACC628288,TEST0008673,25200,2026-08-15 13:04:03.671218,Jaipur,True,26.94241,75.770878,False
CMP00704,1,ACC466594,DEMO0002411,16400,2026-09-01 17:10:06.671228,Delhi,False,,,
CMP00704,2,ACC147173,TEST0002162,16100,2026-09-01 18:25:06.671228,Hyderabad,False,,,
CMP00704,3,ACC607803,DEMO0001660,15700,2026-09-01 19:42:06.671228,Delhi,False,,,
CMP00704,4,ACC292779,TEST0005506,14700,2026-09-01 20:08:06.671228,Delhi,False,,,
CMP00704,5,ACC738513,TEST0009083,14600,2026-09-01 21:07:06.671228,Delhi,False,,,
CMP00704,6,ACC886214,DEMO0003108,13500,2026-09-01 22:04:06.671228,Delhi,False,,,
CMP00704,7,ACC168879,FAKE0008707,13500,2026-09-01 22:34:06.671228,Delhi,True,28.629068,77.20442,False
CMP00705,1,ACC124991,TEST0008931,14300,2026-08-18 18:22:49.671239,Bengaluru,False,,,
CMP00705,2,ACC621786,TEST0001903,13200,2026-08-18 19:42:49.671239,Bengaluru,False,,,
CMP00705,3,ACC193519,MOCK0009893,12800,2026-08-18 20:51:49.671239,Pune,False,,,
CMP00705,4,ACC660245,TEST0007306,12600,2026-08-18 21:15:49.671239,Delhi,False,,,
CMP00705,5,ACC663886,DEMO0009329,12600,2026-08-18 21:41:49.671239,Bengaluru,True,12.955451,77.57462,True
CMP00706,1,ACC727263,DEMO0004305,91100,2026-08-12 17:49:14.671250,Kolkata,False,,,
CMP00706,2,ACC350127,FAKE0007908,88900,2026-08-12 18:22:14.671250,Kolkata,False,,,
CMP00706,3,ACC960384,FAKE0004613,86800,2026-08-12 18:27:14.671250,Jaipur,False,,,
CMP00706,4,ACC859181,DEMO0009396,84900,2026-08-12 18:41:14.671250,Bengaluru,False,,,
CMP00706,5,ACC689356,MOCK0004393,80300,2026-08-12 18:56:14.671250,Jaipur,False,,,
CMP00706,6,ACC548665,SYNTH0002734,78800,2026-08-12 20:07:14.671250,Kolkata,False,,,
CMP00706,7,ACC115722,TEST0001196,78800,2026-08-12 20:54:14.671250,Kolkata,True,22.586825,88.40461,True
CMP00707,1,ACC901351,SYNTH0006496,18300,2026-08-09 21:40:35.671261,Hyderabad,False,,,
CMP00707,2,ACC248097,SYNTH0007060,17100,2026-08-09 21:50:35.671261,Ahmedabad,False,,,
CMP00707,3,ACC355479,FAKE0003185,17100,2026-08-09 23:02:35.671261,Ahmedabad,True,23.021327,72.583326,False
CMP00708,1,ACC679549,FAKE0003807,233800,2026-08-05 04:10:28.671273,Jaipur,False,,,
CMP00708,2,ACC776234,MOCK0002562,233800,2026-08-05 04:22:28.671273,Patna,True,25.600776,85.159841,False
CMP00709,1,ACC293385,MOCK0001856,14200,2026-08-15 20:14:32.671284,Bengaluru,False,,,
CMP00709,2,ACC667855,FAKE0006508,14200,2026-08-15 21:40:32.671284,Bengaluru,True,12.979285,77.614993,False
CMP00710,1,ACC288056,MOCK0001752,226600,2026-08-06 02:55:41.671295,Delhi,False,,,
CMP00710,2,ACC587686,TEST0006362,226600,2026-08-06 03:48:41.671295,Pune,True,18.506594,73.872523,False
CMP00711,1,ACC287497,FAKE0002791,63800,2026-08-10 03:55:27.671306,Kolkata,False,,,
CMP00711,2,ACC830943,SYNTH0004346,62500,2026-08-10 04:18:27.671306,Kolkata,False,,,
CMP00711,3,ACC407410,MOCK0003163,60100,2026-08-10 05:26:27.671306,Delhi,False,,,
CMP00711,4,ACC565420,FAKE0005776,56400,2026-08-10 06:28:27.671306,Kolkata,False,,,
CMP00711,5,ACC940946,MOCK0006503,56400,2026-08-10 06:54:27.671306,Kolkata,True,22.57081,88.362969,True
CMP00712,1,ACC678469,MOCK0002343,49800,2026-08-07 14:29:47.671317,Kolkata,False,,,
CMP00712,2,ACC664781,FAKE0002235,48600,2026-08-07 15:06:47.671317,Bengaluru,False,,,
CMP00712,3,ACC952117,DEMO0004485,46100,2026-08-07 15:10:47.671317,Delhi,False,,,
CMP00712,4,ACC665892,SYNTH0006993,44100,2026-08-07 15:16:47.671317,Ahmedabad,False,,,
CMP00712,5,ACC909652,TEST0003193,44100,2026-08-07 16:08:47.671317,Patna,True,25.610355,85.135121,True
CMP00713,1,ACC753113,FAKE0007887,32900,2026-09-03 03:25:02.671327,Patna,False,,,
CMP00713,2,ACC582521,SYNTH0008762,30900,2026-09-03 03:46:02.671327,Patna,False,,,
CMP00713,3,ACC707410,SYNTH0003805,30500,2026-09-03 04:03:02.671327,Ahmedabad,False,,,
CMP00713,4,ACC137656,DEMO0006183,30500,2026-09-03 04:34:02.671327,Delhi,True,28.641835,77.245212,False
CMP00714,1,ACC219980,FAKE0008612,71700,2026-08-29 15:19:08.671338,Patna,False,,,
CMP00714,2,ACC158071,DEMO0001385,69700,2026-08-29 16:38:08.671338,Jaipur,False,,,
CMP00714,3,ACC688835,SYNTH0008508,67800,2026-08-29 16:46:08.671338,Jaipur,False,,,
CMP00714,4,ACC858546,SYNTH0004285,67800,2026-08-29 16:59:08.671338,Jaipur,True,26.872208,75.791919,False
CMP00715,1,ACC727879,SYNTH0003285,51500,2026-08-20 00:11:48.671349,Bengaluru,False,,,
CMP00715,2,ACC185714,FAKE0009214,48000,2026-08-20 00:39:48.671349,Lucknow,False,,,
CMP00715,3,ACC208858,TEST0003698,45600,2026-08-20 01:50:48.671349,Ahmedabad,False,,,
CMP00715,4,ACC612942,TEST0009985,45600,2026-08-20 02:21:48.671349,Jaipur,True,26.933416,75.800968,True
CMP00716,1,ACC468488,SYNTH0009361,130800,2026-08-11 21:11:47.671360,Lucknow,False,,,
CMP00716,2,ACC875089,FAKE0005925,124600,2026-08-11 21:49:47.671360,Ahmedabad,False,,,
CMP00716,3,ACC228950,MOCK0005578,116100,2026-08-11 22:02:47.671360,Ahmedabad,False,,,
CMP00716,4,ACC629342,TEST0006613,107200,2026-08-11 22:59:47.671360,Ahmedabad,False,,,
CMP00716,5,ACC889256,TEST0005029,100800,2026-08-12 00:22:47.671360,Ahmedabad,False,,,
CMP00716,6,ACC320855,MOCK0006381,100800,2026-08-12 01:48:47.671360,Jaipur,True,26.897366,75.795295,True
CMP00717,1,ACC428638,FAKE0008406,57300,2026-08-06 21:18:28.671371,Bengaluru,False,,,
CMP00717,2,ACC911117,SYNTH0009021,56100,2026-08-06 21:55:28.671371,Ahmedabad,False,,,
CMP00717,3,ACC554779,DEMO0008029,53100,2026-08-06 22:08:28.671371,Ahmedabad,False,,,
CMP00717,4,ACC139557,TEST0001230,50600,2026-08-06 23:11:28.671371,Ahmedabad,False,,,
CMP00717,5,ACC299834,FAKE0005076,50600,2026-08-06 23:54:28.671371,Kolkata,True,22.573319,88.395861,True
CMP00718,1,ACC919656,DEMO0003451,60000,2026-08-06 13:45:48.671382,Ahmedabad,False,,,
CMP00718,2,ACC210766,FAKE0005687,57000,2026-08-06 14:05:48.671382,Bengaluru,False,,,
CMP00718,3,ACC376967,DEMO0008750,54900,2026-08-06 15:15:48.671382,Patna,False,,,
CMP00718,4,ACC522548,MOCK0007581,53800,2026-08-06 15:21:48.671382,Delhi,False,,,
CMP00718,5,ACC447596,FAKE0008785,53800,2026-08-06 15:27:48.671382,Delhi,True,28.628666,77.236718,True
CMP00719,1,ACC759868,SYNTH0001845,38700,2026-08-09 12:01:33.671392,Bengaluru,False,,,
CMP00719,2,ACC400748,SYNTH0009283,37000,2026-08-09 13:27:33.671392,Delhi,False,,,
CMP00719,3,ACC364294,TEST0005509,36300,2026-08-09 13:38:33.671392,Jaipur,False,,,
CMP00719,4,ACC216968,MOCK0003476,34400,2026-08-09 14:12:33.671392,Bengaluru,False,,,
CMP00719,5,ACC947082,SYNTH0008944,33600,2026-08-09 15:38:33.671392,Bengaluru,False,,,
CMP00719,6,ACC459502,SYNTH0003525,30900,2026-08-09 16:03:33.671392,Delhi,False,,,
CMP00719,7,ACC907789,DEMO0003740,30900,2026-08-09 17:08:33.671392,Patna,True,25.606451,85.144117,True
CMP00720,1,ACC682809,SYNTH0009218,48200,2026-08-27 17:54:46.671403,Lucknow,False,,,
CMP00720,2,ACC324909,DEMO0002364,45000,2026-08-27 19:14:46.671403,Hyderabad,False,,,
CMP00720,3,ACC219584,MOCK0007594,45000,2026-08-27 20:20:46.671403,Lucknow,True,26.843214,80.934945,False
CMP00721,1,ACC674295,FAKE0001750,68100,2026-08-07 03:15:29.671414,Jaipur,False,,,
CMP00721,2,ACC212157,SYNTH0004072,66200,2026-08-07 03:38:29.671414,Patna,False,,,
CMP00721,3,ACC326061,SYNTH0006536,63400,2026-08-07 03:55:29.671414,Patna,False,,,
CMP00721,4,ACC764000,MOCK0003018,63400,2026-08-07 04:10:29.671414,Mumbai,True,19.102841,72.852037,False
CMP00722,1,ACC142854,MOCK0008209,14600,2026-09-02 23:56:13.671425,Bengaluru,False,,,
CMP00722,2,ACC658461,TEST0006985,14000,2026-09-03 01:23:13.671425,Jaipur,False,,,
CMP00722,3,ACC638428,TEST0009563,13000,2026-09-03 01:39:13.671425,Mumbai,False,,,
CMP00722,4,ACC625190,SYNTH0006242,12400,2026-09-03 02:01:13.671425,Hyderabad,False,,,
CMP00722,5,ACC830156,TEST0002737,12400,2026-09-03 03:25:13.671425,Patna,True,25.590203,85.123893,True
CMP00723,1,ACC467645,DEMO0007765,16100,2026-08-14 14:06:11.671436,Mumbai,False,,,
CMP00723,2,ACC107974,SYNTH0009315,16100,2026-08-14 15:30:11.671436,Patna,True,25.580444,85.147395,False
CMP00724,1,ACC190745,SYNTH0005623,97300,2026-08-25 00:52:59.671446,Pune,False,,,
CMP00724,2,ACC439666,MOCK0005405,95600,2026-08-25 00:54:59.671446,Ahmedabad,False,,,
CMP00724,3,ACC745058,MOCK0004189,94500,2026-08-25 02:15:59.671446,Ahmedabad,False,,,
CMP00724,4,ACC312129,SYNTH0007191,91600,2026-08-25 03:12:59.671446,Lucknow,False,,,
CMP00724,5,ACC267044,DEMO0001252,88200,2026-08-25 04:22:59.671446,Patna,False,,,
CMP00724,6,ACC554504,MOCK0002938,83900,2026-08-25 05:31:59.671446,Lucknow,False,,,
CMP00724,7,ACC919555,TEST0001501,83900,2026-08-25 06:33:59.671446,Kolkata,True,22.582028,88.363168,True
CMP00725,1,ACC825916,DEMO0005441,59000,2026-08-05 05:15:38.671457,Kolkata,False,,,
CMP00725,2,ACC669408,FAKE0003938,56100,2026-08-05 05:22:38.671457,Pune,False,,,
CMP00725,3,ACC317221,DEMO0002260,53200,2026-08-05 06:04:38.671457,Kolkata,False,,,
CMP00725,4,ACC352153,DEMO0009856,50600,2026-08-05 06:44:38.671457,Kolkata,False,,,
CMP00725,5,ACC875679,FAKE0009204,49600,2026-08-05 07:28:38.671457,Kolkata,False,,,
CMP00725,6,ACC558320,FAKE0006580,49600,2026-08-05 08:14:38.671457,Kolkata,True,22.574657,88.390537,True
CMP00726,1,ACC980664,TEST0009759,44700,2026-08-28 06:00:23.671469,Mumbai,False,,,
CMP00726,2,ACC209444,FAKE0009841,41800,2026-08-28 06:34:23.671469,Delhi,False,,,
CMP00726,3,ACC445904,MOCK0004882,40000,2026-08-28 07:49:23.671469,Mumbai,False,,,
CMP00726,4,ACC374634,FAKE0006695,37300,2026-08-28 09:10:23.671469,Kolkata,False,,,
CMP00726,5,ACC115276,DEMO0007071,36500,2026-08-28 10:05:23.671469,Pune,False,,,
CMP00726,6,ACC323193,TEST0007395,36500,2026-08-28 10:08:23.671469,Delhi,True,28.639878,77.207106,True
CMP00727,1,ACC256826,SYNTH0008796,53000,2026-08-07 17:34:13.671480,Hyderabad,False,,,
CMP00727,2,ACC627778,FAKE0008901,49700,2026-08-07 18:54:13.671480,Ahmedabad,False,,,
CMP00727,3,ACC732789,FAKE0008069,47300,2026-08-07 20:20:13.671480,Hyderabad,False,,,
CMP00727,4,ACC145548,DEMO0004759,44500,2026-08-07 21:28:13.671480,Hyderabad,False,,,
CMP00727,5,ACC467544,MOCK0002600,42200,2026-08-07 22:31:13.671480,Patna,False,,,
CMP00727,6,ACC600318,FAKE0005641,42200,2026-08-07 23:27:13.671480,Hyderabad,True,17.378969,78.495501,False
CMP00728,1,ACC530794,MOCK0007012,68400,2026-08-09 09:52:32.671492,Pune,False,,,
CMP00728,2,ACC839122,MOCK0008889,66000,2026-08-09 09:58:32.671492,Kolkata,False,,,
CMP00728,3,ACC865654,TEST0008617,62000,2026-08-09 11:28:32.671492,Patna,False,,,
CMP00728,4,ACC739705,DEMO0002279,61000,2026-08-09 12:36:32.671492,Patna,False,,,
CMP00728,5,ACC742818,TEST0009765,60200,2026-08-09 14:05:32.671492,Pune,False,,,
CMP00728,6,ACC592025,TEST0007897,57200,2026-08-09 14:08:32.671492,Ahmedabad,False,,,
CMP00728,7,ACC403257,MOCK0005981,57200,2026-08-09 14:55:32.671492,Pune,True,18.504761,73.866595,True
CMP00729,1,ACC203463,FAKE0003555,34400,2026-08-26 12:14:43.671504,Jaipur,False,,,
CMP00729,2,ACC776128,MOCK0004641,32000,2026-08-26 13:06:43.671504,Jaipur,False,,,
CMP00729,3,ACC840385,DEMO0008122,32000,2026-08-26 14:19:43.671504,Bengaluru,True,12.992337,77.589754,True
CMP00730,1,ACC672396,TEST0009429,27200,2026-08-18 07:12:39.671515,Pune,False,,,
CMP00730,2,ACC295370,DEMO0009993,26400,2026-08-18 07:57:39.671515,Kolkata,False,,,
CMP00730,3,ACC900345,FAKE0006987,25200,2026-08-18 08:57:39.671515,Jaipur,False,,,
CMP00730,4,ACC232359,DEMO0002820,24800,2026-08-18 09:53:39.671515,Ahmedabad,False,,,
CMP00730,5,ACC232434,TEST0008414,24800,2026-08-18 10:10:39.671515,Pune,True,18.538821,73.849667,False
CMP00731,1,ACC326057,MOCK0003422,61600,2026-08-22 01:56:47.671527,Bengaluru,False,,,
CMP00731,2,ACC388379,DEMO0002257,59500,2026-08-22 02:07:47.671527,Jaipur,False,,,
CMP00731,3,ACC138255,TEST0003130,59500,2026-08-22 02:20:47.671527,Jaipur,True,26.9393,75.787833,True
CMP00732,1,ACC741282,TEST0002055,22500,2026-08-25 14:29:48.671538,Patna,False,,,
CMP00732,2,ACC332135,TEST0003855,20700,2026-08-25 14:40:48.671538,Mumbai,False,,,
CMP00732,3,ACC896881,TEST0006578,20700,2026-08-25 15:51:48.671538,Patna,True,25.608939,85.06409,False
CMP00733,1,ACC194545,MOCK0006703,74000,2026-08-07 19:23:57.671549,Mumbai,False,,,
CMP00733,2,ACC337288,SYNTH0008450,70100,2026-08-07 20:09:57.671549,Jaipur,False,,,
CMP00733,3,ACC283537,FAKE0002185,67400,2026-08-07 21:02:57.671549,Jaipur,False,,,
CMP00733,4,ACC222692,TEST0009813,62900,2026-08-07 22:08:57.671549,Pune,False,,,
CMP00733,5,ACC564276,MOCK0008923,58000,2026-08-07 23:23:57.671549,Pune,False,,,
CMP00733,6,ACC814703,MOCK0001448,58000,2026-08-07 23:56:57.671549,Kolkata,True,22.586844,88.375093,True
CMP00734,1,ACC791128,MOCK0003281,14700,2026-08-20 12:07:17.671559,Hyderabad,False,,,
CMP00734,2,ACC820480,MOCK0006261,13800,2026-08-20 13:37:17.671559,Hyderabad,False,,,
CMP00734,3,ACC281839,TEST0005047,13500,2026-08-20 14:05:17.671559,Ahmedabad,False,,,
CMP00734,4,ACC291971,DEMO0007143,13500,2026-08-20 14:33:17.671559,Lucknow,True,26.861367,80.934327,False
CMP00735,1,ACC977634,FAKE0002328,127600,2026-08-11 05:07:15.671570,Mumbai,False,,,
CMP00735,2,ACC576111,TEST0001095,120700,2026-08-11 06:07:15.671570,Kolkata,False,,,
CMP00735,3,ACC440698,MOCK0003118,111500,2026-08-11 06:51:15.671570,Kolkata,False,,,
CMP00735,4,ACC438869,FAKE0009964,111500,2026-08-11 07:20:15.671570,Jaipur,True,26.887615,75.733465,False
CMP00736,1,ACC240807,FAKE0006317,76300,2026-08-17 23:48:56.671581,Patna,False,,,
CMP00736,2,ACC718458,SYNTH0002441,73900,2026-08-18 00:42:56.671581,Bengaluru,False,,,
CMP00736,3,ACC700554,TEST0009700,70300,2026-08-18 01:40:56.671581,Patna,False,,,
CMP00736,4,ACC909606,TEST0006918,65800,2026-08-18 02:19:56.671581,Bengaluru,False,,,
CMP00736,5,ACC293084,SYNTH0008549,65800,2026-08-18 03:18:56.671581,Hyderabad,True,17.369945,78.498419,True
CMP00737,1,ACC302877,MOCK0003718,66200,2026-08-20 22:26:06.671592,Pune,False,,,
CMP00737,2,ACC880494,TEST0001981,62200,2026-08-20 22:29:06.671592,Bengaluru,False,,,
CMP00737,3,ACC489301,DEMO0006472,61500,2026-08-20 22:34:06.671592,Ahmedabad,False,,,
CMP00737,4,ACC398767,MOCK0003020,59300,2026-08-20 23:54:06.671592,Lucknow,False,,,
CMP00737,5,ACC900734,MOCK0009289,59300,2026-08-21 00:52:06.671592,Patna,True,25.580717,85.135337,True
CMP00738,1,ACC668573,SYNTH0009869,124400,2026-08-08 14:01:15.671608,Ahmedabad,False,,,
CMP00738,2,ACC424008,MOCK0003215,117200,2026-08-08 15:30:15.671608,Bengaluru,False,,,
CMP00738,3,ACC788108,SYNTH0006201,108400,2026-08-08 16:27:15.671608,Bengaluru,False,,,
CMP00738,4,ACC293079,SYNTH0001483,108400,2026-08-08 16:37:15.671608,Mumbai,True,19.108935,72.88264,True
CMP00739,1,ACC227615,SYNTH0002971,221800,2026-08-18 03:51:23.671619,Ahmedabad,False,,,
CMP00739,2,ACC886099,DEMO0004129,221800,2026-08-18 04:55:23.671619,Jaipur,True,26.89045,75.766628,False
CMP00740,1,ACC854800,MOCK0008912,120200,2026-09-01 21:30:23.671630,Ahmedabad,False,,,
CMP00740,2,ACC812506,MOCK0002518,120200,2026-09-01 21:37:23.671630,Delhi,True,28.630548,77.21954,False
CMP00741,1,ACC685410,MOCK0003592,14000,2026-08-18 02:11:29.671640,Bengaluru,False,,,
CMP00741,2,ACC701804,MOCK0004127,13000,2026-08-18 03:18:29.671640,Bengaluru,False,,,
CMP00741,3,ACC957479,DEMO0003493,12600,2026-08-18 03:29:29.671640,Patna,False,,,
CMP00741,4,ACC290498,TEST0008439,11900,2026-08-18 04:54:29.671640,Mumbai,False,,,
CMP00741,5,ACC122527,TEST0001104,11400,2026-08-18 06:03:29.671640,Patna,False,,,
CMP00741,6,ACC108952,DEMO0003465,11100,2026-08-18 07:24:29.671640,Delhi,False,,,
CMP00741,7,ACC658224,SYNTH0006810,11100,2026-08-18 07:59:29.671640,Lucknow,True,26.865852,80.976873,True
CMP00742,1,ACC315098,MOCK0008244,17200,2026-08-11 16:16:58.671651,Pune,False,,,
CMP00742,2,ACC913066,TEST0002380,16800,2026-08-11 17:02:58.671651,Patna,False,,,
CMP00742,3,ACC860321,SYNTH0009527,15800,2026-08-11 17:08:58.671651,Patna,False,,,
CMP00742,4,ACC197328,TEST0009541,15100,2026-08-11 18:19:58.671651,Pune,False,,,
CMP00742,5,ACC124559,MOCK0005238,14900,2026-08-11 19:04:58.671651,Bengaluru,False,,,
CMP00742,6,ACC861800,MOCK0002809,14300,2026-08-11 19:36:58.671651,Jaipur,False,,,
CMP00742,7,ACC757446,FAKE0001782,14300,2026-08-11 19:45:58.671651,Jaipur,True,26.915005,75.785735,True
CMP00743,1,ACC785010,SYNTH0001531,31200,2026-08-08 18:29:43.671662,Hyderabad,False,,,
CMP00743,2,ACC447195,FAKE0002784,31200,2026-08-08 19:56:43.671662,Jaipur,True,26.911791,75.840857,False
CMP00744,1,ACC319240,SYNTH0002946,55300,2026-08-21 17:43:19.671673,Patna,False,,,
CMP00744,2,ACC882675,SYNTH0001723,55300,2026-08-21 17:56:19.671673,Ahmedabad,True,23.016348,72.550319,True
CMP00745,1,ACC955413,MOCK0006224,79100,2026-08-05 01:21:06.671683,Pune,False,,,
CMP00745,2,ACC348411,SYNTH0009540,76600,2026-08-05 02:36:06.671683,Lucknow,False,,,
CMP00745,3,ACC388519,MOCK0003869,76600,2026-08-05 03:06:06.671683,Mumbai,True,19.065138,72.869971,True
CMP00746,1,ACC448436,FAKE0001645,29400,2026-08-23 04:35:00.671694,Hyderabad,False,,,
CMP00746,2,ACC421746,SYNTH0004802,29400,2026-08-23 04:42:00.671694,Hyderabad,True,17.409236,78.49738,True
CMP00747,1,ACC363487,FAKE0003242,61700,2026-08-23 23:34:27.671707,Hyderabad,False,,,
CMP00747,2,ACC215930,FAKE0002941,60900,2026-08-24 00:08:27.671707,Delhi,False,,,
CMP00747,3,ACC317285,DEMO0004765,60200,2026-08-24 01:15:27.671707,Kolkata,False,,,
CMP00747,4,ACC389585,FAKE0009011,60200,2026-08-24 01:29:27.671707,Kolkata,True,22.57194,88.370904,False
CMP00748,1,ACC918596,DEMO0003549,27100,2026-08-30 02:02:42.671718,Delhi,False,,,
CMP00748,2,ACC856818,FAKE0005667,25900,2026-08-30 02:49:42.671718,Mumbai,False,,,
CMP00748,3,ACC444621,FAKE0002973,24100,2026-08-30 04:12:42.671718,Ahmedabad,False,,,
CMP00748,4,ACC558803,TEST0009685,23300,2026-08-30 04:23:42.671718,Delhi,False,,,
CMP00748,5,ACC595502,MOCK0009658,21600,2026-08-30 04:46:42.671718,Mumbai,False,,,
CMP00748,6,ACC647971,DEMO0003254,20300,2026-08-30 06:14:42.671718,Kolkata,False,,,
CMP00748,7,ACC849793,FAKE0007807,20300,2026-08-30 07:15:42.671718,Mumbai,True,19.086647,72.878179,True
CMP00749,1,ACC102049,FAKE0006292,30200,2026-08-11 23:44:37.671729,Kolkata,False,,,
CMP00749,2,ACC387347,MOCK0008644,29600,2026-08-12 00:41:37.671729,Patna,False,,,
CMP00749,3,ACC895891,SYNTH0001769,29200,2026-08-12 01:46:37.671729,Jaipur,False,,,
CMP00749,4,ACC570665,DEMO0004188,28300,2026-08-12 02:23:37.671729,Ahmedabad,False,,,
CMP00749,5,ACC699596,SYNTH0007943,26400,2026-08-12 03:07:37.671729,Jaipur,False,,,
CMP00749,6,ACC272471,FAKE0002584,26400,2026-08-12 03:18:37.671729,Hyderabad,True,17.388057,78.500282,True
CMP00750,1,ACC338998,TEST0005480,15500,2026-09-03 16:09:50.671740,Mumbai,False,,,
CMP00750,2,ACC839490,MOCK0004332,14700,2026-09-03 17:36:50.671740,Delhi,False,,,
CMP00750,3,ACC401781,SYNTH0003054,14500,2026-09-03 19:06:50.671740,Kolkata,False,,,
CMP00750,4,ACC796713,SYNTH0004297,13700,2026-09-03 20:16:50.671740,Bengaluru,False,,,
CMP00750,5,ACC994164,FAKE0007299,13000,2026-09-03 20:21:50.671740,Patna,False,,,
CMP00750,6,ACC297769,DEMO0008531,12500,2026-09-03 20:46:50.671740,Bengaluru,False,,,
CMP00750,7,ACC535670,FAKE0001024,12500,2026-09-03 21:03:50.671740,Patna,True,25.592014,85.101359,True
CMP00751,1,ACC303352,DEMO0003894,24300,2026-08-15 03:37:09.671751,Patna,False,,,
CMP00751,2,ACC736955,DEMO0002788,24300,2026-08-15 04:55:09.671751,Bengaluru,True,12.990152,77.602082,True
CMP00752,1,ACC155407,SYNTH0003228,16700,2026-08-25 05:56:04.671762,Patna,False,,,
CMP00752,2,ACC286253,MOCK0006375,15900,2026-08-25 06:33:04.671762,Kolkata,False,,,
CMP00752,3,ACC193280,MOCK0003994,15200,2026-08-25 07:10:04.671762,Patna,False,,,
CMP00752,4,ACC352046,DEMO0002187,15000,2026-08-25 07:32:04.671762,Kolkata,False,,,
CMP00752,5,ACC933451,FAKE0008888,14000,2026-08-25 08:23:04.671762,Ahmedabad,False,,,
CMP00752,6,ACC468503,FAKE0002498,12900,2026-08-25 08:33:04.671762,Patna,False,,,
CMP00752,7,ACC740070,DEMO0002789,12900,2026-08-25 08:49:04.671762,Delhi,True,28.599008,77.243361,True
CMP00753,1,ACC990712,SYNTH0003701,23400,2026-08-21 01:31:04.671773,Jaipur,False,,,
CMP00753,2,ACC443034,FAKE0002649,22200,2026-08-21 02:16:04.671773,Jaipur,False,,,
CMP00753,3,ACC873251,MOCK0008021,22000,2026-08-21 02:28:04.671773,Jaipur,False,,,
CMP00753,4,ACC153852,SYNTH0001535,21800,2026-08-21 03:33:04.671773,Bengaluru,False,,,
CMP00753,5,ACC984557,TEST0002433,21000,2026-08-21 03:52:04.671773,Jaipur,False,,,
CMP00753,6,ACC424814,FAKE0002349,21000,2026-08-21 03:59:04.671773,Jaipur,True,26.889014,75.81445,True
CMP00754,1,ACC444625,DEMO0005395,130000,2026-08-07 00:58:13.671784,Hyderabad,False,,,
CMP00754,2,ACC459370,DEMO0007557,130000,2026-08-07 01:11:13.671784,Mumbai,True,19.082235,72.917136,True
CMP00755,1,ACC759816,SYNTH0005643,23700,2026-09-02 03:18:42.671795,Jaipur,False,,,
CMP00755,2,ACC525873,SYNTH0007078,23200,2026-09-02 03:56:42.671795,Lucknow,False,,,
CMP00755,3,ACC746479,TEST0007674,22200,2026-09-02 04:17:42.671795,Kolkata,False,,,
CMP00755,4,ACC951042,DEMO0003286,21300,2026-09-02 05:07:42.671795,Kolkata,False,,,
CMP00755,5,ACC569389,DEMO0003527,21100,2026-09-02 05:48:42.671795,Delhi,False,,,
CMP00755,6,ACC116814,TEST0002030,20700,2026-09-02 06:43:42.671795,Lucknow,False,,,
CMP00755,7,ACC174455,SYNTH0001071,20700,2026-09-02 07:31:42.671795,Delhi,True,28.606551,77.20721,True
CMP00756,1,ACC218323,SYNTH0001221,465100,2026-08-26 09:25:31.671806,Bengaluru,False,,,
CMP00756,2,ACC243349,MOCK0002944,452600,2026-08-26 10:25:31.671806,Pune,False,,,
CMP00756,3,ACC228492,TEST0001862,418500,2026-08-26 11:01:31.671806,Lucknow,False,,,
CMP00756,4,ACC711866,SYNTH0007806,408600,2026-08-26 12:28:31.671806,Ahmedabad,False,,,
CMP00756,5,ACC432120,SYNTH0001914,408600,2026-08-26 12:44:31.671806,Lucknow,True,26.829821,80.942587,False
CMP00757,1,ACC778346,SYNTH0003610,77600,2026-08-10 21:37:12.671817,Patna,False,,,
CMP00757,2,ACC370948,TEST0003883,72500,2026-08-10 22:13:12.671817,Lucknow,False,,,
CMP00757,3,ACC920231,FAKE0006143,71700,2026-08-10 23:37:12.671817,Kolkata,False,,,
CMP00757,4,ACC166670,DEMO0006954,66500,2026-08-11 00:56:12.671817,Lucknow,False,,,
CMP00757,5,ACC516174,SYNTH0004867,66500,2026-08-11 02:23:12.671817,Mumbai,True,19.116343,72.889038,False
CMP00758,1,ACC683885,TEST0005674,59400,2026-09-02 02:36:58.671828,Pune,False,,,
CMP00758,2,ACC194962,FAKE0002978,59400,2026-09-02 03:20:58.671828,Pune,True,18.537788,73.877928,True
CMP00759,1,ACC922116,MOCK0004603,24900,2026-08-07 09:05:38.671838,Mumbai,False,,,
CMP00759,2,ACC267112,MOCK0007609,23900,2026-08-07 09:30:38.671838,Ahmedabad,False,,,
CMP00759,3,ACC323717,TEST0006911,22600,2026-08-07 09:43:38.671838,Pune,False,,,
CMP00759,4,ACC889216,DEMO0001144,21400,2026-08-07 10:22:38.671838,Pune,False,,,
CMP00759,5,ACC352023,MOCK0004994,21400,2026-08-07 10:38:38.671838,Kolkata,True,22.55872,88.410929,False
CMP00760,1,ACC841618,TEST0009186,95700,2026-08-18 15:53:54.671850,Mumbai,False,,,
CMP00760,2,ACC520927,TEST0002336,95700,2026-08-18 16:06:54.671850,Mumbai,True,19.086914,72.900298,True
CMP00761,1,ACC580233,FAKE0001651,32000,2026-08-08 12:59:35.671863,Patna,False,,,
CMP00761,2,ACC449773,SYNTH0001301,32000,2026-08-08 13:32:35.671863,Pune,True,18.54278,73.872579,True
CMP00762,1,ACC612857,SYNTH0005709,56800,2026-08-28 09:42:47.671876,Patna,False,,,
CMP00762,2,ACC206564,MOCK0001923,55600,2026-08-28 10:26:47.671876,Hyderabad,False,,,
CMP00762,3,ACC233930,FAKE0002113,52500,2026-08-28 10:28:47.671876,Lucknow,False,,,
CMP00762,4,ACC916631,DEMO0009104,49600,2026-08-28 11:30:47.671876,Patna,False,,,
CMP00762,5,ACC383849,MOCK0005036,47200,2026-08-28 11:52:47.671876,Patna,False,,,
CMP00762,6,ACC436577,TEST0006320,47200,2026-08-28 13:13:47.671876,Patna,True,25.572358,85.165736,False
CMP00763,1,ACC533435,SYNTH0008324,476100,2026-08-21 16:09:21.671887,Delhi,False,,,
CMP00763,2,ACC779438,TEST0006326,445200,2026-08-21 16:29:21.671887,Patna,False,,,
CMP00763,3,ACC644070,DEMO0004302,419500,2026-08-21 17:23:21.671887,Patna,False,,,
CMP00763,4,ACC508117,SYNTH0009026,404900,2026-08-21 18:46:21.671887,Patna,False,,,
CMP00763,5,ACC151310,DEMO0008595,393700,2026-08-21 19:50:21.671887,Lucknow,False,,,
CMP00763,6,ACC974187,DEMO0009589,388100,2026-08-21 20:12:21.671887,Patna,False,,,
CMP00763,7,ACC215780,SYNTH0005643,388100,2026-08-21 20:51:21.671887,Patna,True,25.590664,85.161422,False
CMP00764,1,ACC499731,FAKE0007349,50200,2026-08-18 20:32:33.671897,Delhi,False,,,
CMP00764,2,ACC335424,FAKE0009938,47000,2026-08-18 21:46:33.671897,Mumbai,False,,,
CMP00764,3,ACC964024,MOCK0007325,47000,2026-08-18 21:57:33.671897,Mumbai,True,19.098078,72.875754,False
CMP00765,1,ACC555234,FAKE0007265,137900,2026-08-22 10:36:55.671908,Bengaluru,False,,,
CMP00765,2,ACC526691,SYNTH0001244,130400,2026-08-22 11:51:55.671908,Patna,False,,,
CMP00765,3,ACC203025,SYNTH0004117,123000,2026-08-22 13:04:55.671908,Lucknow,False,,,
CMP00765,4,ACC453215,FAKE0005127,113300,2026-08-22 14:13:55.671908,Patna,False,,,
CMP00765,5,ACC667770,MOCK0006091,111000,2026-08-22 14:39:55.671908,Lucknow,False,,,
CMP00765,6,ACC142532,SYNTH0008838,111000,2026-08-22 15:46:55.671908,Patna,True,25.634406,85.160021,False
CMP00766,1,ACC621344,DEMO0004312,28600,2026-08-18 13:41:12.671919,Delhi,False,,,
CMP00766,2,ACC467624,DEMO0006922,27600,2026-08-18 14:16:12.671919,Kolkata,False,,,
CMP00766,3,ACC116701,MOCK0006087,27100,2026-08-18 14:38:12.671919,Lucknow,False,,,
CMP00766,4,ACC410592,MOCK0003914,25400,2026-08-18 15:44:12.671919,Ahmedabad,False,,,
CMP00766,5,ACC308267,MOCK0007629,25000,2026-08-18 16:36:12.671919,Bengaluru,False,,,
CMP00766,6,ACC456687,DEMO0003179,23800,2026-08-18 17:11:12.671919,Delhi,False,,,
CMP00766,7,ACC872048,TEST0002346,23800,2026-08-18 18:02:12.671919,Delhi,True,28.618914,77.237716,False
CMP00767,1,ACC810450,TEST0001199,50500,2026-08-25 12:34:05.671930,Pune,False,,,
CMP00767,2,ACC103150,SYNTH0001514,50500,2026-08-25 13:02:05.671930,Mumbai,True,19.071127,72.906044,True
CMP00768,1,ACC376648,SYNTH0001159,230000,2026-08-15 05:52:13.671940,Ahmedabad,False,,,
CMP00768,2,ACC596846,DEMO0005055,218300,2026-08-15 07:10:13.671940,Ahmedabad,False,,,
CMP00768,3,ACC958706,TEST0004740,215900,2026-08-15 08:12:13.671940,Ahmedabad,False,,,
CMP00768,4,ACC912915,TEST0006499,212300,2026-08-15 09:21:13.671940,Bengaluru,False,,,
CMP00768,5,ACC672223,DEMO0005153,212300,2026-08-15 10:20:13.671940,Jaipur,True,26.9132,75.768465,True
CMP00769,1,ACC265969,DEMO0005607,30700,2026-08-18 23:47:18.671951,Lucknow,False,,,
CMP00769,2,ACC218867,SYNTH0008289,29000,2026-08-19 01:17:18.671951,Hyderabad,False,,,
CMP00769,3,ACC499454,DEMO0003792,27800,2026-08-19 01:31:18.671951,Bengaluru,False,,,
CMP00769,4,ACC562355,SYNTH0008329,26400,2026-08-19 01:35:18.671951,Jaipur,False,,,
CMP00769,5,ACC456281,TEST0002128,26400,2026-08-19 01:39:18.671951,Jaipur,True,26.935381,75.770596,False
CMP00770,1,ACC880622,FAKE0003241,240400,2026-08-30 07:38:08.671962,Lucknow,False,,,
CMP00770,2,ACC616611,FAKE0003195,232500,2026-08-30 08:49:08.671962,Kolkata,False,,,
CMP00770,3,ACC631302,TEST0005253,232500,2026-08-30 09:20:08.671962,Kolkata,True,22.54134,88.379013,True
CMP00771,1,ACC688297,MOCK0002395,94900,2026-08-11 17:22:35.671973,Jaipur,False,,,
CMP00771,2,ACC704876,MOCK0009548,88900,2026-08-11 17:48:35.671973,Ahmedabad,False,,,
CMP00771,3,ACC119570,MOCK0003944,88900,2026-08-11 18:14:35.671973,Ahmedabad,True,23.045458,72.532137,True
CMP00772,1,ACC794730,FAKE0009340,32700,2026-09-03 13:58:35.671984,Bengaluru,False,,,
CMP00772,2,ACC845191,MOCK0002453,32300,2026-09-03 14:50:35.671984,Pune,False,,,
CMP00772,3,ACC773744,SYNTH0004713,31600,2026-09-03 15:34:35.671984,Jaipur,False,,,
CMP00772,4,ACC494175,TEST0002130,29400,2026-09-03 15:58:35.671984,Hyderabad,False,,,
CMP00772,5,ACC874757,SYNTH0008091,29400,2026-09-03 17:10:35.671984,Hyderabad,True,17.338845,78.463462,True
CMP00773,1,ACC917071,MOCK0006705,87100,2026-08-23 11:30:55.671995,Bengaluru,False,,,
CMP00773,2,ACC417499,TEST0009378,87100,2026-08-23 12:56:55.671995,Lucknow,True,26.819057,80.940827,True
CMP00774,1,ACC507311,TEST0006341,120400,2026-08-18 22:30:34.672006,Pune,False,,,
CMP00774,2,ACC858443,SYNTH0004554,114700,2026-08-18 23:57:34.672006,Pune,False,,,
CMP00774,3,ACC585884,DEMO0007140,109200,2026-08-19 00:23:34.672006,Lucknow,False,,,
CMP00774,4,ACC511911,FAKE0009893,107000,2026-08-19 01:47:34.672006,Pune,False,,,
CMP00774,5,ACC153357,TEST0003567,104400,2026-08-19 03:12:34.672006,Patna,False,,,
CMP00774,6,ACC642638,DEMO0001390,100200,2026-08-19 04:38:34.672006,Pune,False,,,
CMP00774,7,ACC694954,TEST0003553,100200,2026-08-19 06:08:34.672006,Pune,True,18.509741,73.885411,True
CMP00775,1,ACC207629,FAKE0009996,89700,2026-08-07 02:24:01.672018,Delhi,False,,,
CMP00775,2,ACC633030,DEMO0006584,85300,2026-08-07 02:26:01.672018,Pune,False,,,
CMP00775,3,ACC985331,MOCK0008751,81700,2026-08-07 03:14:01.672018,Hyderabad,False,,,
CMP00775,4,ACC574514,SYNTH0001035,81700,2026-08-07 04:40:01.672018,Ahmedabad,True,23.011339,72.576252,True
CMP00776,1,ACC705659,SYNTH0008268,14400,2026-08-17 10:49:32.672028,Hyderabad,False,,,
CMP00776,2,ACC624513,MOCK0006427,13600,2026-08-17 11:21:32.672028,Kolkata,False,,,
CMP00776,3,ACC857120,FAKE0001529,12500,2026-08-17 11:43:32.672028,Pune,False,,,
CMP00776,4,ACC593050,FAKE0007833,12500,2026-08-17 13:12:32.672028,Ahmedabad,True,23.013195,72.598619,False
CMP00777,1,ACC786907,SYNTH0004041,28500,2026-08-29 04:56:32.672039,Bengaluru,False,,,
CMP00777,2,ACC963635,TEST0007676,27700,2026-08-29 05:13:32.672039,Delhi,False,,,
CMP00777,3,ACC697142,FAKE0008765,27100,2026-08-29 05:29:32.672039,Bengaluru,False,,,
CMP00777,4,ACC356773,SYNTH0004695,26100,2026-08-29 05:31:32.672039,Jaipur,False,,,
CMP00777,5,ACC924724,SYNTH0004009,24100,2026-08-29 06:11:32.672039,Delhi,False,,,
CMP00777,6,ACC779420,SYNTH0006608,23200,2026-08-29 06:59:32.672039,Delhi,False,,,
CMP00777,7,ACC716261,FAKE0003325,23200,2026-08-29 07:24:32.672039,Delhi,True,28.614422,77.214768,True
CMP00778,1,ACC446686,DEMO0005002,44100,2026-08-27 03:35:02.672050,Pune,False,,,
CMP00778,2,ACC331306,FAKE0007326,42200,2026-08-27 04:22:02.672050,Pune,False,,,
CMP00778,3,ACC586961,FAKE0006867,40500,2026-08-27 04:58:02.672050,Bengaluru,False,,,
CMP00778,4,ACC333559,FAKE0007077,39200,2026-08-27 05:17:02.672050,Patna,False,,,
CMP00778,5,ACC287953,FAKE0003646,37800,2026-08-27 06:34:02.672050,Delhi,False,,,
CMP00778,6,ACC533612,DEMO0005910,35600,2026-08-27 07:43:02.672050,Pune,False,,,
CMP00778,7,ACC743911,MOCK0006495,35600,2026-08-27 08:15:02.672050,Lucknow,True,26.873205,81.015192,True
CMP00779,1,ACC722076,TEST0008598,48100,2026-08-19 19:55:06.672061,Hyderabad,False,,,
CMP00779,2,ACC694381,TEST0004552,44600,2026-08-19 20:03:06.672061,Hyderabad,False,,,
CMP00779,3,ACC112960,SYNTH0006471,43500,2026-08-19 21:10:06.672061,Kolkata,False,,,
CMP00779,4,ACC854942,DEMO0003707,42100,2026-08-19 21:38:06.672061,Lucknow,False,,,
CMP00779,5,ACC933621,SYNTH0002272,38800,2026-08-19 22:42:06.672061,Pune,False,,,
CMP00779,6,ACC100283,MOCK0001819,38800,2026-08-20 00:02:06.672061,Kolkata,True,22.547436,88.392397,False
CMP00780,1,ACC883714,SYNTH0006087,87300,2026-08-17 02:49:52.672073,Hyderabad,False,,,
CMP00780,2,ACC401021,SYNTH0006169,85300,2026-08-17 02:57:52.672073,Pune,False,,,
CMP00780,3,ACC297389,SYNTH0003901,82800,2026-08-17 03:51:52.672073,Pune,False,,,
CMP00780,4,ACC560952,DEMO0006818,82800,2026-08-17 04:30:52.672073,Pune,True,18.506294,73.861314,True
CMP00781,1,ACC698828,MOCK0007124,59000,2026-08-24 07:23:51.672084,Pune,False,,,
CMP00781,2,ACC280958,FAKE0005251,58200,2026-08-24 08:21:51.672084,Ahmedabad,False,,,
CMP00781,3,ACC597347,FAKE0003946,56300,2026-08-24 09:32:51.672084,Hyderabad,False,,,
CMP00781,4,ACC189263,DEMO0002499,56300,2026-08-24 09:58:51.672084,Hyderabad,True,17.382317,78.497893,True
CMP00782,1,ACC403978,DEMO0001303,17200,2026-08-27 12:16:36.672095,Hyderabad,False,,,
CMP00782,2,ACC623339,MOCK0006416,16400,2026-08-27 12:57:36.672095,Ahmedabad,False,,,
CMP00782,3,ACC121820,FAKE0007130,15300,2026-08-27 13:00:36.672095,Patna,False,,,
CMP00782,4,ACC817597,MOCK0006131,14800,2026-08-27 14:20:36.672095,Ahmedabad,False,,,
CMP00782,5,ACC620969,SYNTH0007508,14400,2026-08-27 14:46:36.672095,Kolkata,False,,,
CMP00782,6,ACC267728,MOCK0006186,13300,2026-08-27 15:42:36.672095,Hyderabad,False,,,
CMP00782,7,ACC293972,DEMO0008768,13300,2026-08-27 16:37:36.672095,Patna,True,25.603862,85.135019,True
CMP00783,1,ACC672091,SYNTH0006272,72600,2026-08-16 18:43:46.672106,Patna,False,,,
CMP00783,2,ACC681757,FAKE0002721,67500,2026-08-16 19:44:46.672106,Kolkata,False,,,
CMP00783,3,ACC233465,SYNTH0009518,63200,2026-08-16 20:40:46.672106,Lucknow,False,,,
CMP00783,4,ACC558858,FAKE0001639,58700,2026-08-16 20:57:46.672106,Ahmedabad,False,,,
CMP00783,5,ACC610859,MOCK0007850,57500,2026-08-16 21:53:46.672106,Kolkata,False,,,
CMP00783,6,ACC223295,TEST0005441,55200,2026-08-16 22:46:46.672106,Ahmedabad,False,,,
CMP00783,7,ACC489684,SYNTH0003318,55200,2026-08-16 23:54:46.672106,Ahmedabad,True,23.052416,72.556155,True
CMP00784,1,ACC125190,TEST0005102,87600,2026-08-12 02:03:46.672117,Kolkata,False,,,
CMP00784,2,ACC349937,FAKE0006465,87600,2026-08-12 02:36:46.672117,Kolkata,True,22.573822,88.364915,False
CMP00785,1,ACC435666,SYNTH0009092,84400,2026-08-22 21:35:57.672128,Bengaluru,False,,,
CMP00785,2,ACC433713,FAKE0007530,79500,2026-08-22 21:41:57.672128,Ahmedabad,False,,,
CMP00785,3,ACC755569,TEST0001849,74300,2026-08-22 23:05:57.672128,Hyderabad,False,,,
CMP00785,4,ACC892269,DEMO0006437,68400,2026-08-22 23:41:57.672128,Lucknow,False,,,
CMP00785,5,ACC132122,SYNTH0005580,68400,2026-08-23 01:10:57.672128,Delhi,True,28.637728,77.216178,True
CMP00786,1,ACC802615,FAKE0002175,135200,2026-08-09 09:39:28.672139,Mumbai,False,,,
CMP00786,2,ACC856379,DEMO0003224,125500,2026-08-09 11:03:28.672139,Mumbai,False,,,
CMP00786,3,ACC945091,DEMO0007974,120600,2026-08-09 11:15:28.672139,Mumbai,False,,,
CMP00786,4,ACC634160,DEMO0007303,115800,2026-08-09 12:36:28.672139,Mumbai,False,,,
CMP00786,5,ACC545405,MOCK0009161,115800,2026-08-09 13:23:28.672139,Mumbai,True,19.112914,72.912202,True
CMP00787,1,ACC965674,MOCK0008510,103500,2026-08-17 08:49:27.672149,Hyderabad,False,,,
CMP00787,2,ACC490904,MOCK0002656,102200,2026-08-17 08:56:27.672149,Kolkata,False,,,
CMP00787,3,ACC454180,TEST0007922,94500,2026-08-17 09:46:27.672149,Mumbai,False,,,
CMP00787,4,ACC883041,FAKE0008101,94500,2026-08-17 10:39:27.672149,Kolkata,True,22.544058,88.359059,True
CMP00788,1,ACC567318,FAKE0009575,80000,2026-08-29 11:04:05.672160,Hyderabad,False,,,
CMP00788,2,ACC794317,TEST0005245,80000,2026-08-29 11:16:05.672160,Ahmedabad,True,23.002229,72.539961,True
CMP00789,1,ACC660380,SYNTH0001211,49200,2026-08-10 10:07:56.672171,Kolkata,False,,,
CMP00789,2,ACC916639,TEST0003671,47000,2026-08-10 10:26:56.672171,Jaipur,False,,,
CMP00789,3,ACC627835,SYNTH0009612,45800,2026-08-10 10:41:56.672171,Kolkata,False,,,
CMP00789,4,ACC537619,FAKE0002909,43900,2026-08-10 11:51:56.672171,Mumbai,False,,,
CMP00789,5,ACC465124,TEST0003277,42500,2026-08-10 12:09:56.672171,Patna,False,,,
CMP00789,6,ACC900681,SYNTH0005991,39200,2026-08-10 13:07:56.672171,Ahmedabad,False,,,
CMP00789,7,ACC333159,SYNTH0004712,39200,2026-08-10 13:12:56.672171,Mumbai,True,19.060406,72.925551,True
CMP00790,1,ACC739008,TEST0004171,14600,2026-08-08 21:40:47.672182,Bengaluru,False,,,
CMP00790,2,ACC587467,FAKE0004396,13800,2026-08-08 21:42:47.672182,Ahmedabad,False,,,
CMP00790,3,ACC147702,MOCK0004478,13300,2026-08-08 23:02:47.672182,Lucknow,False,,,
CMP00790,4,ACC366776,TEST0005919,12400,2026-08-08 23:05:47.672182,Pune,False,,,
CMP00790,5,ACC219366,TEST0007488,11700,2026-08-09 00:11:47.672182,Delhi,False,,,
CMP00790,6,ACC972460,TEST0006536,11400,2026-08-09 01:25:47.672182,Delhi,False,,,
CMP00790,7,ACC935981,SYNTH0008888,11400,2026-08-09 02:53:47.672182,Patna,True,25.609438,85.11203,True
CMP00791,1,ACC258002,DEMO0005025,76100,2026-08-19 00:09:57.672193,Pune,False,,,
CMP00791,2,ACC431575,MOCK0009693,72100,2026-08-19 00:27:57.672193,Kolkata,False,,,
CMP00791,3,ACC925189,FAKE0001142,71000,2026-08-19 01:49:57.672193,Mumbai,False,,,
CMP00791,4,ACC194316,TEST0004326,68700,2026-08-19 01:57:57.672193,Bengaluru,False,,,
CMP00791,5,ACC981515,MOCK0006169,67700,2026-08-19 02:18:57.672193,Jaipur,False,,,
CMP00791,6,ACC598165,SYNTH0005747,65400,2026-08-19 03:34:57.672193,Kolkata,False,,,
CMP00791,7,ACC689181,SYNTH0003674,65400,2026-08-19 04:14:57.672193,Bengaluru,True,12.974432,77.558643,True
CMP00792,1,ACC419911,DEMO0008773,61500,2026-08-29 07:35:17.672205,Pune,False,,,
CMP00792,2,ACC123701,SYNTH0007892,60000,2026-08-29 08:00:17.672205,Patna,False,,,
CMP00792,3,ACC198957,SYNTH0008705,58500,2026-08-29 09:24:17.672205,Jaipur,False,,,
CMP00792,4,ACC588236,TEST0001394,55400,2026-08-29 10:18:17.672205,Patna,False,,,
CMP00792,5,ACC461702,TEST0009848,51600,2026-08-29 11:46:17.672205,Patna,False,,,
CMP00792,6,ACC138855,FAKE0002809,50600,2026-08-29 12:32:17.672205,Patna,False,,,
CMP00792,7,ACC709686,FAKE0003797,50600,2026-08-29 13:14:17.672205,Ahmedabad,True,22.990996,72.555991,False
CMP00793,1,ACC367558,DEMO0002461,67700,2026-08-11 04:52:29.672218,Ahmedabad,False,,,
CMP00793,2,ACC507374,TEST0003525,63300,2026-08-11 04:56:29.672218,Bengaluru,False,,,
CMP00793,3,ACC940014,TEST0003151,60800,2026-08-11 05:13:29.672218,Ahmedabad,False,,,
CMP00793,4,ACC637555,DEMO0007358,59300,2026-08-11 06:00:29.672218,Jaipur,False,,,
CMP00793,5,ACC729502,DEMO0007033,57000,2026-08-11 07:02:29.672218,Ahmedabad,False,,,
CMP00793,6,ACC761322,FAKE0009410,57000,2026-08-11 08:22:29.672218,Ahmedabad,True,23.006526,72.538323,True
CMP00794,1,ACC231319,FAKE0009806,18300,2026-08-13 07:29:33.672229,Kolkata,False,,,
CMP00794,2,ACC834781,MOCK0009788,18100,2026-08-13 07:54:33.672229,Kolkata,False,,,
CMP00794,3,ACC977809,FAKE0004399,17200,2026-08-13 09:03:33.672229,Ahmedabad,False,,,
CMP00794,4,ACC728204,FAKE0008327,16200,2026-08-13 10:29:33.672229,Bengaluru,False,,,
CMP00794,5,ACC235073,SYNTH0002438,15400,2026-08-13 11:11:33.672229,Kolkata,False,,,
CMP00794,6,ACC889649,FAKE0009292,15200,2026-08-13 12:24:33.672229,Kolkata,False,,,
CMP00794,7,ACC670873,FAKE0005068,15200,2026-08-13 13:04:33.672229,Kolkata,True,22.577401,88.356172,True
CMP00795,1,ACC728397,DEMO0008440,21500,2026-08-28 11:58:28.672242,Patna,False,,,
CMP00795,2,ACC341509,SYNTH0006842,20100,2026-08-28 12:39:28.672242,Patna,False,,,
CMP00795,3,ACC654617,TEST0002837,18900,2026-08-28 12:59:28.672242,Patna,False,,,
CMP00795,4,ACC708783,MOCK0008527,18300,2026-08-28 14:00:28.672242,Patna,False,,,
CMP00795,5,ACC988568,SYNTH0001600,17000,2026-08-28 14:27:28.672242,Patna,False,,,
CMP00795,6,ACC635345,SYNTH0004198,16200,2026-08-28 15:11:28.672242,Patna,False,,,
CMP00795,7,ACC187184,FAKE0004293,16200,2026-08-28 15:28:28.672242,Lucknow,True,26.824184,80.96216,False
CMP00796,1,ACC789922,MOCK0007045,125600,2026-08-12 17:50:31.672252,Mumbai,False,,,
CMP00796,2,ACC329177,MOCK0009185,120700,2026-08-12 17:57:31.672252,Lucknow,False,,,
CMP00796,3,ACC364178,MOCK0006314,111400,2026-08-12 18:12:31.672252,Bengaluru,False,,,
CMP00796,4,ACC448176,TEST0008899,108900,2026-08-12 19:34:31.672252,Bengaluru,False,,,
CMP00796,5,ACC738093,DEMO0007264,108900,2026-08-12 19:44:31.672252,Lucknow,True,26.837222,80.94111,False
CMP00797,1,ACC833281,FAKE0004513,49100,2026-08-07 19:02:17.672263,Delhi,False,,,
CMP00797,2,ACC454877,MOCK0001852,45900,2026-08-07 20:09:17.672263,Delhi,False,,,
CMP00797,3,ACC766764,FAKE0003381,45400,2026-08-07 20:31:17.672263,Delhi,False,,,
CMP00797,4,ACC192422,SYNTH0007075,44700,2026-08-07 21:33:17.672263,Patna,False,,,
CMP00797,5,ACC520106,MOCK0005693,42300,2026-08-07 21:45:17.672263,Patna,False,,,
CMP00797,6,ACC911187,DEMO0008192,39400,2026-08-07 23:03:17.672263,Delhi,False,,,
CMP00797,7,ACC788793,MOCK0005685,39400,2026-08-07 23:06:17.672263,Delhi,True,28.611846,77.236932,False
CMP00798,1,ACC517959,TEST0009086,95000,2026-09-02 20:56:11.672275,Ahmedabad,False,,,
CMP00798,2,ACC280510,DEMO0005499,92400,2026-09-02 21:43:11.672275,Pune,False,,,
CMP00798,3,ACC505185,TEST0009536,88100,2026-09-02 21:45:11.672275,Pune,False,,,
CMP00798,4,ACC405314,TEST0002168,88100,2026-09-02 22:40:11.672275,Bengaluru,True,12.945866,77.560783,True
CMP00799,1,ACC391383,FAKE0003202,55100,2026-09-03 18:45:15.672286,Hyderabad,False,,,
CMP00799,2,ACC832900,TEST0009916,50800,2026-09-03 19:03:15.672286,Pune,False,,,
CMP00799,3,ACC318897,DEMO0004616,50800,2026-09-03 19:10:15.672286,Pune,True,18.497354,73.831601,False
CMP00800,1,ACC280141,TEST0008163,52000,2026-08-31 09:37:54.672297,Kolkata,False,,,
CMP00800,2,ACC926840,MOCK0005360,50900,2026-08-31 10:40:54.672297,Ahmedabad,False,,,
CMP00800,3,ACC480017,SYNTH0006224,49300,2026-08-31 11:32:54.672297,Bengaluru,False,,,
CMP00800,4,ACC714048,MOCK0003605,47500,2026-08-31 12:21:54.672297,Ahmedabad,False,,,
CMP00800,5,ACC467382,FAKE0009737,47000,2026-08-31 12:45:54.672297,Ahmedabad,False,,,
CMP00800,6,ACC934471,DEMO0003752,44300,2026-08-31 13:10:54.672297,Ahmedabad,False,,,
CMP00800,7,ACC679307,MOCK0005127,44300,2026-08-31 13:50:54.672297,Ahmedabad,True,23.017772,72.594441,True
